{"imagePath":"Soldier_04_tex.png","width":128,"name":"Soldier_04","SubTexture":[{"x":70,"y":1,"width":34,"name":"cape","height":45},{"x":108,"y":83,"width":10,"name":"shouder_l","height":14},{"x":108,"y":67,"width":11,"name":"forearm_l","height":14},{"x":106,"y":1,"width":15,"name":"hand_l","height":16},{"x":1,"y":61,"width":30,"name":"weapon_hand_l","height":30},{"x":38,"y":99,"width":8,"name":"thigh_l","height":11},{"y":93,"frameY":0,"height":17,"frameWidth":12,"frameX":0,"frameHeight":17,"width":12,"name":"calf_l","x":1},{"y":112,"frameY":0,"height":8,"frameWidth":20,"frameX":0,"frameHeight":8,"width":20,"name":"foot_l","x":1},{"y":61,"frameY":0,"height":31,"frameWidth":28,"frameX":0,"frameHeight":31,"width":28,"name":"pelvis","x":33},{"x":28,"y":99,"width":8,"name":"thigh_r","height":11},{"y":19,"frameY":0,"height":17,"frameWidth":12,"frameX":0,"frameHeight":17,"width":12,"name":"calf_r","x":106},{"y":112,"frameY":0,"height":8,"frameWidth":20,"frameX":0,"frameHeight":8,"width":20,"name":"foot_r","x":23},{"y":53,"frameY":0,"height":12,"frameWidth":13,"frameX":0,"frameHeight":12,"width":13,"name":"shouder_r","x":108},{"x":1,"y":1,"width":67,"name":"chest","height":58},{"x":15,"y":93,"width":11,"name":"forearm_r","height":17},{"x":108,"y":38,"width":14,"name":"hand_r","height":13},{"y":48,"frameY":0,"height":39,"frameWidth":36,"frameX":0,"frameHeight":39,"width":36,"name":"we_bl_4_f_1","x":70}],"height":128}