{
  "version": "1.1.1",
  "windows": {
    "main": {
      "main": true,
      "url": "app://editor/index.html",
      "windowType": "dockable",
      "x": 320,
      "y": 160,
      "width": 1280,
      "height": 720,
      "layout": {
        "children": [
          {
            "children": [
              {
                "active": 0,
                "children": [
                  "hierarchy"
                ],
                "height": 299.984375,
                "type": "panel",
                "width": 204
              },
              {
                "active": 0,
                "children": [
                  "assets"
                ],
                "height": 299,
                "type": "panel",
                "width": 204
              }
            ],
            "height": 602,
            "type": "dock-v",
            "width": 204
          },
          {
            "children": [
              {
                "children": [
                  {
                    "active": 0,
                    "children": [
                      "scene"
                    ],
                    "height": 299,
                    "type": "panel",
                    "width": 483
                  },
                  {
                    "active": 0,
                    "children": [
                      "node-library"
                    ],
                    "height": 299,
                    "type": "panel",
                    "width": 264
                  }
                ],
                "height": 299,
                "type": "dock-h",
                "width": 750
              },
              {
                "active": 0,
                "children": [
                  "console",
                  "timeline",
                  "game-window"
                ],
                "height": 299.984375,
                "type": "panel",
                "width": 750
              }
            ],
            "height": 602,
            "type": "dock-v",
            "width": 750
          },
          {
            "active": 0,
            "children": [
              "inspector",
              "cocos-services"
            ],
            "height": 602,
            "type": "panel",
            "width": 304
          }
        ],
        "type": "dock-h"
      },
      "panels": [
        "hierarchy",
        "assets",
        "scene",
        "node-library",
        "console",
        "timeline",
        "game-window",
        "inspector",
        "cocos-services"
      ]
    },
    "worker": {},
    "window-1588648175260": {}
  },
  "panels": {
    "project-settings": {
      "x": 672,
      "y": 240,
      "width": 600,
      "height": 565
    }
  },
  "panelLabelWidth": {
    "inspector": null
  },
  "panelLabelWidth.inspector": null
}
