{"frameRate":24,"name":"Level_2","version":"5.5","compatibleVersion":"5.5","armature":[{"type":"Armature","frameRate":24,"name":"Level_2","aabb":{"x":-155.04,"y":-340.54,"width":310.08,"height":288.32},"bone":[{"name":"root"}],"slot":[{"name":"Body","parent":"root"},{"name":"Led","parent":"root"},{"name":"Led2","parent":"root"},{"name":"Led6","parent":"root"},{"name":"Led7","parent":"root"},{"name":"Led5","parent":"root"}],"skin":[{"slot":[{"name":"Led7","display":[{"name":"Led","transform":{"x":-101.35,"y":-229.48}}]},{"name":"Led6","display":[{"name":"Led","transform":{"x":-43.95,"y":-255.63}}]},{"name":"Led2","display":[{"name":"Led","transform":{"x":-2.2,"y":-178.51}}]},{"name":"Body","display":[{"name":"Body","transform":{"y":-196.38}}]},{"name":"Led","display":[{"name":"Led","transform":{"x":81.79,"y":-221.32}}]},{"name":"Led5","display":[{"name":"Led","transform":{"x":39.71,"y":-297.58}}]}]}],"animation":[{"duration":60,"playTimes":0,"name":"Idle","slot":[{"name":"Led","displayFrame":[{"duration":20},{"duration":10,"value":-1},{"duration":20},{"duration":10,"value":-1},{"duration":0}]},{"name":"Led2","displayFrame":[{"duration":20},{"duration":10,"value":-1},{"duration":10},{"duration":10,"value":-1},{"duration":10}]},{"name":"Led6","displayFrame":[{"duration":20},{"duration":10,"value":-1},{"duration":10},{"duration":10,"value":-1},{"duration":10}]},{"name":"Led7","displayFrame":[{"duration":40},{"duration":10,"value":-1},{"duration":10}]},{"name":"Led5","displayFrame":[{"duration":10},{"duration":10,"value":-1},{"duration":30},{"duration":10,"value":-1},{"duration":0}]}]},{"duration":60,"playTimes":0,"name":"Producing","slot":[{"name":"Led","displayFrame":[{"duration":20},{"duration":10,"value":-1},{"duration":20},{"duration":10,"value":-1},{"duration":0}]},{"name":"Led2","displayFrame":[{"duration":20},{"duration":10,"value":-1},{"duration":10},{"duration":10,"value":-1},{"duration":10}]},{"name":"Led6","displayFrame":[{"duration":20},{"duration":10,"value":-1},{"duration":10},{"duration":10,"value":-1},{"duration":10}]},{"name":"Led7","displayFrame":[{"duration":40},{"duration":10,"value":-1},{"duration":10}]},{"name":"Led5","displayFrame":[{"duration":10},{"duration":10,"value":-1},{"duration":30},{"duration":10,"value":-1},{"duration":0}]}]}],"defaultActions":[{"gotoAndPlay":"Idle"}]}]}