[{"__type__":"cc.SceneAsset","_name":"game","scene":{"__id__":1},"asyncLoadAssets":null},{"__type__":"cc.Scene","_name":"New Node","_children":[{"__id__":2}],"_active":false,"_anchorPoint":{"__type__":"cc.Vec2"},"autoReleaseAssets":false},{"__type__":"cc.Node","_name":"Canvas","_parent":{"__id__":1},"_children":[{"__id__":3},{"__id__":4}],"_level":1,"_components":[{"__type__":"cc.Canvas","node":{"__id__":2},"_designResolution":{"__type__":"cc.Size","width":1080,"height":1920.0000000000002},"_fitWidth":true}],"_contentSize":{"__type__":"cc.Size","width":1080,"height":1920.0000000000002},"_position":{"__type__":"cc.Vec3","x":540,"y":960.0000000000001},"_id":"a0HLmU825KK7RCbOsTdnhN"},{"__type__":"cc.Node","_name":"Main Camera","_parent":{"__id__":2},"_level":2,"_components":[{"__type__":"cc.Camera","node":{"__id__":3},"_clearFlags":7,"_depth":-1,"_nearClip":0.1}]},{"__type__":"cc.Node","_name":"GameApp","_parent":{"__id__":2},"_level":2,"_components":[{"__type__":"2259c0KoNREWIQJIJaOZws/","node":{"__id__":4}}]}]