{"frameRate":24,"name":"Level_1","version":"5.5","compatibleVersion":"5.5","armature":[{"type":"Armature","frameRate":24,"name":"Level_1","aabb":{"x":-152.62,"y":-319.58,"width":268.6,"height":272},"bone":[{"name":"root","transform":{"y":-112.7984}}],"slot":[{"name":"Body","parent":"root"},{"name":"Logo","parent":"root"},{"name":"Icon","parent":"root"}],"skin":[{"slot":[{"name":"Logo","display":[{"name":"Logo","transform":{"x":-76.67,"y":-62.51}}]},{"name":"Icon","display":[{"name":"Icon","transform":{"x":-129.21,"y":-46.09}}]},{"name":"Body","display":[{"name":"Body","transform":{"x":-18.32,"y":-70.78}}]}]}],"animation":[{"duration":60,"playTimes":0,"name":"Idle","slot":[{"name":"Logo","displayFrame":[{"duration":10},{"duration":10,"value":-1},{"duration":30},{"duration":10,"value":-1},{"duration":0}]},{"name":"Icon","displayFrame":[{"duration":10},{"duration":10,"value":-1},{"duration":10},{"duration":10,"value":-1},{"duration":10},{"duration":10,"value":-1},{"duration":0}]}]},{"duration":60,"playTimes":0,"name":"Producing","slot":[{"name":"Logo","displayFrame":[{"duration":10},{"duration":10,"value":-1},{"duration":30},{"duration":10,"value":-1},{"duration":0}]},{"name":"Icon","displayFrame":[{"duration":10},{"duration":10,"value":-1},{"duration":10},{"duration":10,"value":-1},{"duration":10},{"duration":10,"value":-1},{"duration":0}]}]}],"defaultActions":[{"gotoAndPlay":"Idle"}]}]}