{"frameRate":24,"name":"Level_9","version":"5.5","compatibleVersion":"5.5","armature":[{"type":"Armature","frameRate":24,"name":"Level_9","aabb":{"x":-152.6,"y":-375.97,"width":305.32,"height":342.69},"bone":[{"name":"root","transform":{"y":-112.7984}},{"length":36.04,"name":"Chimney","parent":"root","transform":{"x":35.734,"y":-165.648,"skX":-89.7297,"skY":-89.7297}},{"name":"Bread1","parent":"root","transform":{"x":5.304,"y":-11.764000000000001}},{"name":"smoke","parent":"root","transform":{"x":37.30854,"y":-227.84012000000004}},{"name":"smoke1","parent":"root","transform":{"x":31.957076,"y":-219.720716}},{"name":"smoke2","parent":"root","transform":{"x":37.30854,"y":-227.84012000000004}}],"slot":[{"name":"Chimney","parent":"Chimney"},{"name":"Body","parent":"root"},{"name":"Logo","parent":"root"},{"name":"Bread1","parent":"Bread1"},{"name":"Icon","parent":"root"},{"name":"heat","parent":"smoke"},{"name":"heat1","parent":"smoke1"},{"name":"heat2","parent":"smoke2"}],"skin":[{"slot":[{"name":"Logo","display":[{"name":"Logo","transform":{"x":-76.67,"y":-62.51}}]},{"name":"heat","display":[{"name":"heat","transform":{"x":0.26,"y":-0.31}}]},{"name":"heat2","display":[{"name":"heat","transform":{"x":0.26,"y":-0.31}}]},{"name":"heat1","display":[{"name":"heat","transform":{"x":0.26,"y":-0.31}}]},{"name":"Bread1","display":[{"name":"Bread1","transform":{"x":5.26,"y":0.49}}]},{"name":"Body","display":[{"name":"Body","transform":{"x":0.06,"y":-62.94}}]},{"name":"Chimney","display":[{"name":"Chimney","transform":{"x":17.94,"y":0.39,"skX":89.73,"skY":89.73}}]},{"name":"Icon","display":[{"name":"Icon","transform":{"x":-129.21,"y":-46.09}}]}]}],"animation":[{"duration":70,"playTimes":0,"name":"Idle","bone":[{"name":"Chimney","scaleFrame":[{"duration":2,"tweenEasing":0,"y":1.11},{"duration":2,"tweenEasing":0,"x":0.98,"y":1.11},{"duration":2,"tweenEasing":0,"x":0.96,"y":1.1},{"duration":2,"tweenEasing":0,"x":0.94,"y":1.11},{"duration":2,"tweenEasing":0,"x":0.92,"y":1.11},{"duration":2,"tweenEasing":0,"x":0.9,"y":1.13},{"duration":2,"tweenEasing":0,"x":0.94,"y":1.12},{"tweenEasing":0,"x":0.98,"y":1.12},{"duration":10,"tweenEasing":0,"y":1.11},{"duration":5,"tweenEasing":0,"x":0.9,"y":1.13},{"duration":2,"tweenEasing":0,"y":1.11},{"duration":2,"tweenEasing":0,"x":0.98,"y":1.11},{"duration":2,"tweenEasing":0,"x":0.96,"y":1.1},{"duration":2,"tweenEasing":0,"x":0.94,"y":1.11},{"duration":2,"tweenEasing":0,"x":0.92,"y":1.11},{"duration":5,"tweenEasing":0,"x":0.9,"y":1.13},{"duration":10,"tweenEasing":0,"y":1.11},{"duration":5,"tweenEasing":0,"x":0.9,"y":1.13},{"duration":10,"y":1.11}]},{"name":"Bread1","translateFrame":[{"duration":10,"tweenEasing":0},{"duration":10,"tweenEasing":0,"y":-7.69},{"duration":10,"tweenEasing":0,"y":-1.29},{"duration":10,"tweenEasing":0,"y":-9.52},{"duration":30,"y":4.65}]},{"name":"smoke","translateFrame":[{"duration":70,"tweenEasing":0,"x":-0.97,"y":15.21},{"duration":0,"x":37.04,"y":-10.22}],"rotateFrame":[{"duration":20,"tweenEasing":0},{"duration":30,"tweenEasing":0,"rotate":120},{"duration":20,"tweenEasing":0,"rotate":-120},{"duration":0}],"scaleFrame":[{"duration":70,"tweenEasing":0,"x":0.5,"y":0.5},{"duration":0,"x":1.01,"y":1.01}]},{"name":"smoke1","translateFrame":[{"duration":70,"tweenEasing":0,"x":-0.97,"y":15.21},{"duration":0,"x":37.04,"y":-10.22}],"rotateFrame":[{"duration":16,"tweenEasing":0},{"duration":24,"tweenEasing":0,"rotate":120},{"duration":30,"tweenEasing":0,"rotate":-120},{"duration":0}],"scaleFrame":[{"duration":70,"tweenEasing":0,"x":0.5,"y":0.5},{"duration":0,"x":1.01,"y":1.01}]},{"name":"smoke2","translateFrame":[{"duration":70,"tweenEasing":0,"x":-2.69,"y":24.96},{"duration":0,"x":28.49,"y":-3.09}],"rotateFrame":[{"duration":12},{"duration":18,"tweenEasing":0},{"duration":24,"tweenEasing":0,"rotate":120},{"duration":16,"tweenEasing":0,"rotate":-120},{"duration":0}],"scaleFrame":[{"duration":70,"tweenEasing":0,"x":0.5,"y":0.5},{"duration":0,"x":1.01,"y":1.01}]}],"slot":[{"name":"Logo","displayFrame":[{"duration":10},{"duration":10,"value":-1},{"duration":30},{"duration":10,"value":-1},{"duration":10}]},{"name":"Icon","displayFrame":[{"duration":10},{"duration":10,"value":-1},{"duration":10},{"duration":10,"value":-1},{"duration":10},{"duration":10,"value":-1},{"duration":10}]},{"name":"heat","colorFrame":[{"duration":16,"tweenEasing":0,"value":{"aM":0}},{"duration":24},{"duration":30,"tweenEasing":0},{"duration":0,"value":{"aM":0}}]},{"name":"heat1","colorFrame":[{"duration":30,"tweenEasing":0,"value":{"aM":0}},{"duration":20,"tweenEasing":0},{"duration":20,"tweenEasing":0},{"duration":0,"value":{"aM":0}}]},{"name":"heat2","colorFrame":[{"duration":12},{"duration":18,"tweenEasing":0,"value":{"aM":0}},{"duration":30},{"duration":10,"tweenEasing":0},{"duration":0,"value":{"aM":0}}]}]},{"duration":70,"playTimes":0,"name":"Producing","bone":[{"name":"Chimney","scaleFrame":[{"duration":2,"tweenEasing":0,"y":1.11},{"duration":2,"tweenEasing":0,"x":0.98,"y":1.11},{"duration":2,"tweenEasing":0,"x":0.96,"y":1.1},{"duration":2,"tweenEasing":0,"x":0.94,"y":1.11},{"duration":2,"tweenEasing":0,"x":0.92,"y":1.11},{"duration":2,"tweenEasing":0,"x":0.9,"y":1.13},{"duration":2,"tweenEasing":0,"x":0.94,"y":1.12},{"tweenEasing":0,"x":0.98,"y":1.12},{"duration":10,"tweenEasing":0,"y":1.11},{"duration":5,"tweenEasing":0,"x":0.9,"y":1.13},{"duration":2,"tweenEasing":0,"y":1.11},{"duration":2,"tweenEasing":0,"x":0.98,"y":1.11},{"duration":2,"tweenEasing":0,"x":0.96,"y":1.1},{"duration":2,"tweenEasing":0,"x":0.94,"y":1.11},{"duration":2,"tweenEasing":0,"x":0.92,"y":1.11},{"duration":5,"tweenEasing":0,"x":0.9,"y":1.13},{"duration":10,"tweenEasing":0,"y":1.11},{"duration":5,"tweenEasing":0,"x":0.9,"y":1.13},{"duration":10,"y":1.11}]},{"name":"Bread1","translateFrame":[{"duration":10,"tweenEasing":0},{"duration":10,"tweenEasing":0,"y":-7.69},{"duration":10,"tweenEasing":0,"y":-1.29},{"duration":10,"tweenEasing":0,"y":-9.52},{"duration":30,"y":4.65}]},{"name":"smoke","translateFrame":[{"duration":70,"tweenEasing":0,"x":-0.97,"y":15.21},{"duration":0,"x":37.04,"y":-10.22}],"rotateFrame":[{"duration":20,"tweenEasing":0},{"duration":30,"tweenEasing":0,"rotate":120},{"duration":20,"tweenEasing":0,"rotate":-120},{"duration":0}],"scaleFrame":[{"duration":70,"tweenEasing":0,"x":0.5,"y":0.5},{"duration":0,"x":1.01,"y":1.01}]},{"name":"smoke1","translateFrame":[{"duration":70,"tweenEasing":0,"x":-0.97,"y":15.21},{"duration":0,"x":37.04,"y":-10.22}],"rotateFrame":[{"duration":16,"tweenEasing":0},{"duration":24,"tweenEasing":0,"rotate":120},{"duration":30,"tweenEasing":0,"rotate":-120},{"duration":0}],"scaleFrame":[{"duration":70,"tweenEasing":0,"x":0.5,"y":0.5},{"duration":0,"x":1.01,"y":1.01}]},{"name":"smoke2","translateFrame":[{"duration":70,"tweenEasing":0,"x":-2.69,"y":24.96},{"duration":0,"x":28.49,"y":-3.09}],"rotateFrame":[{"duration":12},{"duration":18,"tweenEasing":0},{"duration":24,"tweenEasing":0,"rotate":120},{"duration":16,"tweenEasing":0,"rotate":-120},{"duration":0}],"scaleFrame":[{"duration":70,"tweenEasing":0,"x":0.5,"y":0.5},{"duration":0,"x":1.01,"y":1.01}]}],"slot":[{"name":"heat","colorFrame":[{"duration":16,"tweenEasing":0,"value":{"aM":0}},{"duration":24},{"duration":30,"tweenEasing":0},{"duration":0,"value":{"aM":0}}]},{"name":"heat1","colorFrame":[{"duration":30,"tweenEasing":0,"value":{"aM":0}},{"duration":20,"tweenEasing":0},{"duration":16,"tweenEasing":0},{"duration":4,"value":{"aM":0}}]},{"name":"heat2","colorFrame":[{"duration":12},{"duration":18,"tweenEasing":0,"value":{"aM":0}},{"duration":30},{"duration":4,"tweenEasing":0},{"duration":6,"value":{"aM":0}}]}]}],"defaultActions":[{"gotoAndPlay":"Idle"}]}]}