{"frameRate":24,"name":"Level_2","version":"5.5","compatibleVersion":"5.5","armature":[{"type":"Armature","frameRate":24,"name":"Level_2","aabb":{"x":-152.66,"y":-301.17,"width":305.32,"height":267.92},"bone":[{"name":"root","transform":{"y":-112.7984}}],"slot":[{"name":"Body","parent":"root"},{"name":"Logo","parent":"root"},{"name":"Icon","parent":"root"}],"skin":[{"slot":[{"name":"Logo","display":[{"name":"Logo","transform":{"x":-76.67,"y":-62.51}}]},{"name":"Icon","display":[{"name":"Icon","transform":{"x":-129.21,"y":-46.09}}]},{"name":"Body","display":[{"name":"Body","transform":{"y":-54.41}}]}]}],"animation":[{"duration":60,"playTimes":0,"name":"Idle","slot":[{"name":"Logo","displayFrame":[{"duration":10},{"duration":10,"value":-1},{"duration":30},{"duration":10,"value":-1},{"duration":0}]},{"name":"Icon","displayFrame":[{"duration":10},{"duration":10,"value":-1},{"duration":10},{"duration":10,"value":-1},{"duration":10},{"duration":10,"value":-1},{"duration":0}]}]},{"duration":60,"playTimes":0,"name":"Producing","slot":[{"name":"Logo","displayFrame":[{"duration":10},{"duration":10,"value":-1},{"duration":30},{"duration":10,"value":-1},{"duration":0}]},{"name":"Icon","displayFrame":[{"duration":10},{"duration":10,"value":-1},{"duration":10},{"duration":10,"value":-1},{"duration":10},{"duration":10,"value":-1},{"duration":0}]}]}],"defaultActions":[{"gotoAndPlay":"Idle"}]}]}