{"frameRate":24,"name":"Level_8","version":"5.5","compatibleVersion":"5.5","armature":[{"type":"Armature","frameRate":24,"name":"Level_8","aabb":{"x":-152.6,"y":-315.43,"width":305.32,"height":281.89},"bone":[{"name":"root","transform":{"y":-112.7984}},{"length":36.04,"name":"Chimney","parent":"root","transform":{"x":35.734,"y":-165.648,"skX":-89.7297,"skY":-89.7297}}],"slot":[{"name":"Body","parent":"root"},{"name":"Logo","parent":"root"},{"name":"Icon","parent":"root"},{"name":"Chimney","parent":"Chimney"}],"skin":[{"slot":[{"name":"Icon","display":[{"name":"Icon","transform":{"x":-129.21,"y":-46.09}}]},{"name":"Logo","display":[{"name":"Logo","transform":{"x":-76.67,"y":-62.51}}]},{"name":"Body","display":[{"name":"Body","transform":{"x":0.06,"y":-51.64}}]},{"name":"Chimney","display":[{"name":"Chimney","transform":{"x":17.94,"y":0.39,"skX":89.73,"skY":89.73}}]}]}],"animation":[{"duration":60,"playTimes":0,"name":"Idle","bone":[{"name":"Chimney","scaleFrame":[{"duration":2,"tweenEasing":0,"y":1.11},{"duration":2,"tweenEasing":0,"x":0.98,"y":1.11},{"duration":2,"tweenEasing":0,"x":0.96,"y":1.1},{"duration":2,"tweenEasing":0,"x":0.94,"y":1.11},{"duration":2,"tweenEasing":0,"x":0.92,"y":1.11},{"duration":2,"tweenEasing":0,"x":0.9,"y":1.13},{"duration":2,"tweenEasing":0,"x":0.94,"y":1.12},{"tweenEasing":0,"x":0.98,"y":1.12},{"duration":10,"tweenEasing":0,"y":1.11},{"duration":5,"tweenEasing":0,"x":0.9,"y":1.13},{"duration":2,"tweenEasing":0,"y":1.11},{"duration":2,"tweenEasing":0,"x":0.98,"y":1.11},{"duration":2,"tweenEasing":0,"x":0.96,"y":1.1},{"duration":2,"tweenEasing":0,"x":0.94,"y":1.11},{"duration":2,"tweenEasing":0,"x":0.92,"y":1.11},{"duration":5,"tweenEasing":0,"x":0.9,"y":1.13},{"duration":10,"tweenEasing":0,"y":1.11},{"duration":5,"tweenEasing":0,"x":0.9,"y":1.13},{"duration":0,"y":1.11}]}],"slot":[{"name":"Logo","displayFrame":[{"duration":10},{"duration":10,"value":-1},{"duration":30},{"duration":10,"value":-1},{"duration":0}]},{"name":"Icon","displayFrame":[{"duration":10},{"duration":10,"value":-1},{"duration":10},{"duration":10,"value":-1},{"duration":10},{"duration":10,"value":-1},{"duration":0}]}]},{"duration":60,"playTimes":0,"name":"Producing","bone":[{"name":"Chimney","scaleFrame":[{"duration":2,"tweenEasing":0,"y":1.11},{"duration":2,"tweenEasing":0,"x":0.98,"y":1.11},{"duration":2,"tweenEasing":0,"x":0.96,"y":1.1},{"duration":2,"tweenEasing":0,"x":0.94,"y":1.11},{"duration":2,"tweenEasing":0,"x":0.92,"y":1.11},{"duration":2,"tweenEasing":0,"x":0.9,"y":1.13},{"duration":2,"tweenEasing":0,"x":0.94,"y":1.12},{"tweenEasing":0,"x":0.98,"y":1.12},{"duration":10,"tweenEasing":0,"y":1.11},{"duration":5,"tweenEasing":0,"x":0.9,"y":1.13},{"duration":2,"tweenEasing":0,"y":1.11},{"duration":2,"tweenEasing":0,"x":0.98,"y":1.11},{"duration":2,"tweenEasing":0,"x":0.96,"y":1.1},{"duration":2,"tweenEasing":0,"x":0.94,"y":1.11},{"duration":2,"tweenEasing":0,"x":0.92,"y":1.11},{"duration":5,"tweenEasing":0,"x":0.9,"y":1.13},{"duration":10,"tweenEasing":0,"y":1.11},{"duration":5,"tweenEasing":0,"x":0.9,"y":1.13},{"duration":0,"y":1.11}]}]}],"defaultActions":[{"gotoAndPlay":"Idle"}]}]}