{"frameRate":60,"name":"BuildaleDestroyed","version":"5.5","compatibleVersion":"5.5","armature":[{"type":"Armature","frameRate":60,"name":"BuildaleDestroyed","aabb":{"x":-159.2,"y":-285.22,"width":311.61,"height":273.24},"bone":[{"name":"root"},{"inheritScale":false,"length":51.6,"name":"leftShoulder","parent":"root","transform":{"x":-17.85066,"y":-207.70883999999998,"skX":156.8918,"skY":156.8918}},{"inheritScale":false,"name":"fire","parent":"root","transform":{"x":114.01428,"y":-159.48905999999997,"skX":-17.8154,"skY":-17.8154,"scX":-0.7051,"scY":0.7641}},{"inheritScale":false,"length":64.8,"name":"rightArm","parent":"root","transform":{"x":33.80388,"y":-178.19070000000002,"skX":46.9769,"skY":46.9769}},{"inheritScale":false,"name":"effect3","parent":"root","transform":{"x":43.125,"y":-205.25496}},{"inheritScale":false,"length":64.2,"name":"leg","parent":"root","transform":{"x":-3.4143,"y":-10.57548,"skX":-85.7242,"skY":-85.7242}},{"inheritScale":false,"length":84.6,"name":"body","parent":"root","transform":{"x":0.68574,"y":-107.10882,"skX":-82.2714,"skY":-82.2714}},{"inheritScale":false,"length":45,"name":"rightShoulder","parent":"root","transform":{"x":37.567499999999995,"y":-194.81796,"skX":22.0857,"skY":22.0857}},{"inheritScale":false,"length":44.4,"name":"head","parent":"root","transform":{"x":9.14028,"y":-197.45430000000002,"skX":-83.4757,"skY":-83.4757}},{"inheritScale":false,"length":40.8,"name":"leftArm","parent":"root","transform":{"x":-55.4961,"y":-180.96342,"skX":122.5397,"skY":122.5397}},{"inheritScale":false,"name":"leftFire","parent":"root","transform":{"x":-120.80004,"y":-159.31998}},{"inheritScale":false,"name":"effect5","parent":"root","transform":{"x":-112.71432,"y":-124.48944,"skX":-72.4737,"skY":-72.4737}},{"inheritScale":false,"name":"effect6","parent":"root","transform":{"x":99.63336,"y":-112.77996}},{"inheritScale":false,"name":"leftFrontArm","parent":"leftArm","transform":{"x":62.2947,"y":8.93418,"skX":-39.1583,"skY":-39.1583}},{"inheritScale":false,"name":"rightFrontArm","parent":"rightArm","transform":{"x":63.18485999999999,"y":5.15412,"skX":10.7237,"skY":10.7237}},{"inheritScale":false,"name":"rightHand","parent":"rightFrontArm","transform":{"x":47.29836,"y":-2.80578,"skX":21.9835,"skY":21.9835}},{"inheritScale":false,"name":"leftHand","parent":"leftFrontArm","transform":{"x":59.39093999999999,"y":0.5868,"skX":-25.7356,"skY":-25.7356}}],"slot":[{"name":"fire","parent":"fire"},{"name":"rightArm","parent":"rightArm"},{"name":"rightFrontArm","parent":"rightFrontArm"},{"name":"rightHand","parent":"rightHand"},{"name":"leg","parent":"leg"},{"name":"body","parent":"body"},{"name":"rightShoulder","parent":"rightShoulder"},{"name":"head","parent":"head"},{"name":"leftArm","parent":"leftArm"},{"name":"leftFire","parent":"leftFire"},{"name":"leftShoulder","parent":"leftShoulder"},{"name":"leftFrontArm","parent":"leftFrontArm"},{"name":"leftHand","parent":"leftHand"},{"name":"effect3","parent":"effect3"},{"name":"effect5","parent":"effect5"},{"name":"effect6","parent":"effect6"}],"skin":[{"slot":[{"name":"leftFrontArm","display":[{"name":"yinmo06","transform":{"x":23.59,"y":3.67,"skX":-76.83,"skY":-76.83},"path":"Stone01"}]},{"name":"leftArm","display":[{"name":"yinmo05","transform":{"x":25.89,"y":0.35,"skX":-112.43,"skY":-112.43},"path":"Stone01"}]},{"name":"rightFrontArm","display":[{"name":"yinmo09","transform":{"x":14.02,"y":-4.47,"skX":-63.8,"skY":-63.8},"path":"Stone01"}]},{"name":"effect3","display":[{"name":"huomiao01"}]},{"name":"leftFire","display":[{"name":"gaum00","path":"Stone01"}]},{"name":"leftHand","display":[{"name":"yinmo07","transform":{"x":15.34,"y":-1.26,"skX":-66.8,"skY":-66.8},"path":"Stone01"}]},{"name":"fire","display":[{"name":"gaum00","path":"Stone01"}]},{"name":"effect5","display":[{"name":"huomiao01"}]},{"name":"head","display":[{"name":"yinmo01","transform":{"x":48.79,"y":-7.8,"skX":82.3,"skY":82.3},"path":"Stone01"}]},{"name":"leg","display":[{"name":"yinmoqe00","transform":{"x":39.86,"y":-0.57,"skX":85.72,"skY":85.72},"path":"Stone01"}]},{"name":"rightHand","display":[{"name":"yinmo10","transform":{"x":24.49,"y":-2.68,"skX":-63.84,"skY":-63.84},"path":"Stone01"}]},{"name":"rightShoulder","display":[{"name":"yinmo04","transform":{"x":23.51,"y":-30.82,"skX":-28.61,"skY":-28.61},"path":"Stone01"}]},{"name":"rightArm","display":[{"name":"yinmo08","transform":{"x":34.02,"y":-1.47,"skX":-54.4,"skY":-54.4},"path":"Stone01"}]},{"name":"effect6","display":[{"name":"huomiao01"}]},{"name":"leftShoulder","display":[{"name":"yinmo03","transform":{"x":38,"y":37.5,"skX":-154.62,"skY":-154.62},"path":"Stone01"}]},{"name":"body","display":[{"name":"yinmo02","transform":{"x":48.03,"y":-8.94,"skX":82.27,"skY":82.27},"path":"Stone01"}]}]}],"animation":[{"duration":20,"name":"Destroying","bone":[{"name":"effect5","translateFrame":[{"duration":17,"tweenEasing":0,"x":54,"y":12.86},{"duration":3,"x":31.71,"y":-86.57}],"rotateFrame":[{"duration":17,"tweenEasing":0,"rotate":30.08},{"duration":3,"rotate":46.89}]},{"name":"effect3","translateFrame":[{"duration":17,"tweenEasing":0,"x":-23,"y":84},{"duration":3,"x":33.33,"y":-73.67}],"rotateFrame":[{"duration":17,"tweenEasing":0,"rotate":31.61},{"duration":3,"rotate":-13.38}]},{"name":"leftFrontArm","translateFrame":[{"duration":20,"tweenEasing":0},{"duration":0,"x":4.8,"y":-27.2}],"rotateFrame":[{"duration":20,"tweenEasing":0},{"duration":0,"rotate":113.18}],"scaleFrame":[{"duration":20,"tweenEasing":0},{"duration":0,"x":1.05,"y":1.05}]},{"name":"leftShoulder","translateFrame":[{"duration":20,"tweenEasing":0},{"duration":0,"x":-1.52,"y":142.53}],"rotateFrame":[{"duration":20,"tweenEasing":0},{"duration":0,"rotate":-8.56}]},{"name":"leftFire","translateFrame":[{"duration":14,"tweenEasing":0},{"duration":6,"x":-6,"y":-18}]},{"name":"leftArm","translateFrame":[{"duration":20,"tweenEasing":0},{"duration":0,"x":10.75,"y":106.01}],"rotateFrame":[{"duration":20,"tweenEasing":0},{"duration":0,"rotate":-14.6}]},{"name":"head","translateFrame":[{"duration":20,"tweenEasing":0},{"duration":0,"x":-8.24,"y":137.25}],"rotateFrame":[{"duration":20,"tweenEasing":0},{"duration":0,"rotate":-25.43}]},{"name":"rightShoulder","translateFrame":[{"duration":20,"tweenEasing":0},{"duration":0,"x":-8.93,"y":122.27}],"rotateFrame":[{"duration":20,"tweenEasing":0},{"duration":0,"rotate":20.03}]},{"name":"body","translateFrame":[{"duration":20,"tweenEasing":0},{"duration":0,"x":37.33,"y":92.83}],"rotateFrame":[{"duration":20,"tweenEasing":0},{"duration":0,"rotate":-49.93}],"scaleFrame":[{"duration":20,"tweenEasing":0},{"duration":0,"y":0.9}]},{"name":"leg","translateFrame":[{"duration":17,"tweenEasing":0},{"duration":3,"x":-1.94,"y":-13.2}],"scaleFrame":[{"duration":17,"tweenEasing":0},{"duration":3,"x":1.55,"y":1.05}]},{"name":"rightHand","translateFrame":[{"duration":20,"tweenEasing":0,"x":-7.31,"y":-4.3},{"duration":0,"x":-3.87,"y":-6.1}],"rotateFrame":[{"duration":20,"tweenEasing":0,"rotate":11.7},{"duration":0,"rotate":-22.3}]},{"name":"rightFrontArm","translateFrame":[{"duration":20,"tweenEasing":0,"x":-1.11,"y":-0.05},{"duration":0,"x":-24.06,"y":13.36}],"rotateFrame":[{"duration":20,"tweenEasing":0,"rotate":21.7},{"duration":0,"rotate":12.5}],"scaleFrame":[{"duration":20,"tweenEasing":0},{"duration":0,"x":1.05,"y":1.05}]},{"name":"rightArm","translateFrame":[{"duration":20,"tweenEasing":0,"x":6.6,"y":9.3},{"duration":0,"x":-16.95,"y":158.03}],"rotateFrame":[{"duration":20,"tweenEasing":0,"rotate":-6.67},{"duration":0,"rotate":-52.69}]},{"name":"fire","translateFrame":[{"duration":14,"tweenEasing":0},{"duration":6,"x":-18,"y":-16}],"rotateFrame":[{"duration":14,"tweenEasing":0},{"duration":6,"rotate":10.58}]},{"name":"effect6","translateFrame":[{"duration":17,"tweenEasing":0,"x":10.47,"y":37.97},{"duration":3,"x":57.54,"y":-18.85}]},{"name":"leftHand","translateFrame":[{"duration":20,"tweenEasing":0},{"duration":0,"x":-2.48,"y":-0.35}],"rotateFrame":[{"duration":20,"tweenEasing":0},{"duration":0,"rotate":6.38}]}],"slot":[{"name":"effect5","colorFrame":[{"duration":17,"tweenEasing":0,"value":{"aM":0}},{"duration":3}]},{"name":"effect3","colorFrame":[{"duration":17,"tweenEasing":0,"value":{"aM":0}},{"duration":3}]},{"name":"leftFrontArm","colorFrame":[{"duration":20,"tweenEasing":0,"value":{"aM":0}},{"duration":0}]},{"name":"leftShoulder","colorFrame":[{"duration":20,"tweenEasing":0,"value":{"aM":0}},{"duration":0}]},{"name":"leftFire","colorFrame":[{"duration":20,"value":{"aM":0}}]},{"name":"leftArm","colorFrame":[{"duration":20,"value":{"aM":0}}]},{"name":"head","colorFrame":[{"duration":20,"tweenEasing":0,"value":{"aM":0}},{"duration":0}]},{"name":"rightShoulder","colorFrame":[{"duration":20,"tweenEasing":0,"value":{"aM":0}},{"duration":0}]},{"name":"body","colorFrame":[{"duration":20,"tweenEasing":0,"value":{"aM":0}},{"duration":0}]},{"name":"leg","colorFrame":[{"duration":20,"value":{"aM":0}}]},{"name":"rightHand","colorFrame":[{"duration":20,"tweenEasing":0,"value":{"aM":0}},{"duration":0}]},{"name":"rightFrontArm","colorFrame":[{"duration":20,"tweenEasing":0,"value":{"aM":0}},{"duration":0}]},{"name":"rightArm","colorFrame":[{"duration":20,"value":{"aM":0}}]},{"name":"fire","colorFrame":[{"duration":20,"value":{"aM":0}}]},{"name":"effect6","colorFrame":[{"duration":17,"tweenEasing":0,"value":{"aM":0}},{"duration":3}]},{"name":"leftHand","colorFrame":[{"duration":20,"tweenEasing":0,"value":{"aM":0}},{"duration":0}]}]}],"defaultActions":[{"gotoAndPlay":"Destroying"}]}]}