[
  {
    "__type__": "cc.Prefab",
    "_name": "",
    "_objFlags": 0,
    "_native": "",
    "data": {
      "__id__": 1
    },
    "optimizationPolicy": 0,
    "asyncLoadAssets": false
  },
  {
    "__type__": "cc.Node",
    "_name": "Longbow_b",
    "_objFlags": 0,
    "_parent": null,
    "_children": [
      {
        "__id__": 2
      }
    ],
    "_active": true,
    "_components": [
      {
        "__id__": 29
      }
    ],
    "_prefab": {
      "__id__": 30
    },
    "_lpos": {
      "__type__": "cc.Vec3",
      "x": 0,
      "y": 0,
      "z": 0
    },
    "_lrot": {
      "__type__": "cc.Quat",
      "x": 0,
      "y": 0,
      "z": 0,
      "w": 1
    },
    "_lscale": {
      "__type__": "cc.Vec3",
      "x": 1,
      "y": 1,
      "z": 1
    },
    "_layer": 1073741824,
    "_euler": {
      "__type__": "cc.Vec3",
      "x": 0,
      "y": 0,
      "z": 0
    },
    "_id": ""
  },
  {
    "__type__": "cc.Node",
    "_name": "RootNode",
    "_objFlags": 0,
    "_parent": {
      "__id__": 1
    },
    "_children": [
      {
        "__id__": 3
      },
      {
        "__id__": 6
      }
    ],
    "_active": true,
    "_components": [],
    "_prefab": {
      "__id__": 28
    },
    "_lpos": {
      "__type__": "cc.Vec3",
      "x": 0,
      "y": 0,
      "z": 0
    },
    "_lrot": {
      "__type__": "cc.Quat",
      "x": 0,
      "y": 0,
      "z": 0,
      "w": 1
    },
    "_lscale": {
      "__type__": "cc.Vec3",
      "x": 1,
      "y": 1,
      "z": 1
    },
    "_layer": 1073741824,
    "_euler": {
      "__type__": "cc.Vec3",
      "x": 0,
      "y": 0,
      "z": 0
    },
    "_id": ""
  },
  {
    "__type__": "cc.Node",
    "_name": "Longbow_b",
    "_objFlags": 0,
    "_parent": {
      "__id__": 2
    },
    "_children": [],
    "_active": true,
    "_components": [
      {
        "__id__": 4
      }
    ],
    "_prefab": {
      "__id__": 5
    },
    "_lpos": {
      "__type__": "cc.Vec3",
      "x": 0,
      "y": 0,
      "z": 0
    },
    "_lrot": {
      "__type__": "cc.Quat",
      "x": 0,
      "y": 0,
      "z": 0.7071067215818996,
      "w": 0.7071068407911906
    },
    "_lscale": {
      "__type__": "cc.Vec3",
      "x": 1,
      "y": 1,
      "z": 1
    },
    "_layer": 1073741824,
    "_euler": {
      "__type__": "cc.Vec3",
      "x": 0,
      "y": 0,
      "z": 90
    },
    "_id": ""
  },
  {
    "__type__": "cc.SkinningModelComponent",
    "_name": "",
    "_objFlags": 0,
    "node": {
      "__id__": 3
    },
    "_enabled": true,
    "_materials": [
      {
        "__uuid__": "44e38be6-c99e-4ee9-a6e0-58d62bb05c19@e1720"
      }
    ],
    "_visFlags": 0,
    "_enableDynamicBatching": false,
    "_mesh": {
      "__uuid__": "44e38be6-c99e-4ee9-a6e0-58d62bb05c19@1ef07"
    },
    "_shadowCastingMode": 0,
    "_receiveShadows": false,
    "_skeleton": {
      "__uuid__": "44e38be6-c99e-4ee9-a6e0-58d62bb05c19@438fe"
    },
    "_skinningRoot": {
      "__id__": 1
    },
    "_id": ""
  },
  {
    "__type__": "cc.PrefabInfo",
    "root": {
      "__id__": 1
    },
    "asset": {
      "__id__": 0
    },
    "fileId": "4dcsaUCqpNGITPSVASlchB",
    "sync": false,
    "_synced": {
      "default": false,
      "serializable": false
    }
  },
  {
    "__type__": "cc.Node",
    "_name": "Armature",
    "_objFlags": 0,
    "_parent": {
      "__id__": 2
    },
    "_children": [
      {
        "__id__": 7
      }
    ],
    "_active": true,
    "_components": [],
    "_prefab": {
      "__id__": 27
    },
    "_lpos": {
      "__type__": "cc.Vec3",
      "x": 0,
      "y": 0,
      "z": 0
    },
    "_lrot": {
      "__type__": "cc.Quat",
      "x": -0.7071068407911906,
      "y": 0,
      "z": 0,
      "w": 0.7071067215818996
    },
    "_lscale": {
      "__type__": "cc.Vec3",
      "x": 1,
      "y": 1,
      "z": 1
    },
    "_layer": 1073741824,
    "_euler": {
      "__type__": "cc.Vec3",
      "x": -90.0000096593463,
      "y": 0,
      "z": 0
    },
    "_id": ""
  },
  {
    "__type__": "cc.Node",
    "_name": "Master",
    "_objFlags": 0,
    "_parent": {
      "__id__": 6
    },
    "_children": [
      {
        "__id__": 8
      },
      {
        "__id__": 10
      },
      {
        "__id__": 18
      }
    ],
    "_active": true,
    "_components": [],
    "_prefab": {
      "__id__": 26
    },
    "_lpos": {
      "__type__": "cc.Vec3",
      "x": 0,
      "y": 0,
      "z": 0
    },
    "_lrot": {
      "__type__": "cc.Quat",
      "x": -0.4999998807907011,
      "y": 0.4999999403953461,
      "z": -0.5000001192092811,
      "w": 0.5000000596046361
    },
    "_lscale": {
      "__type__": "cc.Vec3",
      "x": 0.99999988079071,
      "y": 0.999999940395355,
      "z": 0.999999940395355
    },
    "_layer": 1073741824,
    "_euler": {
      "__type__": "cc.Vec3",
      "x": 0,
      "y": 89.99997950943118,
      "z": -90
    },
    "_id": ""
  },
  {
    "__type__": "cc.Node",
    "_name": "string",
    "_objFlags": 0,
    "_parent": {
      "__id__": 7
    },
    "_children": [],
    "_active": true,
    "_components": [],
    "_prefab": {
      "__id__": 9
    },
    "_lpos": {
      "__type__": "cc.Vec3",
      "x": -0.250199526548386,
      "y": -0.0394905284047127,
      "z": 1.2396738746645e-8
    },
    "_lrot": {
      "__type__": "cc.Quat",
      "x": 1.42069803865013e-14,
      "y": 2.71315240917393e-21,
      "z": 5.90276085117841e-21,
      "w": 1
    },
    "_lscale": {
      "__type__": "cc.Vec3",
      "x": 1,
      "y": 1,
      "z": 1
    },
    "_layer": 1073741824,
    "_euler": {
      "__type__": "cc.Vec3",
      "x": 1.6280000315433272e-12,
      "y": 3.109043644428256e-19,
      "z": 6.76406568495149e-19
    },
    "_id": ""
  },
  {
    "__type__": "cc.PrefabInfo",
    "root": {
      "__id__": 1
    },
    "asset": {
      "__id__": 0
    },
    "fileId": "52/U/+cnBIB4aY/ZnRkQYl",
    "sync": false,
    "_synced": {
      "default": false,
      "serializable": false
    }
  },
  {
    "__type__": "cc.Node",
    "_name": "Bow_a1",
    "_objFlags": 0,
    "_parent": {
      "__id__": 7
    },
    "_children": [
      {
        "__id__": 11
      }
    ],
    "_active": true,
    "_components": [],
    "_prefab": {
      "__id__": 17
    },
    "_lpos": {
      "__type__": "cc.Vec3",
      "x": -0.00216717459261417,
      "y": -0.159184768795967,
      "z": 5.8367493949163e-8
    },
    "_lrot": {
      "__type__": "cc.Quat",
      "x": -0.4645767452192434,
      "y": 0.5330747895739127,
      "z": 0.5330744915506924,
      "w": -0.4645764769983447
    },
    "_lscale": {
      "__type__": "cc.Vec3",
      "x": 0.999999940395355,
      "y": 1,
      "z": 1
    },
    "_layer": 1073741824,
    "_euler": {
      "__type__": "cc.Vec3",
      "x": -89.9999712759034,
      "y": 179.99999620431763,
      "z": -82.14455289506522
    },
    "_id": ""
  },
  {
    "__type__": "cc.Node",
    "_name": "Bow_a2",
    "_objFlags": 0,
    "_parent": {
      "__id__": 10
    },
    "_children": [
      {
        "__id__": 12
      }
    ],
    "_active": true,
    "_components": [],
    "_prefab": {
      "__id__": 16
    },
    "_lpos": {
      "__type__": "cc.Vec3",
      "x": 0.339855849742889,
      "y": 2.56583998492488e-8,
      "z": -5.96046501044611e-9
    },
    "_lrot": {
      "__type__": "cc.Quat",
      "x": -0.7053393101810845,
      "y": -0.049962475727839094,
      "z": -0.04996244220022651,
      "w": 0.7053396082043075
    },
    "_lscale": {
      "__type__": "cc.Vec3",
      "x": 1,
      "y": 1,
      "z": 1
    },
    "_layer": 1073741824,
    "_euler": {
      "__type__": "cc.Vec3",
      "x": -89.99997572003556,
      "y": -8.103515415462788,
      "z": 0.0000010036358550381183
    },
    "_id": ""
  },
  {
    "__type__": "cc.Node",
    "_name": "Bow_a3",
    "_objFlags": 0,
    "_parent": {
      "__id__": 11
    },
    "_children": [
      {
        "__id__": 13
      }
    ],
    "_active": true,
    "_components": [],
    "_prefab": {
      "__id__": 15
    },
    "_lpos": {
      "__type__": "cc.Vec3",
      "x": 0.245776951313019,
      "y": 9.5367438390781e-9,
      "z": 6.79999998231531e-15
    },
    "_lrot": {
      "__type__": "cc.Quat",
      "x": -2.126616705572291e-8,
      "y": 2.8277559266933412e-8,
      "z": -0.046012490040258265,
      "w": 0.9989408644961391
    },
    "_lscale": {
      "__type__": "cc.Vec3",
      "x": 0.99999988079071,
      "y": 0.99999988079071,
      "z": 1
    },
    "_layer": 1073741824,
    "_euler": {
      "__type__": "cc.Vec3",
      "x": -0.000002294962286794484,
      "y": 0.0000031380963417388383,
      "z": -5.274505238493902
    },
    "_id": ""
  },
  {
    "__type__": "cc.Node",
    "_name": "Bow_a4",
    "_objFlags": 0,
    "_parent": {
      "__id__": 12
    },
    "_children": [],
    "_active": true,
    "_components": [],
    "_prefab": {
      "__id__": 14
    },
    "_lpos": {
      "__type__": "cc.Vec3",
      "x": 0.224488198757172,
      "y": 9.53673584547232e-9,
      "z": 5.68000007989647e-15
    },
    "_lrot": {
      "__type__": "cc.Quat",
      "x": -1.4005482129942777e-7,
      "y": -3.0673408362232783e-8,
      "z": 0.018822347536874985,
      "w": 0.9998228439244526
    },
    "_lscale": {
      "__type__": "cc.Vec3",
      "x": 0.999999940395355,
      "y": 0.999999940395355,
      "z": 1
    },
    "_layer": 1073741824,
    "_euler": {
      "__type__": "cc.Vec3",
      "x": -0.00001599142911079979,
      "y": -0.000003214486914426269,
      "z": 2.1570095260685327
    },
    "_id": ""
  },
  {
    "__type__": "cc.PrefabInfo",
    "root": {
      "__id__": 1
    },
    "asset": {
      "__id__": 0
    },
    "fileId": "e7sYcEXZxKb7P5W2iQjujS",
    "sync": false,
    "_synced": {
      "default": false,
      "serializable": false
    }
  },
  {
    "__type__": "cc.PrefabInfo",
    "root": {
      "__id__": 1
    },
    "asset": {
      "__id__": 0
    },
    "fileId": "e67vnj1fFHGrr07xTtufXi",
    "sync": false,
    "_synced": {
      "default": false,
      "serializable": false
    }
  },
  {
    "__type__": "cc.PrefabInfo",
    "root": {
      "__id__": 1
    },
    "asset": {
      "__id__": 0
    },
    "fileId": "f2EFahM+dGNK9uMexQeVQY",
    "sync": false,
    "_synced": {
      "default": false,
      "serializable": false
    }
  },
  {
    "__type__": "cc.PrefabInfo",
    "root": {
      "__id__": 1
    },
    "asset": {
      "__id__": 0
    },
    "fileId": "bcZHbCGWRN8qAe/1NnkJ1u",
    "sync": false,
    "_synced": {
      "default": false,
      "serializable": false
    }
  },
  {
    "__type__": "cc.Node",
    "_name": "Bow_b1",
    "_objFlags": 0,
    "_parent": {
      "__id__": 7
    },
    "_children": [
      {
        "__id__": 19
      }
    ],
    "_active": true,
    "_components": [],
    "_prefab": {
      "__id__": 25
    },
    "_lpos": {
      "__type__": "cc.Vec3",
      "x": -0.00216716062277555,
      "y": 0.159184798598289,
      "z": -4.15739798143022e-8
    },
    "_lrot": {
      "__type__": "cc.Quat",
      "x": 0.4645764362775648,
      "y": 0.5330752284745885,
      "z": 0.5330745132188314,
      "w": 0.46457625746362574
    },
    "_lscale": {
      "__type__": "cc.Vec3",
      "x": 0.999999940395355,
      "y": 1,
      "z": 0.999999940395355
    },
    "_layer": 1073741824,
    "_euler": {
      "__type__": "cc.Vec3",
      "x": -89.99974997236849,
      "y": 179.9998013193916,
      "z": 82.14449609347527
    },
    "_id": ""
  },
  {
    "__type__": "cc.Node",
    "_name": "Bow_b2",
    "_objFlags": 0,
    "_parent": {
      "__id__": 18
    },
    "_children": [
      {
        "__id__": 20
      }
    ],
    "_active": true,
    "_components": [],
    "_prefab": {
      "__id__": 24
    },
    "_lpos": {
      "__type__": "cc.Vec3",
      "x": 0.339855879545212,
      "y": 2.56583998492488e-8,
      "z": -1.0813793843668e-13
    },
    "_lrot": {
      "__type__": "cc.Quat",
      "x": -0.7053396708283999,
      "y": 0.04996246104055941,
      "z": 0.04996237163359213,
      "w": 0.7053392535958865
    },
    "_lscale": {
      "__type__": "cc.Vec3",
      "x": 1.00000011920929,
      "y": 1.00000011920929,
      "z": 1
    },
    "_layer": 1073741824,
    "_euler": {
      "__type__": "cc.Vec3",
      "x": -90.0000332113346,
      "y": 8.103508490157003,
      "z": -0.000009615172228254772
    },
    "_id": ""
  },
  {
    "__type__": "cc.Node",
    "_name": "Bow_b3",
    "_objFlags": 0,
    "_parent": {
      "__id__": 19
    },
    "_children": [
      {
        "__id__": 21
      }
    ],
    "_active": true,
    "_components": [],
    "_prefab": {
      "__id__": 23
    },
    "_lpos": {
      "__type__": "cc.Vec3",
      "x": 0.245776951313019,
      "y": 2.86103087887568e-8,
      "z": 4.55000010650235e-15
    },
    "_lrot": {
      "__type__": "cc.Quat",
      "x": -2.1365223823799416e-7,
      "y": 1.1430302694923074e-8,
      "z": 0.04601248260545078,
      "w": 0.9989408648385736
    },
    "_lscale": {
      "__type__": "cc.Vec3",
      "x": 1,
      "y": 1,
      "z": 1
    },
    "_layer": 1073741824,
    "_euler": {
      "__type__": "cc.Vec3",
      "x": -0.000024621334475923273,
      "y": 0.000002445294827980885,
      "z": 5.274504385623949
    },
    "_id": ""
  },
  {
    "__type__": "cc.Node",
    "_name": "Bow_b4",
    "_objFlags": 0,
    "_parent": {
      "__id__": 20
    },
    "_children": [],
    "_active": true,
    "_components": [],
    "_prefab": {
      "__id__": 22
    },
    "_lpos": {
      "__type__": "cc.Vec3",
      "x": 0.22448818385601,
      "y": 4.15845133393093e-14,
      "z": 0
    },
    "_lrot": {
      "__type__": "cc.Quat",
      "x": 1.745533049562644e-7,
      "y": -1.2157092973227268e-8,
      "z": -0.01882235684680109,
      "w": 0.999822843749182
    },
    "_lscale": {
      "__type__": "cc.Vec3",
      "x": 0.999999940395355,
      "y": 0.999999940395355,
      "z": 1
    },
    "_layer": 1073741824,
    "_euler": {
      "__type__": "cc.Vec3",
      "x": 0.000019986732223230892,
      "y": -0.0000010170830135344478,
      "z": -2.1570105930962495
    },
    "_id": ""
  },
  {
    "__type__": "cc.PrefabInfo",
    "root": {
      "__id__": 1
    },
    "asset": {
      "__id__": 0
    },
    "fileId": "13oInQGONKLoCXhmyGAcyv",
    "sync": false,
    "_synced": {
      "default": false,
      "serializable": false
    }
  },
  {
    "__type__": "cc.PrefabInfo",
    "root": {
      "__id__": 1
    },
    "asset": {
      "__id__": 0
    },
    "fileId": "6cQx8gJddKb7WzHUw1gEtW",
    "sync": false,
    "_synced": {
      "default": false,
      "serializable": false
    }
  },
  {
    "__type__": "cc.PrefabInfo",
    "root": {
      "__id__": 1
    },
    "asset": {
      "__id__": 0
    },
    "fileId": "41MHe8EXBAI5m5uO8ZSwTl",
    "sync": false,
    "_synced": {
      "default": false,
      "serializable": false
    }
  },
  {
    "__type__": "cc.PrefabInfo",
    "root": {
      "__id__": 1
    },
    "asset": {
      "__id__": 0
    },
    "fileId": "71FgVJnfZJNqy71mI90K3p",
    "sync": false,
    "_synced": {
      "default": false,
      "serializable": false
    }
  },
  {
    "__type__": "cc.PrefabInfo",
    "root": {
      "__id__": 1
    },
    "asset": {
      "__id__": 0
    },
    "fileId": "9dCDWJ0bpHEZezo6C8qMiB",
    "sync": false,
    "_synced": {
      "default": false,
      "serializable": false
    }
  },
  {
    "__type__": "cc.PrefabInfo",
    "root": {
      "__id__": 1
    },
    "asset": {
      "__id__": 0
    },
    "fileId": "84wQr1VupMqZBB64bo/43C",
    "sync": false,
    "_synced": {
      "default": false,
      "serializable": false
    }
  },
  {
    "__type__": "cc.PrefabInfo",
    "root": {
      "__id__": 1
    },
    "asset": {
      "__id__": 0
    },
    "fileId": "ef8OYAgpJF4bRe31uVL/IP",
    "sync": false,
    "_synced": {
      "default": false,
      "serializable": false
    }
  },
  {
    "__type__": "cc.SkeletalAnimationComponent",
    "_name": "",
    "_objFlags": 0,
    "node": {
      "__id__": 1
    },
    "_enabled": true,
    "playOnLoad": false,
    "_clips": [
      {
        "__uuid__": "44e38be6-c99e-4ee9-a6e0-58d62bb05c19@ccd1e"
      },
      {
        "__uuid__": "44e38be6-c99e-4ee9-a6e0-58d62bb05c19@a6c68"
      },
      {
        "__uuid__": "44e38be6-c99e-4ee9-a6e0-58d62bb05c19@63ab1"
      }
    ],
    "_defaultClip": {
      "__uuid__": "44e38be6-c99e-4ee9-a6e0-58d62bb05c19@ccd1e"
    },
    "_sockets": [],
    "_id": ""
  },
  {
    "__type__": "cc.PrefabInfo",
    "root": {
      "__id__": 1
    },
    "asset": {
      "__id__": 0
    },
    "fileId": "17GVICf2pMNJSr2qgY/rSn",
    "sync": false,
    "_synced": {
      "default": false,
      "serializable": false
    }
  }
]