{
  "__type__": "cc.SkeletalAnimationClip",
  "_name": "Shoot",
  "_objFlags": 0,
  "_native": "",
  "sample": 30,
  "speed": 1,
  "wrapMode": 2,
  "curveDatas": {
    "RootNode/Armature/Master/string": {
      "props": {
        "position": {
          "keys": 0,
          "blending": "additive3D",
          "values": [
            {
              "__type__": "cc.Vec3",
              "x": -0.7559774518013,
              "y": -0.03949052840471268,
              "z": -2.57884256171792e-8
            },
            {
              "__type__": "cc.Vec3",
              "x": -0.4855384826660156,
              "y": -0.03949052840471268,
              "z": -1.9424232888809456e-8
            },
            {
              "__type__": "cc.Vec3",
              "x": -0.2226117104291916,
              "y": -0.03949052840471268,
              "z": -1.3060037495904453e-8
            },
            {
              "__type__": "cc.Vec3",
              "x": -0.2610544264316559,
              "y": -0.03949052840471268,
              "z": -6.695842991177869e-9
            },
            {
              "__type__": "cc.Vec3",
              "x": -0.2839179039001465,
              "y": -0.03949052840471268,
              "z": -3.31648764007042e-10
            },
            {
              "__type__": "cc.Vec3",
              "x": -0.2691304087638855,
              "y": -0.03949052840471268,
              "z": 6.032545574186088e-9
            },
            {
              "__type__": "cc.Vec3",
              "x": -0.2501995265483856,
              "y": -0.03949052840471268,
              "z": 1.2396738746645042e-8
            }
          ],
          "interpolate": true
        },
        "rotation": {
          "keys": 0,
          "blending": "additiveQuat",
          "values": [
            {
              "__type__": "cc.Quat",
              "x": -3.723758091158172e-14,
              "y": -0.017175422981381416,
              "z": 5.3916417996902055e-9,
              "w": 0.9998524785041809
            },
            {
              "__type__": "cc.Quat",
              "x": 1.0116563836648496e-10,
              "y": -0.03967694193124771,
              "z": 4.488419858006409e-9,
              "w": 0.9992125630378723
            },
            {
              "__type__": "cc.Quat",
              "x": 1.6183090978394432e-10,
              "y": -0.06215311214327812,
              "z": 3.5852265600766486e-9,
              "w": 0.9980666041374207
            },
            {
              "__type__": "cc.Quat",
              "x": 3.754063379601824e-11,
              "y": -0.03109324909746647,
              "z": 2.6942696962350965e-9,
              "w": 0.999516487121582
            },
            {
              "__type__": "cc.Quat",
              "x": -3.088907601922486e-11,
              "y": -5.553777228151404e-20,
              "z": 1.7980098521164223e-9,
              "w": 1
            },
            {
              "__type__": "cc.Quat",
              "x": -1.5437434316978305e-11,
              "y": -1.387778523579974e-20,
              "z": 8.990049260582111e-10,
              "w": 1
            },
            {
              "__type__": "cc.Quat",
              "x": 1.4206980386501263e-14,
              "y": -8.689795909075208e-31,
              "z": 1.2611686178923354e-44,
              "w": 1
            }
          ],
          "interpolate": true
        },
        "scale": {
          "blending": "additive3D",
          "keys": -1,
          "values": [
            {
              "__type__": "cc.Vec3",
              "x": 1,
              "y": 1,
              "z": 1
            }
          ]
        }
      }
    },
    "RootNode/Armature/Master/Bow_a1": {
      "props": {
        "rotation": {
          "keys": 0,
          "blending": "additiveQuat",
          "values": [
            {
              "__type__": "cc.Quat",
              "x": -0.4408819079399109,
              "y": 0.5528320074081421,
              "z": 0.5528318285942078,
              "w": -0.44088196754455566
            },
            {
              "__type__": "cc.Quat",
              "x": -0.4528379738330841,
              "y": 0.5430818200111389,
              "z": 0.5430816411972046,
              "w": -0.4528380334377289
            },
            {
              "__type__": "cc.Quat",
              "x": -0.46457651257514954,
              "y": 0.5330747961997986,
              "z": 0.5330746173858643,
              "w": -0.4645765721797943
            },
            {
              "__type__": "cc.Quat",
              "x": -0.46457651257514954,
              "y": 0.5330747961997986,
              "z": 0.5330746173858643,
              "w": -0.4645765721797943
            },
            {
              "__type__": "cc.Quat",
              "x": -0.46457651257514954,
              "y": 0.5330747961997986,
              "z": 0.5330746173858643,
              "w": -0.4645765721797943
            },
            {
              "__type__": "cc.Quat",
              "x": -0.46457651257514954,
              "y": 0.5330747961997986,
              "z": 0.5330746173858643,
              "w": -0.4645765721797943
            },
            {
              "__type__": "cc.Quat",
              "x": -0.46457651257514954,
              "y": 0.5330747961997986,
              "z": 0.5330746173858643,
              "w": -0.4645765721797943
            }
          ],
          "interpolate": true
        },
        "position": {
          "blending": "additive3D",
          "keys": -1,
          "values": [
            {
              "__type__": "cc.Vec3",
              "x": -0.00216717459261417,
              "y": -0.159184768795967,
              "z": 5.8367493949163e-8
            }
          ]
        },
        "scale": {
          "blending": "additive3D",
          "keys": -1,
          "values": [
            {
              "__type__": "cc.Vec3",
              "x": 0.999999940395355,
              "y": 1,
              "z": 1
            }
          ]
        }
      }
    },
    "RootNode/Armature/Master/Bow_a1/Bow_a2": {
      "props": {
        "rotation": {
          "keys": 0,
          "blending": "additiveQuat",
          "values": [
            {
              "__type__": "cc.Quat",
              "x": -0.7024887204170227,
              "y": -0.08068141341209412,
              "z": -0.08068136870861053,
              "w": 0.702488899230957
            },
            {
              "__type__": "cc.Quat",
              "x": -0.7040817141532898,
              "y": -0.06533616781234741,
              "z": -0.06533613055944443,
              "w": 0.7040818929672241
            },
            {
              "__type__": "cc.Quat",
              "x": -0.7053393721580505,
              "y": -0.04996247589588165,
              "z": -0.04996243864297867,
              "w": 0.7053395509719849
            },
            {
              "__type__": "cc.Quat",
              "x": -0.7053393721580505,
              "y": -0.049962468445301056,
              "z": -0.04996243491768837,
              "w": 0.7053395509719849
            },
            {
              "__type__": "cc.Quat",
              "x": -0.7053393721580505,
              "y": -0.049962468445301056,
              "z": -0.04996243491768837,
              "w": 0.7053395509719849
            },
            {
              "__type__": "cc.Quat",
              "x": -0.7053393721580505,
              "y": -0.049962468445301056,
              "z": -0.04996243491768837,
              "w": 0.7053395509719849
            },
            {
              "__type__": "cc.Quat",
              "x": -0.7053393721580505,
              "y": -0.049962468445301056,
              "z": -0.04996243491768837,
              "w": 0.7053395509719849
            }
          ],
          "interpolate": true
        },
        "position": {
          "blending": "additive3D",
          "keys": -1,
          "values": [
            {
              "__type__": "cc.Vec3",
              "x": 0.339855849742889,
              "y": 2.56583998492488e-8,
              "z": -5.96046501044611e-9
            }
          ]
        },
        "scale": {
          "blending": "additive3D",
          "keys": -1,
          "values": [
            {
              "__type__": "cc.Vec3",
              "x": 1,
              "y": 1,
              "z": 1
            }
          ]
        }
      }
    },
    "RootNode/Armature/Master/Bow_a1/Bow_a2/Bow_a3": {
      "props": {
        "rotation": {
          "keys": 0,
          "blending": "additiveQuat",
          "values": [
            {
              "__type__": "cc.Quat",
              "x": -1.7782582517611445e-8,
              "y": 1.4459736519256694e-8,
              "z": -0.08954189717769623,
              "w": 0.9959830641746521
            },
            {
              "__type__": "cc.Quat",
              "x": -1.8518896638397564e-8,
              "y": 1.6512736067397782e-8,
              "z": -0.06779148429632187,
              "w": 0.997699499130249
            },
            {
              "__type__": "cc.Quat",
              "x": -1.9352983215981112e-8,
              "y": 1.8539395796324243e-8,
              "z": -0.04601249471306801,
              "w": 0.9989408850669861
            },
            {
              "__type__": "cc.Quat",
              "x": -1.9831283282201184e-8,
              "y": 2.097393725364327e-8,
              "z": -0.04601248726248741,
              "w": 0.9989408850669861
            },
            {
              "__type__": "cc.Quat",
              "x": -2.0309583348421256e-8,
              "y": 2.3408484040032818e-8,
              "z": -0.04601248726248741,
              "w": 0.9989408850669861
            },
            {
              "__type__": "cc.Quat",
              "x": -2.0787885190998168e-8,
              "y": 2.5843023720995006e-8,
              "z": -0.04601248353719711,
              "w": 0.9989408850669861
            },
            {
              "__type__": "cc.Quat",
              "x": -2.126618525721824e-8,
              "y": 2.8277568731027714e-8,
              "z": -0.04601248353719711,
              "w": 0.9989408850669861
            }
          ],
          "interpolate": true
        },
        "position": {
          "blending": "additive3D",
          "keys": -1,
          "values": [
            {
              "__type__": "cc.Vec3",
              "x": 0.245776951313019,
              "y": 9.5367438390781e-9,
              "z": 6.79999998231531e-15
            }
          ]
        },
        "scale": {
          "blending": "additive3D",
          "keys": -1,
          "values": [
            {
              "__type__": "cc.Vec3",
              "x": 0.99999988079071,
              "y": 0.99999988079071,
              "z": 1
            }
          ]
        }
      }
    },
    "RootNode/Armature/Master/Bow_a1/Bow_a2/Bow_a3/Bow_a4": {
      "props": {
        "rotation": {
          "keys": 0,
          "blending": "additiveQuat",
          "values": [
            {
              "__type__": "cc.Quat",
              "x": -1.3621453831547115e-7,
              "y": -3.726590236396987e-8,
              "z": -0.024807212874293327,
              "w": 0.9996922612190247
            },
            {
              "__type__": "cc.Quat",
              "x": -1.362560055895301e-7,
              "y": -3.812584381535089e-8,
              "z": -0.0029912583995610476,
              "w": 0.9999955296516418
            },
            {
              "__type__": "cc.Quat",
              "x": -1.363245303309668e-7,
              "y": -3.9005822571880344e-8,
              "z": 0.018822357058525085,
              "w": 0.9998228549957275
            },
            {
              "__type__": "cc.Quat",
              "x": -1.3725711767165194e-7,
              "y": -3.692271377531142e-8,
              "z": 0.018822355195879936,
              "w": 0.9998228549957275
            },
            {
              "__type__": "cc.Quat",
              "x": -1.3818967659062764e-7,
              "y": -3.4839615636883536e-8,
              "z": 0.018822355195879936,
              "w": 0.9998228549957275
            },
            {
              "__type__": "cc.Quat",
              "x": -1.3912224972045806e-7,
              "y": -3.275651039302829e-8,
              "z": 0.018822353333234787,
              "w": 0.9998228549957275
            },
            {
              "__type__": "cc.Quat",
              "x": -1.4005482285028847e-7,
              "y": -3.067341225460041e-8,
              "z": 0.018822353333234787,
              "w": 0.9998228549957275
            }
          ],
          "interpolate": true
        },
        "position": {
          "blending": "additive3D",
          "keys": -1,
          "values": [
            {
              "__type__": "cc.Vec3",
              "x": 0.224488198757172,
              "y": 9.53673584547232e-9,
              "z": 5.68000007989647e-15
            }
          ]
        },
        "scale": {
          "blending": "additive3D",
          "keys": -1,
          "values": [
            {
              "__type__": "cc.Vec3",
              "x": 0.999999940395355,
              "y": 0.999999940395355,
              "z": 1
            }
          ]
        }
      }
    },
    "RootNode/Armature/Master/Bow_b1": {
      "props": {
        "rotation": {
          "keys": 0,
          "blending": "additiveQuat",
          "values": [
            {
              "__type__": "cc.Quat",
              "x": 0.4408821761608124,
              "y": 0.552832305431366,
              "z": 0.5528314709663391,
              "w": 0.4408816993236542
            },
            {
              "__type__": "cc.Quat",
              "x": 0.4528382420539856,
              "y": 0.5430821180343628,
              "z": 0.5430812835693359,
              "w": 0.4528377652168274
            },
            {
              "__type__": "cc.Quat",
              "x": 0.46457675099372864,
              "y": 0.5330751538276672,
              "z": 0.5330743193626404,
              "w": 0.46457624435424805
            },
            {
              "__type__": "cc.Quat",
              "x": 0.46457675099372864,
              "y": 0.5330751538276672,
              "z": 0.5330743193626404,
              "w": 0.46457624435424805
            },
            {
              "__type__": "cc.Quat",
              "x": 0.46457675099372864,
              "y": 0.5330751538276672,
              "z": 0.5330743193626404,
              "w": 0.46457624435424805
            },
            {
              "__type__": "cc.Quat",
              "x": 0.46457675099372864,
              "y": 0.5330751538276672,
              "z": 0.5330743193626404,
              "w": 0.46457624435424805
            },
            {
              "__type__": "cc.Quat",
              "x": 0.46457675099372864,
              "y": 0.5330751538276672,
              "z": 0.5330743193626404,
              "w": 0.46457624435424805
            }
          ],
          "interpolate": true
        },
        "position": {
          "blending": "additive3D",
          "keys": -1,
          "values": [
            {
              "__type__": "cc.Vec3",
              "x": -0.00216716062277555,
              "y": 0.159184798598289,
              "z": -4.15739798143022e-8
            }
          ]
        },
        "scale": {
          "blending": "additive3D",
          "keys": -1,
          "values": [
            {
              "__type__": "cc.Vec3",
              "x": 0.999999940395355,
              "y": 1,
              "z": 0.999999940395355
            }
          ]
        }
      }
    },
    "RootNode/Armature/Master/Bow_b1/Bow_b2": {
      "props": {
        "rotation": {
          "keys": 0,
          "blending": "additiveQuat",
          "values": [
            {
              "__type__": "cc.Quat",
              "x": -0.7024890184402466,
              "y": 0.08068141341209412,
              "z": 0.08068124204874039,
              "w": 0.7024886012077332
            },
            {
              "__type__": "cc.Quat",
              "x": -0.7040820121765137,
              "y": 0.06533617526292801,
              "z": 0.06533601135015488,
              "w": 0.7040815949440002
            },
            {
              "__type__": "cc.Quat",
              "x": -0.7053396701812744,
              "y": 0.049962494522333145,
              "z": 0.04996233060956001,
              "w": 0.705339252948761
            },
            {
              "__type__": "cc.Quat",
              "x": -0.7053396701812744,
              "y": 0.04996248707175255,
              "z": 0.04996233806014061,
              "w": 0.705339252948761
            },
            {
              "__type__": "cc.Quat",
              "x": -0.7053396701812744,
              "y": 0.04996247962117195,
              "z": 0.04996234551072121,
              "w": 0.705339252948761
            },
            {
              "__type__": "cc.Quat",
              "x": -0.7053396701812744,
              "y": 0.04996247589588165,
              "z": 0.0499623566865921,
              "w": 0.705339252948761
            },
            {
              "__type__": "cc.Quat",
              "x": -0.7053396701812744,
              "y": 0.049962468445301056,
              "z": 0.0499623641371727,
              "w": 0.705339252948761
            }
          ],
          "interpolate": true
        },
        "position": {
          "blending": "additive3D",
          "keys": -1,
          "values": [
            {
              "__type__": "cc.Vec3",
              "x": 0.339855879545212,
              "y": 2.56583998492488e-8,
              "z": -1.0813793843668e-13
            }
          ]
        },
        "scale": {
          "blending": "additive3D",
          "keys": -1,
          "values": [
            {
              "__type__": "cc.Vec3",
              "x": 1.00000011920929,
              "y": 1.00000011920929,
              "z": 1
            }
          ]
        }
      }
    },
    "RootNode/Armature/Master/Bow_b1/Bow_b2/Bow_b3": {
      "props": {
        "rotation": {
          "keys": 0,
          "blending": "additiveQuat",
          "values": [
            {
              "__type__": "cc.Quat",
              "x": -2.0614896811821382e-7,
              "y": 3.389995839597759e-8,
              "z": 0.08954187482595444,
              "w": 0.9959830641746521
            },
            {
              "__type__": "cc.Quat",
              "x": -2.0677538259405992e-7,
              "y": 3.311901863867206e-8,
              "z": 0.06779145449399948,
              "w": 0.997699499130249
            },
            {
              "__type__": "cc.Quat",
              "x": -2.0753347484969709e-7,
              "y": 3.238329071564294e-8,
              "z": 0.046012479811906815,
              "w": 0.9989408850669861
            },
            {
              "__type__": "cc.Quat",
              "x": -2.0906313125124143e-7,
              "y": 2.7145043546283887e-8,
              "z": 0.04601248353719711,
              "w": 0.9989408850669861
            },
            {
              "__type__": "cc.Quat",
              "x": -2.1059283028534992e-7,
              "y": 2.190679637692483e-8,
              "z": 0.04601248353719711,
              "w": 0.9989408850669861
            },
            {
              "__type__": "cc.Quat",
              "x": -2.1212254353031312e-7,
              "y": 1.6668549207565775e-8,
              "z": 0.04601248353719711,
              "w": 0.9989408850669861
            },
            {
              "__type__": "cc.Quat",
              "x": -2.1365225677527633e-7,
              "y": 1.1430302038206719e-8,
              "z": 0.04601248353719711,
              "w": 0.9989408850669861
            }
          ],
          "interpolate": true
        },
        "position": {
          "blending": "additive3D",
          "keys": -1,
          "values": [
            {
              "__type__": "cc.Vec3",
              "x": 0.245776951313019,
              "y": 2.86103087887568e-8,
              "z": 4.55000010650235e-15
            }
          ]
        },
        "scale": {
          "blending": "additive3D",
          "keys": -1,
          "values": [
            {
              "__type__": "cc.Vec3",
              "x": 1,
              "y": 1,
              "z": 1
            }
          ]
        }
      }
    },
    "RootNode/Armature/Master/Bow_b1/Bow_b2/Bow_b3/Bow_b4": {
      "props": {
        "rotation": {
          "keys": 0,
          "blending": "additiveQuat",
          "values": [
            {
              "__type__": "cc.Quat",
              "x": 1.820742738800618e-7,
              "y": 8.43965075603137e-9,
              "z": 0.02480720356106758,
              "w": 0.9996922612190247
            },
            {
              "__type__": "cc.Quat",
              "x": 1.8097537690664467e-7,
              "y": 2.3300328333419884e-9,
              "z": 0.002991257468238473,
              "w": 0.9999955296516418
            },
            {
              "__type__": "cc.Quat",
              "x": 1.7969719579014054e-7,
              "y": -3.725926678299629e-9,
              "z": -0.018822353333234787,
              "w": 0.9998228549957275
            },
            {
              "__type__": "cc.Quat",
              "x": 1.7841118449268834e-7,
              "y": -5.833716176795178e-9,
              "z": -0.018822355195879936,
              "w": 0.9998228549957275
            },
            {
              "__type__": "cc.Quat",
              "x": 1.7712521582780028e-7,
              "y": -7.941506119379937e-9,
              "z": -0.018822355195879936,
              "w": 0.9998228549957275
            },
            {
              "__type__": "cc.Quat",
              "x": 1.7583926137376693e-7,
              "y": -1.0049297394232326e-8,
              "z": -0.018822355195879936,
              "w": 0.9998228549957275
            },
            {
              "__type__": "cc.Quat",
              "x": 1.7455329270887887e-7,
              "y": -1.2157087780906295e-8,
              "z": -0.018822355195879936,
              "w": 0.9998228549957275
            }
          ],
          "interpolate": true
        },
        "position": {
          "blending": "additive3D",
          "keys": -1,
          "values": [
            {
              "__type__": "cc.Vec3",
              "x": 0.22448818385601,
              "y": 4.15845133393093e-14,
              "z": 0
            }
          ]
        },
        "scale": {
          "blending": "additive3D",
          "keys": -1,
          "values": [
            {
              "__type__": "cc.Vec3",
              "x": 0.999999940395355,
              "y": 0.999999940395355,
              "z": 1
            }
          ]
        }
      }
    },
    "RootNode": {
      "props": {
        "position": {
          "blending": "additive3D",
          "keys": -1,
          "values": [
            {
              "__type__": "cc.Vec3",
              "x": 0,
              "y": 0,
              "z": 0
            }
          ]
        },
        "scale": {
          "blending": "additive3D",
          "keys": -1,
          "values": [
            {
              "__type__": "cc.Vec3",
              "x": 1,
              "y": 1,
              "z": 1
            }
          ]
        },
        "rotation": {
          "blending": "additiveQuat",
          "keys": -1,
          "values": [
            {
              "__type__": "cc.Quat",
              "x": 0,
              "y": 0,
              "z": 0,
              "w": 1
            }
          ]
        }
      }
    },
    "RootNode/Longbow_b": {
      "props": {
        "position": {
          "blending": "additive3D",
          "keys": -1,
          "values": [
            {
              "__type__": "cc.Vec3",
              "x": 0,
              "y": 0,
              "z": 0
            }
          ]
        },
        "scale": {
          "blending": "additive3D",
          "keys": -1,
          "values": [
            {
              "__type__": "cc.Vec3",
              "x": 1,
              "y": 1,
              "z": 1
            }
          ]
        },
        "rotation": {
          "blending": "additiveQuat",
          "keys": -1,
          "values": [
            {
              "__type__": "cc.Quat",
              "x": 0,
              "y": 0,
              "z": 0.7071067215818996,
              "w": 0.7071068407911906
            }
          ]
        }
      }
    },
    "RootNode/Armature": {
      "props": {
        "position": {
          "blending": "additive3D",
          "keys": -1,
          "values": [
            {
              "__type__": "cc.Vec3",
              "x": 0,
              "y": 0,
              "z": 0
            }
          ]
        },
        "scale": {
          "blending": "additive3D",
          "keys": -1,
          "values": [
            {
              "__type__": "cc.Vec3",
              "x": 1,
              "y": 1,
              "z": 1
            }
          ]
        },
        "rotation": {
          "blending": "additiveQuat",
          "keys": -1,
          "values": [
            {
              "__type__": "cc.Quat",
              "x": -0.7071068407911906,
              "y": 0,
              "z": 0,
              "w": 0.7071067215818996
            }
          ]
        }
      }
    },
    "RootNode/Armature/Master": {
      "props": {
        "position": {
          "blending": "additive3D",
          "keys": -1,
          "values": [
            {
              "__type__": "cc.Vec3",
              "x": 0,
              "y": 0,
              "z": 0
            }
          ]
        },
        "scale": {
          "blending": "additive3D",
          "keys": -1,
          "values": [
            {
              "__type__": "cc.Vec3",
              "x": 0.99999988079071,
              "y": 0.999999940395355,
              "z": 0.999999940395355
            }
          ]
        },
        "rotation": {
          "blending": "additiveQuat",
          "keys": -1,
          "values": [
            {
              "__type__": "cc.Quat",
              "x": -0.4999998807907011,
              "y": 0.4999999403953461,
              "z": -0.5000001192092811,
              "w": 0.5000000596046361
            }
          ]
        }
      }
    }
  },
  "_curves": [],
  "events": [],
  "_duration": 0.25,
  "_keys": [
    [
      0,
      0.0416666679084301,
      0.0833333358168602,
      0.125,
      0.1666666716337204,
      0.2083333283662796,
      0.25
    ]
  ],
  "_stepness": 0
}