{
  "__type__": "cc.SkeletalAnimationClip",
  "_name": "Draw",
  "_objFlags": 0,
  "_native": "",
  "sample": 30,
  "speed": 1,
  "wrapMode": 2,
  "curveDatas": {
    "RootNode/Armature/Master/string": {
      "props": {
        "position": {
          "keys": 0,
          "blending": "additive3D",
          "values": [
            {
              "__type__": "cc.Vec3",
              "x": -0.2501995265483856,
              "y": -0.03949052840471268,
              "z": 1.2396738746645042e-8
            },
            {
              "__type__": "cc.Vec3",
              "x": -0.2900390923023224,
              "y": -0.03949052840471268,
              "z": 8.578221688537724e-9
            },
            {
              "__type__": "cc.Vec3",
              "x": -0.3409389555454254,
              "y": -0.03949052840471268,
              "z": 4.7597055186088255e-9
            },
            {
              "__type__": "cc.Vec3",
              "x": -0.3941812515258789,
              "y": -0.03949052840471268,
              "z": 9.411890156130198e-10
            },
            {
              "__type__": "cc.Vec3",
              "x": -0.44843026995658875,
              "y": -0.03949052840471268,
              "z": -2.877327709427391e-9
            },
            {
              "__type__": "cc.Vec3",
              "x": -0.5030885338783264,
              "y": -0.03949052840471268,
              "z": -6.695844323445499e-9
            },
            {
              "__type__": "cc.Vec3",
              "x": -0.5577467679977417,
              "y": -0.03949052840471268,
              "z": -1.0514360937463607e-8
            },
            {
              "__type__": "cc.Vec3",
              "x": -0.6119958162307739,
              "y": -0.03949052840471268,
              "z": -1.4332877995570925e-8
            },
            {
              "__type__": "cc.Vec3",
              "x": -0.665238082408905,
              "y": -0.03949052840471268,
              "z": -1.8151393277321404e-8
            },
            {
              "__type__": "cc.Vec3",
              "x": -0.7161380052566528,
              "y": -0.03949052840471268,
              "z": -2.1969910335428722e-8
            },
            {
              "__type__": "cc.Vec3",
              "x": -0.7559774518013,
              "y": -0.03949052840471268,
              "z": -2.57884256171792e-8
            }
          ],
          "interpolate": true
        },
        "rotation": {
          "keys": 0,
          "blending": "additiveQuat",
          "values": [
            {
              "__type__": "cc.Quat",
              "x": -1.9865238401191136e-14,
              "y": -0.04269488900899887,
              "z": 1.3402630116843284e-8,
              "w": 0.9990881681442261
            },
            {
              "__type__": "cc.Quat",
              "x": 6.593878221217153e-12,
              "y": -0.04212944954633713,
              "z": 1.2601483412311154e-8,
              "w": 0.9991121888160706
            },
            {
              "__type__": "cc.Quat",
              "x": 6.53004776987598e-13,
              "y": -0.0404275543987751,
              "z": 1.1801335020322767e-8,
              "w": 0.9991824626922607
            },
            {
              "__type__": "cc.Quat",
              "x": -1.430862633239327e-11,
              "y": -0.03766000643372536,
              "z": 1.1001783484232419e-8,
              "w": 0.9992905855178833
            },
            {
              "__type__": "cc.Quat",
              "x": -3.353218397394997e-11,
              "y": -0.03403959423303604,
              "z": 1.0202340305909274e-8,
              "w": 0.9994204640388489
            },
            {
              "__type__": "cc.Quat",
              "x": -5.145317505395042e-11,
              "y": -0.02993759885430336,
              "z": 9.4025125463304e-9,
              "w": 0.9995517730712891
            },
            {
              "__type__": "cc.Quat",
              "x": -6.276066472077346e-11,
              "y": -0.025835098698735237,
              "z": 8.601933387808458e-9,
              "w": 0.9996662139892578
            },
            {
              "__type__": "cc.Quat",
              "x": -6.369541699635661e-11,
              "y": -0.022213397547602654,
              "z": 7.800446510941583e-9,
              "w": 0.9997532367706299
            },
            {
              "__type__": "cc.Quat",
              "x": -5.281754547614703e-11,
              "y": -0.019444338977336884,
              "z": 6.998105206434957e-9,
              "w": 0.9998109340667725
            },
            {
              "__type__": "cc.Quat",
              "x": -3.086705196997386e-11,
              "y": -0.01774129457771778,
              "z": 6.195092883132247e-9,
              "w": 0.9998425841331482
            },
            {
              "__type__": "cc.Quat",
              "x": -3.723758091158172e-14,
              "y": -0.017175422981381416,
              "z": 5.3916417996902055e-9,
              "w": 0.9998524785041809
            }
          ],
          "interpolate": true
        },
        "scale": {
          "blending": "additive3D",
          "keys": -1,
          "values": [
            {
              "__type__": "cc.Vec3",
              "x": 1,
              "y": 1,
              "z": 1
            }
          ]
        }
      }
    },
    "RootNode/Armature/Master/Bow_a1": {
      "props": {
        "rotation": {
          "keys": 0,
          "blending": "additiveQuat",
          "values": [
            {
              "__type__": "cc.Quat",
              "x": -0.46457651257514954,
              "y": 0.5330747961997986,
              "z": 0.5330746173858643,
              "w": -0.4645765721797943
            },
            {
              "__type__": "cc.Quat",
              "x": -0.4640607535839081,
              "y": 0.5335238575935364,
              "z": 0.533523678779602,
              "w": -0.46406081318855286
            },
            {
              "__type__": "cc.Quat",
              "x": -0.46250593662261963,
              "y": 0.5348722338676453,
              "z": 0.5348720550537109,
              "w": -0.4625059962272644
            },
            {
              "__type__": "cc.Quat",
              "x": -0.4599691927433014,
              "y": 0.5370553135871887,
              "z": 0.5370551347732544,
              "w": -0.45996925234794617
            },
            {
              "__type__": "cc.Quat",
              "x": -0.4566352367401123,
              "y": 0.5398929119110107,
              "z": 0.5398927330970764,
              "w": -0.4566352963447571
            },
            {
              "__type__": "cc.Quat",
              "x": -0.4528369605541229,
              "y": 0.5430826544761658,
              "z": 0.5430824756622314,
              "w": -0.4528370201587677
            },
            {
              "__type__": "cc.Quat",
              "x": -0.44901639223098755,
              "y": 0.5462456941604614,
              "z": 0.5462455153465271,
              "w": -0.4490164518356323
            },
            {
              "__type__": "cc.Quat",
              "x": -0.44562578201293945,
              "y": 0.54901522397995,
              "z": 0.5490150451660156,
              "w": -0.4456258714199066
            },
            {
              "__type__": "cc.Quat",
              "x": -0.4430222511291504,
              "y": 0.5511182546615601,
              "z": 0.5511180758476257,
              "w": -0.44302234053611755
            },
            {
              "__type__": "cc.Quat",
              "x": -0.44141632318496704,
              "y": 0.5524053573608398,
              "z": 0.5524051785469055,
              "w": -0.4414163827896118
            },
            {
              "__type__": "cc.Quat",
              "x": -0.4408819079399109,
              "y": 0.5528320074081421,
              "z": 0.5528318285942078,
              "w": -0.44088196754455566
            }
          ],
          "interpolate": true
        },
        "position": {
          "blending": "additive3D",
          "keys": -1,
          "values": [
            {
              "__type__": "cc.Vec3",
              "x": -0.00216717459261417,
              "y": -0.159184768795967,
              "z": 5.8367493949163e-8
            }
          ]
        },
        "scale": {
          "blending": "additive3D",
          "keys": -1,
          "values": [
            {
              "__type__": "cc.Vec3",
              "x": 0.999999940395355,
              "y": 1,
              "z": 1
            }
          ]
        }
      }
    },
    "RootNode/Armature/Master/Bow_a1/Bow_a2": {
      "props": {
        "rotation": {
          "keys": 0,
          "blending": "additiveQuat",
          "values": [
            {
              "__type__": "cc.Quat",
              "x": -0.7053393721580505,
              "y": -0.049962468445301056,
              "z": -0.04996243491768837,
              "w": 0.7053395509719849
            },
            {
              "__type__": "cc.Quat",
              "x": -0.7052907347679138,
              "y": -0.05064454674720764,
              "z": -0.05064450949430466,
              "w": 0.7052909135818481
            },
            {
              "__type__": "cc.Quat",
              "x": -0.7051403522491455,
              "y": -0.052697136998176575,
              "z": -0.05269710347056389,
              "w": 0.7051405310630798
            },
            {
              "__type__": "cc.Quat",
              "x": -0.7048830389976501,
              "y": -0.05603400617837906,
              "z": -0.05603397265076637,
              "w": 0.7048832178115845
            },
            {
              "__type__": "cc.Quat",
              "x": -0.7045225501060486,
              "y": -0.06039713695645332,
              "z": -0.06039709970355034,
              "w": 0.7045227885246277
            },
            {
              "__type__": "cc.Quat",
              "x": -0.7040815949440002,
              "y": -0.06533747911453247,
              "z": -0.06533744186162949,
              "w": 0.7040817737579346
            },
            {
              "__type__": "cc.Quat",
              "x": -0.7036059498786926,
              "y": -0.07027461379766464,
              "z": -0.07027457654476166,
              "w": 0.703606128692627
            },
            {
              "__type__": "cc.Quat",
              "x": -0.703157365322113,
              "y": -0.07462958991527557,
              "z": -0.07462954521179199,
              "w": 0.7031575441360474
            },
            {
              "__type__": "cc.Quat",
              "x": -0.7027962803840637,
              "y": -0.07795681804418564,
              "z": -0.07795677334070206,
              "w": 0.702796459197998
            },
            {
              "__type__": "cc.Quat",
              "x": -0.702566385269165,
              "y": -0.08000202476978302,
              "z": -0.08000198751688004,
              "w": 0.7025665640830994
            },
            {
              "__type__": "cc.Quat",
              "x": -0.7024887204170227,
              "y": -0.08068141341209412,
              "z": -0.08068136870861053,
              "w": 0.702488899230957
            }
          ],
          "interpolate": true
        },
        "position": {
          "blending": "additive3D",
          "keys": -1,
          "values": [
            {
              "__type__": "cc.Vec3",
              "x": 0.339855849742889,
              "y": 2.56583998492488e-8,
              "z": -5.96046501044611e-9
            }
          ]
        },
        "scale": {
          "blending": "additive3D",
          "keys": -1,
          "values": [
            {
              "__type__": "cc.Vec3",
              "x": 1,
              "y": 1,
              "z": 1
            }
          ]
        }
      }
    },
    "RootNode/Armature/Master/Bow_a1/Bow_a2/Bow_a3": {
      "props": {
        "rotation": {
          "keys": 0,
          "blending": "additiveQuat",
          "values": [
            {
              "__type__": "cc.Quat",
              "x": -2.126618525721824e-8,
              "y": 2.8277568731027714e-8,
              "z": -0.04601248353719711,
              "w": 0.9989408850669861
            },
            {
              "__type__": "cc.Quat",
              "x": -2.095326223638949e-8,
              "y": 2.683711741724437e-8,
              "z": -0.046978484839200974,
              "w": 0.9988958835601807
            },
            {
              "__type__": "cc.Quat",
              "x": -2.0593748928376954e-8,
              "y": 2.5436161621428255e-8,
              "z": -0.049885645508766174,
              "w": 0.9987549185752869
            },
            {
              "__type__": "cc.Quat",
              "x": -2.0198735128929002e-8,
              "y": 2.407020716077568e-8,
              "z": -0.05461224541068077,
              "w": 0.9985076189041138
            },
            {
              "__type__": "cc.Quat",
              "x": -1.978399133406583e-8,
              "y": 2.2729988558012337e-8,
              "z": -0.06079335883259773,
              "w": 0.9981503486633301
            },
            {
              "__type__": "cc.Quat",
              "x": -1.9369018389170378e-8,
              "y": 2.1401563188305772e-8,
              "z": -0.0677933394908905,
              "w": 0.9976993799209595
            },
            {
              "__type__": "cc.Quat",
              "x": -1.897366885827978e-8,
              "y": 2.006851218538941e-8,
              "z": -0.07478998601436615,
              "w": 0.997199296951294
            },
            {
              "__type__": "cc.Quat",
              "x": -1.8613397045896818e-8,
              "y": 1.871572052891679e-8,
              "z": -0.08096262067556381,
              "w": 0.9967171549797058
            },
            {
              "__type__": "cc.Quat",
              "x": -1.829591056434765e-8,
              "y": 1.733263133019136e-8,
              "z": -0.08567918092012405,
              "w": 0.996322751045227
            },
            {
              "__type__": "cc.Quat",
              "x": -1.8020971381815798e-8,
              "y": 1.5914171314079795e-8,
              "z": -0.0885787084698677,
              "w": 0.9960691928863525
            },
            {
              "__type__": "cc.Quat",
              "x": -1.7782582517611445e-8,
              "y": 1.4459736519256694e-8,
              "z": -0.08954189717769623,
              "w": 0.9959830641746521
            }
          ],
          "interpolate": true
        },
        "position": {
          "blending": "additive3D",
          "keys": -1,
          "values": [
            {
              "__type__": "cc.Vec3",
              "x": 0.245776951313019,
              "y": 9.5367438390781e-9,
              "z": 6.79999998231531e-15
            }
          ]
        },
        "scale": {
          "blending": "additive3D",
          "keys": -1,
          "values": [
            {
              "__type__": "cc.Vec3",
              "x": 0.99999988079071,
              "y": 0.99999988079071,
              "z": 1
            }
          ]
        }
      }
    },
    "RootNode/Armature/Master/Bow_a1/Bow_a2/Bow_a3/Bow_a4": {
      "props": {
        "rotation": {
          "keys": 0,
          "blending": "additiveQuat",
          "values": [
            {
              "__type__": "cc.Quat",
              "x": -1.4005482285028847e-7,
              "y": -3.067341225460041e-8,
              "z": 0.018822353333234787,
              "w": 0.9998228549957275
            },
            {
              "__type__": "cc.Quat",
              "x": -1.3952607957889995e-7,
              "y": -3.178835683570469e-8,
              "z": 0.017855480313301086,
              "w": 0.9998405575752258
            },
            {
              "__type__": "cc.Quat",
              "x": -1.3906333151680883e-7,
              "y": -3.263414072307569e-8,
              "z": 0.014945282600820065,
              "w": 0.9998883008956909
            },
            {
              "__type__": "cc.Quat",
              "x": -1.3866747394786216e-7,
              "y": -3.323022568224587e-8,
              "z": 0.010212626308202744,
              "w": 0.9999478459358215
            },
            {
              "__type__": "cc.Quat",
              "x": -1.383295682444441e-7,
              "y": -3.362904976711434e-8,
              "z": 0.004021364264190197,
              "w": 0.9999918937683105
            },
            {
              "__type__": "cc.Quat",
              "x": -1.3802991816191934e-7,
              "y": -3.391968306232229e-8,
              "z": -0.0029931170865893364,
              "w": 0.9999955296516418
            },
            {
              "__type__": "cc.Quat",
              "x": -1.3774115359410644e-7,
              "y": -3.4216125044395085e-8,
              "z": -0.010007452219724655,
              "w": 0.9999499320983887
            },
            {
              "__type__": "cc.Quat",
              "x": -1.3743492388584855e-7,
              "y": -3.4631341350177536e-8,
              "z": -0.01619836315512657,
              "w": 0.9998688101768494
            },
            {
              "__type__": "cc.Quat",
              "x": -1.3708786639199388e-7,
              "y": -3.5251581209649885e-8,
              "z": -0.020930619910359383,
              "w": 0.9997809529304504
            },
            {
              "__type__": "cc.Quat",
              "x": -1.3668416443124443e-7,
              "y": -3.612501942029667e-8,
              "z": -0.02384047396481037,
              "w": 0.9997158050537109
            },
            {
              "__type__": "cc.Quat",
              "x": -1.3621453831547115e-7,
              "y": -3.726590236396987e-8,
              "z": -0.024807212874293327,
              "w": 0.9996922612190247
            }
          ],
          "interpolate": true
        },
        "position": {
          "blending": "additive3D",
          "keys": -1,
          "values": [
            {
              "__type__": "cc.Vec3",
              "x": 0.224488198757172,
              "y": 9.53673584547232e-9,
              "z": 5.68000007989647e-15
            }
          ]
        },
        "scale": {
          "blending": "additive3D",
          "keys": -1,
          "values": [
            {
              "__type__": "cc.Vec3",
              "x": 0.999999940395355,
              "y": 0.999999940395355,
              "z": 1
            }
          ]
        }
      }
    },
    "RootNode/Armature/Master/Bow_b1": {
      "props": {
        "rotation": {
          "keys": 0,
          "blending": "additiveQuat",
          "values": [
            {
              "__type__": "cc.Quat",
              "x": 0.46457675099372864,
              "y": 0.5330751538276672,
              "z": 0.5330743193626404,
              "w": 0.46457624435424805
            },
            {
              "__type__": "cc.Quat",
              "x": 0.46406102180480957,
              "y": 0.5335241556167603,
              "z": 0.5335233807563782,
              "w": 0.464060515165329
            },
            {
              "__type__": "cc.Quat",
              "x": 0.4625062048435211,
              "y": 0.5348725914955139,
              "z": 0.5348717570304871,
              "w": 0.4625056982040405
            },
            {
              "__type__": "cc.Quat",
              "x": 0.4599694609642029,
              "y": 0.5370556116104126,
              "z": 0.5370548367500305,
              "w": 0.4599689543247223
            },
            {
              "__type__": "cc.Quat",
              "x": 0.4566355049610138,
              "y": 0.5398932099342346,
              "z": 0.5398923754692078,
              "w": 0.4566350281238556
            },
            {
              "__type__": "cc.Quat",
              "x": 0.4528372287750244,
              "y": 0.5430829524993896,
              "z": 0.5430821776390076,
              "w": 0.4528367519378662
            },
            {
              "__type__": "cc.Quat",
              "x": 0.44901666045188904,
              "y": 0.5462459921836853,
              "z": 0.5462451577186584,
              "w": 0.44901618361473083
            },
            {
              "__type__": "cc.Quat",
              "x": 0.44562608003616333,
              "y": 0.5490155220031738,
              "z": 0.5490147471427917,
              "w": 0.44562557339668274
            },
            {
              "__type__": "cc.Quat",
              "x": 0.44302254915237427,
              "y": 0.5511186122894287,
              "z": 0.5511177778244019,
              "w": 0.4430220425128937
            },
            {
              "__type__": "cc.Quat",
              "x": 0.44141659140586853,
              "y": 0.5524057149887085,
              "z": 0.5524048805236816,
              "w": 0.4414161145687103
            },
            {
              "__type__": "cc.Quat",
              "x": 0.4408821761608124,
              "y": 0.552832305431366,
              "z": 0.5528314709663391,
              "w": 0.4408816993236542
            }
          ],
          "interpolate": true
        },
        "position": {
          "blending": "additive3D",
          "keys": -1,
          "values": [
            {
              "__type__": "cc.Vec3",
              "x": -0.00216716062277555,
              "y": 0.159184798598289,
              "z": -4.15739798143022e-8
            }
          ]
        },
        "scale": {
          "blending": "additive3D",
          "keys": -1,
          "values": [
            {
              "__type__": "cc.Vec3",
              "x": 0.999999940395355,
              "y": 1,
              "z": 0.999999940395355
            }
          ]
        }
      }
    },
    "RootNode/Armature/Master/Bow_b1/Bow_b2": {
      "props": {
        "rotation": {
          "keys": 0,
          "blending": "additiveQuat",
          "values": [
            {
              "__type__": "cc.Quat",
              "x": -0.7053396701812744,
              "y": 0.049962468445301056,
              "z": 0.0499623641371727,
              "w": 0.705339252948761
            },
            {
              "__type__": "cc.Quat",
              "x": -0.7052910327911377,
              "y": 0.050644539296627045,
              "z": 0.05064442381262779,
              "w": 0.7052906155586243
            },
            {
              "__type__": "cc.Quat",
              "x": -0.7051406502723694,
              "y": 0.05269714072346687,
              "z": 0.052697017788887024,
              "w": 0.7051401734352112
            },
            {
              "__type__": "cc.Quat",
              "x": -0.704883337020874,
              "y": 0.05603400245308876,
              "z": 0.05603387579321861,
              "w": 0.7048828601837158
            },
            {
              "__type__": "cc.Quat",
              "x": -0.7045229077339172,
              "y": 0.06039713695645332,
              "z": 0.06039700284600258,
              "w": 0.704522430896759
            },
            {
              "__type__": "cc.Quat",
              "x": -0.7040818929672241,
              "y": 0.06533749401569366,
              "z": 0.06533735245466232,
              "w": 0.7040814757347107
            },
            {
              "__type__": "cc.Quat",
              "x": -0.7036063075065613,
              "y": 0.07027462869882584,
              "z": 0.0702744871377945,
              "w": 0.7036058306694031
            },
            {
              "__type__": "cc.Quat",
              "x": -0.7031577229499817,
              "y": 0.07462956756353378,
              "z": 0.07462941855192184,
              "w": 0.7031572461128235
            },
            {
              "__type__": "cc.Quat",
              "x": -0.7027965784072876,
              "y": 0.07795681059360504,
              "z": 0.0779566541314125,
              "w": 0.7027961611747742
            },
            {
              "__type__": "cc.Quat",
              "x": -0.7025667428970337,
              "y": 0.08000202476978302,
              "z": 0.08000186085700989,
              "w": 0.7025662660598755
            },
            {
              "__type__": "cc.Quat",
              "x": -0.7024890184402466,
              "y": 0.08068141341209412,
              "z": 0.08068124204874039,
              "w": 0.7024886012077332
            }
          ],
          "interpolate": true
        },
        "position": {
          "blending": "additive3D",
          "keys": -1,
          "values": [
            {
              "__type__": "cc.Vec3",
              "x": 0.339855879545212,
              "y": 2.56583998492488e-8,
              "z": -1.0813793843668e-13
            }
          ]
        },
        "scale": {
          "blending": "additive3D",
          "keys": -1,
          "values": [
            {
              "__type__": "cc.Vec3",
              "x": 1.00000011920929,
              "y": 1.00000011920929,
              "z": 1
            }
          ]
        }
      }
    },
    "RootNode/Armature/Master/Bow_b1/Bow_b2/Bow_b3": {
      "props": {
        "rotation": {
          "keys": 0,
          "blending": "additiveQuat",
          "values": [
            {
              "__type__": "cc.Quat",
              "x": -2.1365225677527633e-7,
              "y": 1.1430302038206719e-8,
              "z": 0.04601248353719711,
              "w": 0.9989408850669861
            },
            {
              "__type__": "cc.Quat",
              "x": -2.1274843220453477e-7,
              "y": 1.436751873029607e-8,
              "z": 0.04697848856449127,
              "w": 0.9988958835601807
            },
            {
              "__type__": "cc.Quat",
              "x": -2.1188371590596944e-7,
              "y": 1.6894723842142412e-8,
              "z": 0.04988564923405647,
              "w": 0.9987549185752869
            },
            {
              "__type__": "cc.Quat",
              "x": -2.1107057079916558e-7,
              "y": 1.904241386796457e-8,
              "z": 0.05461223050951958,
              "w": 0.9985076189041138
            },
            {
              "__type__": "cc.Quat",
              "x": -2.1031323171882832e-7,
              "y": 2.0891414820312093e-8,
              "z": 0.060793355107307434,
              "w": 0.9981503486633301
            },
            {
              "__type__": "cc.Quat",
              "x": -2.0960554536486597e-7,
              "y": 2.2577898661779727e-8,
              "z": 0.06779330223798752,
              "w": 0.9976993799209595
            },
            {
              "__type__": "cc.Quat",
              "x": -2.089319508513654e-7,
              "y": 2.4275182752830915e-8,
              "z": 0.07478989660739899,
              "w": 0.997199296951294
            },
            {
              "__type__": "cc.Quat",
              "x": -2.082710466311255e-7,
              "y": 2.6154280519108397e-8,
              "z": 0.08096259832382202,
              "w": 0.9967171549797058
            },
            {
              "__type__": "cc.Quat",
              "x": -2.076003227102774e-7,
              "y": 2.8345183977762645e-8,
              "z": 0.08567914366722107,
              "w": 0.9963228106498718
            },
            {
              "__type__": "cc.Quat",
              "x": -2.0689900281922746e-7,
              "y": 3.092007005989217e-8,
              "z": 0.08857864141464233,
              "w": 0.9960691928863525
            },
            {
              "__type__": "cc.Quat",
              "x": -2.0614896811821382e-7,
              "y": 3.389995839597759e-8,
              "z": 0.08954187482595444,
              "w": 0.9959830641746521
            }
          ],
          "interpolate": true
        },
        "position": {
          "blending": "additive3D",
          "keys": -1,
          "values": [
            {
              "__type__": "cc.Vec3",
              "x": 0.245776951313019,
              "y": 2.86103087887568e-8,
              "z": 4.55000010650235e-15
            }
          ]
        },
        "scale": {
          "blending": "additive3D",
          "keys": -1,
          "values": [
            {
              "__type__": "cc.Vec3",
              "x": 1,
              "y": 1,
              "z": 1
            }
          ]
        }
      }
    },
    "RootNode/Armature/Master/Bow_b1/Bow_b2/Bow_b3/Bow_b4": {
      "props": {
        "rotation": {
          "keys": 0,
          "blending": "additiveQuat",
          "values": [
            {
              "__type__": "cc.Quat",
              "x": 1.7455329270887887e-7,
              "y": -1.2157087780906295e-8,
              "z": -0.018822355195879936,
              "w": 0.9998228549957275
            },
            {
              "__type__": "cc.Quat",
              "x": 1.7533533025471115e-7,
              "y": -1.0722859933309792e-8,
              "z": -0.017855467274785042,
              "w": 0.9998405575752258
            },
            {
              "__type__": "cc.Quat",
              "x": 1.761324739391057e-7,
              "y": -8.944832430302085e-9,
              "z": -0.014945284463465214,
              "w": 0.9998883008956909
            },
            {
              "__type__": "cc.Quat",
              "x": 1.7693348297598277e-7,
              "y": -6.8398171571004696e-9,
              "z": -0.01021259743720293,
              "w": 0.9999478459358215
            },
            {
              "__type__": "cc.Quat",
              "x": 1.7772521232473082e-7,
              "y": -4.468273751001561e-9,
              "z": -0.004021379165351391,
              "w": 0.9999918937683105
            },
            {
              "__type__": "cc.Quat",
              "x": 1.7849599487362866e-7,
              "y": -1.940313687498474e-9,
              "z": 0.002993116620928049,
              "w": 0.9999955296516418
            },
            {
              "__type__": "cc.Quat",
              "x": 1.792400468048072e-7,
              "y": 5.981768969043344e-10,
              "z": 0.010007464326918125,
              "w": 0.9999499320983887
            },
            {
              "__type__": "cc.Quat",
              "x": 1.799597413310039e-7,
              "y": 2.998830073153158e-9,
              "z": 0.016198374330997467,
              "w": 0.9998688101768494
            },
            {
              "__type__": "cc.Quat",
              "x": 1.806642018209459e-7,
              "y": 5.144893844288845e-9,
              "z": 0.020930612459778786,
              "w": 0.9997809529304504
            },
            {
              "__type__": "cc.Quat",
              "x": 1.813653938143034e-7,
              "y": 6.967137089475273e-9,
              "z": 0.023840436711907387,
              "w": 0.9997158050537109
            },
            {
              "__type__": "cc.Quat",
              "x": 1.820742738800618e-7,
              "y": 8.43965075603137e-9,
              "z": 0.02480720356106758,
              "w": 0.9996922612190247
            }
          ],
          "interpolate": true
        },
        "position": {
          "blending": "additive3D",
          "keys": -1,
          "values": [
            {
              "__type__": "cc.Vec3",
              "x": 0.22448818385601,
              "y": 4.15845133393093e-14,
              "z": 0
            }
          ]
        },
        "scale": {
          "blending": "additive3D",
          "keys": -1,
          "values": [
            {
              "__type__": "cc.Vec3",
              "x": 0.999999940395355,
              "y": 0.999999940395355,
              "z": 1
            }
          ]
        }
      }
    },
    "RootNode": {
      "props": {
        "position": {
          "blending": "additive3D",
          "keys": -1,
          "values": [
            {
              "__type__": "cc.Vec3",
              "x": 0,
              "y": 0,
              "z": 0
            }
          ]
        },
        "scale": {
          "blending": "additive3D",
          "keys": -1,
          "values": [
            {
              "__type__": "cc.Vec3",
              "x": 1,
              "y": 1,
              "z": 1
            }
          ]
        },
        "rotation": {
          "blending": "additiveQuat",
          "keys": -1,
          "values": [
            {
              "__type__": "cc.Quat",
              "x": 0,
              "y": 0,
              "z": 0,
              "w": 1
            }
          ]
        }
      }
    },
    "RootNode/Longbow_b": {
      "props": {
        "position": {
          "blending": "additive3D",
          "keys": -1,
          "values": [
            {
              "__type__": "cc.Vec3",
              "x": 0,
              "y": 0,
              "z": 0
            }
          ]
        },
        "scale": {
          "blending": "additive3D",
          "keys": -1,
          "values": [
            {
              "__type__": "cc.Vec3",
              "x": 1,
              "y": 1,
              "z": 1
            }
          ]
        },
        "rotation": {
          "blending": "additiveQuat",
          "keys": -1,
          "values": [
            {
              "__type__": "cc.Quat",
              "x": 0,
              "y": 0,
              "z": 0.7071067215818996,
              "w": 0.7071068407911906
            }
          ]
        }
      }
    },
    "RootNode/Armature": {
      "props": {
        "position": {
          "blending": "additive3D",
          "keys": -1,
          "values": [
            {
              "__type__": "cc.Vec3",
              "x": 0,
              "y": 0,
              "z": 0
            }
          ]
        },
        "scale": {
          "blending": "additive3D",
          "keys": -1,
          "values": [
            {
              "__type__": "cc.Vec3",
              "x": 1,
              "y": 1,
              "z": 1
            }
          ]
        },
        "rotation": {
          "blending": "additiveQuat",
          "keys": -1,
          "values": [
            {
              "__type__": "cc.Quat",
              "x": -0.7071068407911906,
              "y": 0,
              "z": 0,
              "w": 0.7071067215818996
            }
          ]
        }
      }
    },
    "RootNode/Armature/Master": {
      "props": {
        "position": {
          "blending": "additive3D",
          "keys": -1,
          "values": [
            {
              "__type__": "cc.Vec3",
              "x": 0,
              "y": 0,
              "z": 0
            }
          ]
        },
        "scale": {
          "blending": "additive3D",
          "keys": -1,
          "values": [
            {
              "__type__": "cc.Vec3",
              "x": 0.99999988079071,
              "y": 0.999999940395355,
              "z": 0.999999940395355
            }
          ]
        },
        "rotation": {
          "blending": "additiveQuat",
          "keys": -1,
          "values": [
            {
              "__type__": "cc.Quat",
              "x": -0.4999998807907011,
              "y": 0.4999999403953461,
              "z": -0.5000001192092811,
              "w": 0.5000000596046361
            }
          ]
        }
      }
    }
  },
  "_curves": [],
  "events": [],
  "_duration": 0.4166666567325592,
  "_keys": [
    [
      0,
      0.0416666679084301,
      0.0833333358168602,
      0.125,
      0.1666666716337204,
      0.2083333283662796,
      0.25,
      0.2916666567325592,
      0.3333333432674408,
      0.375,
      0.4166666567325592
    ]
  ],
  "_stepness": 0
}