{
  "__type__": "cc.Material",
  "_name": "Longbow__Longbow_Texture_jpg",
  "_objFlags": 0,
  "_native": "",
  "_effectAsset": {
    "__uuid__": "1baf0fc9-befa-459c-8bdd-af1a450a0319"
  },
  "_techIdx": 0,
  "_defines": [
    {
      "OCCLUSION_CHANNEL": "r",
      "ROUGHNESS_CHANNEL": "g",
      "METALLIC_CHANNEL": "b",
      "USE_ALBEDO_MAP": true
    }
  ],
  "_states": [
    {
      "rasterizerState": {},
      "blendState": {
        "targets": [
          {}
        ]
      },
      "depthStencilState": {}
    }
  ],
  "_props": [
    {
      "pbrParams": {
        "__type__": "cc.Vec4",
        "x": 1,
        "y": 1,
        "z": 1,
        "w": 1
      },
      "pbrScale": {
        "__type__": "cc.Vec4",
        "x": 1,
        "y": 0.800000011920929,
        "z": 0.200000002980232,
        "w": 1
      },
      "albedoScale": {
        "__type__": "cc.Vec4",
        "x": 1,
        "y": 1,
        "z": 1,
        "w": 1
      },
      "albedoMap": {
        "__uuid__": "44e38be6-c99e-4ee9-a6e0-58d62bb05c19@07836"
      }
    }
  ]
}