{
  "__type__": "cc.Mesh",
  "_name": "",
  "_objFlags": 0,
  "_native": ".bin",
  "_struct": {
    "primitives": [
      {
        "primitiveMode": 7,
        "vertexBundelIndices": [
          0
        ],
        "geometricInfo": {
          "view": {
            "offset": 31824,
            "length": 5304,
            "count": 1326,
            "stride": 4
          }
        },
        "indexView": {
          "offset": 37128,
          "length": 3936,
          "count": 1968,
          "stride": 2
        }
      }
    ],
    "vertexBundles": [
      {
        "view": {
          "offset": 0,
          "length": 31824,
          "count": 442,
          "stride": 72
        },
        "attributes": [
          {
            "name": "a_joints",
            "format": 41,
            "isNormalized": false
          },
          {
            "name": "a_normal",
            "format": 32,
            "isNormalized": false
          },
          {
            "name": "a_position",
            "format": 32,
            "isNormalized": false
          },
          {
            "name": "a_texCoord",
            "format": 21,
            "isNormalized": false
          },
          {
            "name": "a_weights",
            "format": 43,
            "isNormalized": false
          },
          {
            "name": "a_tangent",
            "format": 43,
            "isNormalized": false
          }
        ]
      }
    ],
    "minPosition": {
      "__type__": "cc.Vec3",
      "x": -0.02562501937363847,
      "y": -0.061000593601373276,
      "z": -1.1020044088363647
    },
    "maxPosition": {
      "__type__": "cc.Vec3",
      "x": 0.025625052057953974,
      "y": 0.25487223699560235,
      "z": 1.1020044088363647
    }
  },
  "_dataLength": 41064
}