{
  "__type__": "cc.SkeletalAnimationClip",
  "_name": "Default Take",
  "_objFlags": 0,
  "_native": "",
  "sample": 30,
  "speed": 1,
  "wrapMode": 2,
  "curveDatas": {
    "RootNode/Armature/Master/string": {
      "props": {
        "position": {
          "keys": 0,
          "blending": "additive3D",
          "values": [
            {
              "__type__": "cc.Vec3",
              "x": -0.2501995265483856,
              "y": -0.03949052840471268,
              "z": 1.2396738746645042e-8
            },
            {
              "__type__": "cc.Vec3",
              "x": -0.2900390923023224,
              "y": -0.03949052840471268,
              "z": 1.1123900023335409e-8
            },
            {
              "__type__": "cc.Vec3",
              "x": -0.3409389555454254,
              "y": -0.03949052840471268,
              "z": 9.851061300025776e-9
            },
            {
              "__type__": "cc.Vec3",
              "x": -0.3941812515258789,
              "y": -0.03949052840471268,
              "z": 8.578221688537724e-9
            },
            {
              "__type__": "cc.Vec3",
              "x": -0.44843026995658875,
              "y": -0.03949052840471268,
              "z": 7.305383409317301e-9
            },
            {
              "__type__": "cc.Vec3",
              "x": -0.5030885338783264,
              "y": -0.03949052840471268,
              "z": 6.032544686007668e-9
            },
            {
              "__type__": "cc.Vec3",
              "x": -0.5577467679977417,
              "y": -0.03949052840471268,
              "z": 4.7597055186088255e-9
            },
            {
              "__type__": "cc.Vec3",
              "x": -0.6119958162307739,
              "y": -0.03949052840471268,
              "z": 3.4868667952991927e-9
            },
            {
              "__type__": "cc.Vec3",
              "x": -0.665238082408905,
              "y": -0.03949052840471268,
              "z": 2.214027849944955e-9
            },
            {
              "__type__": "cc.Vec3",
              "x": -0.7161380052566528,
              "y": -0.03949052840471268,
              "z": 9.411890156130198e-10
            },
            {
              "__type__": "cc.Vec3",
              "x": -0.7559774518013,
              "y": -0.03949052840471268,
              "z": -3.3164990198564226e-10
            },
            {
              "__type__": "cc.Vec3",
              "x": -0.7559774518013,
              "y": -0.03949052840471268,
              "z": -1.6044887640731531e-9
            },
            {
              "__type__": "cc.Vec3",
              "x": -0.7559774518013,
              "y": -0.03949052840471268,
              "z": -2.877327709427391e-9
            },
            {
              "__type__": "cc.Vec3",
              "x": -0.7559774518013,
              "y": -0.03949052840471268,
              "z": -4.1501664327370236e-9
            },
            {
              "__type__": "cc.Vec3",
              "x": -0.7559774518013,
              "y": -0.03949052840471268,
              "z": -5.423005156046656e-9
            },
            {
              "__type__": "cc.Vec3",
              "x": -0.7559774518013,
              "y": -0.03949052840471268,
              "z": -6.695844323445499e-9
            },
            {
              "__type__": "cc.Vec3",
              "x": -0.7559774518013,
              "y": -0.03949052840471268,
              "z": -7.968683490844342e-9
            },
            {
              "__type__": "cc.Vec3",
              "x": -0.7559774518013,
              "y": -0.03949052840471268,
              "z": -9.241522214153974e-9
            },
            {
              "__type__": "cc.Vec3",
              "x": -0.7559774518013,
              "y": -0.03949052840471268,
              "z": -1.0514360937463607e-8
            },
            {
              "__type__": "cc.Vec3",
              "x": -0.7559774518013,
              "y": -0.03949052840471268,
              "z": -1.178719966077324e-8
            },
            {
              "__type__": "cc.Vec3",
              "x": -0.7559774518013,
              "y": -0.03949052840471268,
              "z": -1.3060039272261292e-8
            },
            {
              "__type__": "cc.Vec3",
              "x": -0.7559774518013,
              "y": -0.03949052840471268,
              "z": -1.4332877995570925e-8
            },
            {
              "__type__": "cc.Vec3",
              "x": -0.7559774518013,
              "y": -0.03949052840471268,
              "z": -1.5605717607058978e-8
            },
            {
              "__type__": "cc.Vec3",
              "x": -0.7559774518013,
              "y": -0.03949052840471268,
              "z": -1.687855544219019e-8
            },
            {
              "__type__": "cc.Vec3",
              "x": -0.7559774518013,
              "y": -0.03949052840471268,
              "z": -1.8151393277321404e-8
            },
            {
              "__type__": "cc.Vec3",
              "x": -0.7559774518013,
              "y": -0.03949052840471268,
              "z": -1.9424232888809456e-8
            },
            {
              "__type__": "cc.Vec3",
              "x": -0.7559774518013,
              "y": -0.03949052840471268,
              "z": -2.069707250029751e-8
            },
            {
              "__type__": "cc.Vec3",
              "x": -0.7559774518013,
              "y": -0.03949052840471268,
              "z": -2.1969910335428722e-8
            },
            {
              "__type__": "cc.Vec3",
              "x": -0.7559774518013,
              "y": -0.03949052840471268,
              "z": -2.3242749946916774e-8
            },
            {
              "__type__": "cc.Vec3",
              "x": -0.7559774518013,
              "y": -0.03949052840471268,
              "z": -2.4515587782047987e-8
            },
            {
              "__type__": "cc.Vec3",
              "x": -0.7559774518013,
              "y": -0.03949052840471268,
              "z": -2.57884256171792e-8
            }
          ],
          "interpolate": true
        },
        "rotation": {
          "keys": 0,
          "blending": "additiveQuat",
          "values": [
            {
              "__type__": "cc.Quat",
              "x": -1.9865238401191136e-14,
              "y": -0.04269488900899887,
              "z": 1.3402630116843284e-8,
              "w": 0.9990881681442261
            },
            {
              "__type__": "cc.Quat",
              "x": -2.8905935804679483e-12,
              "y": -0.04212944954633713,
              "z": 1.3136013166104021e-8,
              "w": 0.9991121888160706
            },
            {
              "__type__": "cc.Quat",
              "x": -2.014611220901852e-11,
              "y": -0.0404275543987751,
              "z": 1.287057838084138e-8,
              "w": 0.9991824626922607
            },
            {
              "__type__": "cc.Quat",
              "x": -4.997084343538738e-11,
              "y": -0.03766000643372536,
              "z": 1.2606090393774139e-8,
              "w": 0.9992905855178833
            },
            {
              "__type__": "cc.Quat",
              "x": -8.88659215658727e-11,
              "y": -0.03403959423303604,
              "z": 1.234215840639763e-8,
              "w": 0.9994204640388489
            },
            {
              "__type__": "cc.Quat",
              "x": -1.3164209999860788e-10,
              "y": -0.02993759885430336,
              "z": 1.2078296585116277e-8,
              "w": 0.9995517730712891
            },
            {
              "__type__": "cc.Quat",
              "x": -1.7221182813109692e-10,
              "y": -0.025835098698735237,
              "z": 1.181403330718922e-8,
              "w": 0.9996662139892578
            },
            {
              "__type__": "cc.Quat",
              "x": -2.050057623659285e-10,
              "y": -0.022213397547602654,
              "z": 1.154903728206591e-8,
              "w": 0.9997532367706299
            },
            {
              "__type__": "cc.Quat",
              "x": -2.262115772477813e-10,
              "y": -0.019444338977336884,
              "z": 1.1283167289377616e-8,
              "w": 0.9998109340667725
            },
            {
              "__type__": "cc.Quat",
              "x": -2.3416549255195207e-10,
              "y": -0.01774129457771778,
              "z": 1.1016431322730114e-8,
              "w": 0.9998425841331482
            },
            {
              "__type__": "cc.Quat",
              "x": -2.2896262663607558e-10,
              "y": -0.017175422981381416,
              "z": 1.0748919976322213e-8,
              "w": 0.9998524785041809
            },
            {
              "__type__": "cc.Quat",
              "x": -2.175163660300683e-10,
              "y": -0.017175422981381416,
              "z": 1.0481056023081692e-8,
              "w": 0.9998524785041809
            },
            {
              "__type__": "cc.Quat",
              "x": -2.060700776684854e-10,
              "y": -0.017175422981381416,
              "z": 1.021319206984117e-8,
              "w": 0.9998524785041809
            },
            {
              "__type__": "cc.Quat",
              "x": -1.9462383094026592e-10,
              "y": -0.017175422981381416,
              "z": 9.945329004779069e-9,
              "w": 0.9998524785041809
            },
            {
              "__type__": "cc.Quat",
              "x": -1.8317755645647082e-10,
              "y": -0.017175422981381416,
              "z": 9.677464163360128e-9,
              "w": 0.9998524785041809
            },
            {
              "__type__": "cc.Quat",
              "x": -1.7173128197267573e-10,
              "y": -0.017175422981381416,
              "z": 9.409601098298026e-9,
              "w": 0.9998524785041809
            },
            {
              "__type__": "cc.Quat",
              "x": -1.6028500748888064e-10,
              "y": -0.017175422981381416,
              "z": 9.141736256879085e-9,
              "w": 0.9998524785041809
            },
            {
              "__type__": "cc.Quat",
              "x": -1.4883873300508554e-10,
              "y": -0.017175422981381416,
              "z": 8.873872303638564e-9,
              "w": 0.9998524785041809
            },
            {
              "__type__": "cc.Quat",
              "x": -1.3739248627686607e-10,
              "y": -0.017175422981381416,
              "z": 8.606008350398042e-9,
              "w": 0.9998524785041809
            },
            {
              "__type__": "cc.Quat",
              "x": -1.2594621179307097e-10,
              "y": -0.017175422981381416,
              "z": 8.338144397157521e-9,
              "w": 0.9998524785041809
            },
            {
              "__type__": "cc.Quat",
              "x": -1.1449993730927588e-10,
              "y": -0.017175422981381416,
              "z": 8.070280443917e-9,
              "w": 0.9998524785041809
            },
            {
              "__type__": "cc.Quat",
              "x": -1.0305365588658688e-10,
              "y": -0.017175422981381416,
              "z": 7.802416490676478e-9,
              "w": 0.9998524785041809
            },
            {
              "__type__": "cc.Quat",
              "x": -9.160738834168569e-11,
              "y": -0.017175422981381416,
              "z": 7.534553425614376e-9,
              "w": 0.9998524785041809
            },
            {
              "__type__": "cc.Quat",
              "x": -8.01611138578906e-11,
              "y": -0.017175422981381416,
              "z": 7.266689028284645e-9,
              "w": 0.9998524785041809
            },
            {
              "__type__": "cc.Quat",
              "x": -6.871486019077722e-11,
              "y": -0.017175422981381416,
              "z": 6.998825075044124e-9,
              "w": 0.9998524785041809
            },
            {
              "__type__": "cc.Quat",
              "x": -5.726858223753517e-11,
              "y": -0.017175422981381416,
              "z": 6.7309611218036025e-9,
              "w": 0.9998524785041809
            },
            {
              "__type__": "cc.Quat",
              "x": -4.582230775374008e-11,
              "y": -0.017175422981381416,
              "z": 6.463097168563081e-9,
              "w": 0.9998524785041809
            },
            {
              "__type__": "cc.Quat",
              "x": -3.437604020883889e-11,
              "y": -0.017175422981381416,
              "z": 6.19523365941177e-9,
              "w": 0.9998524785041809
            },
            {
              "__type__": "cc.Quat",
              "x": -2.2929763990320318e-11,
              "y": -0.017175422981381416,
              "z": 5.927369706171248e-9,
              "w": 0.9998524785041809
            },
            {
              "__type__": "cc.Quat",
              "x": -1.1483497312780866e-11,
              "y": -0.017175422981381416,
              "z": 5.659505752930727e-9,
              "w": 0.9998524785041809
            },
            {
              "__type__": "cc.Quat",
              "x": -3.723758091158172e-14,
              "y": -0.017175422981381416,
              "z": 5.3916417996902055e-9,
              "w": 0.9998524785041809
            }
          ],
          "interpolate": true
        },
        "scale": {
          "blending": "additive3D",
          "keys": -1,
          "values": [
            {
              "__type__": "cc.Vec3",
              "x": 1,
              "y": 1,
              "z": 1
            }
          ]
        }
      }
    },
    "RootNode/Armature/Master/Bow_a1": {
      "props": {
        "rotation": {
          "keys": 0,
          "blending": "additiveQuat",
          "values": [
            {
              "__type__": "cc.Quat",
              "x": -0.46457651257514954,
              "y": 0.5330747961997986,
              "z": 0.5330746173858643,
              "w": -0.4645765721797943
            },
            {
              "__type__": "cc.Quat",
              "x": -0.4640607535839081,
              "y": 0.5335238575935364,
              "z": 0.533523678779602,
              "w": -0.46406081318855286
            },
            {
              "__type__": "cc.Quat",
              "x": -0.46250593662261963,
              "y": 0.53487229347229,
              "z": 0.5348720550537109,
              "w": -0.4625059962272644
            },
            {
              "__type__": "cc.Quat",
              "x": -0.4599691927433014,
              "y": 0.5370553135871887,
              "z": 0.5370551347732544,
              "w": -0.45996925234794617
            },
            {
              "__type__": "cc.Quat",
              "x": -0.4566352367401123,
              "y": 0.5398929119110107,
              "z": 0.5398927330970764,
              "w": -0.4566352963447571
            },
            {
              "__type__": "cc.Quat",
              "x": -0.4528369605541229,
              "y": 0.5430826544761658,
              "z": 0.5430824756622314,
              "w": -0.4528370201587677
            },
            {
              "__type__": "cc.Quat",
              "x": -0.44901639223098755,
              "y": 0.5462456941604614,
              "z": 0.5462455153465271,
              "w": -0.4490164518356323
            },
            {
              "__type__": "cc.Quat",
              "x": -0.44562578201293945,
              "y": 0.54901522397995,
              "z": 0.5490150451660156,
              "w": -0.4456258714199066
            },
            {
              "__type__": "cc.Quat",
              "x": -0.4430222511291504,
              "y": 0.5511182546615601,
              "z": 0.5511180758476257,
              "w": -0.44302234053611755
            },
            {
              "__type__": "cc.Quat",
              "x": -0.44141632318496704,
              "y": 0.5524053573608398,
              "z": 0.5524051785469055,
              "w": -0.4414163827896118
            },
            {
              "__type__": "cc.Quat",
              "x": -0.4408819079399109,
              "y": 0.5528320074081421,
              "z": 0.5528318285942078,
              "w": -0.44088196754455566
            },
            {
              "__type__": "cc.Quat",
              "x": -0.4408819079399109,
              "y": 0.5528320074081421,
              "z": 0.5528318285942078,
              "w": -0.44088196754455566
            },
            {
              "__type__": "cc.Quat",
              "x": -0.4408819079399109,
              "y": 0.5528320074081421,
              "z": 0.5528318285942078,
              "w": -0.44088196754455566
            },
            {
              "__type__": "cc.Quat",
              "x": -0.4408819079399109,
              "y": 0.5528320074081421,
              "z": 0.5528318285942078,
              "w": -0.44088196754455566
            },
            {
              "__type__": "cc.Quat",
              "x": -0.4408819079399109,
              "y": 0.5528320074081421,
              "z": 0.5528318285942078,
              "w": -0.44088196754455566
            },
            {
              "__type__": "cc.Quat",
              "x": -0.4408819079399109,
              "y": 0.5528320074081421,
              "z": 0.5528318285942078,
              "w": -0.44088196754455566
            },
            {
              "__type__": "cc.Quat",
              "x": -0.4408819079399109,
              "y": 0.5528320074081421,
              "z": 0.5528318285942078,
              "w": -0.44088196754455566
            },
            {
              "__type__": "cc.Quat",
              "x": -0.4408819079399109,
              "y": 0.5528320074081421,
              "z": 0.5528318285942078,
              "w": -0.44088196754455566
            },
            {
              "__type__": "cc.Quat",
              "x": -0.4408819079399109,
              "y": 0.5528320074081421,
              "z": 0.5528318285942078,
              "w": -0.44088196754455566
            },
            {
              "__type__": "cc.Quat",
              "x": -0.4408819079399109,
              "y": 0.5528320074081421,
              "z": 0.5528318285942078,
              "w": -0.44088196754455566
            },
            {
              "__type__": "cc.Quat",
              "x": -0.4408819079399109,
              "y": 0.5528320074081421,
              "z": 0.5528318285942078,
              "w": -0.44088196754455566
            },
            {
              "__type__": "cc.Quat",
              "x": -0.4408819079399109,
              "y": 0.5528320074081421,
              "z": 0.5528318285942078,
              "w": -0.44088196754455566
            },
            {
              "__type__": "cc.Quat",
              "x": -0.4408819079399109,
              "y": 0.5528320074081421,
              "z": 0.5528318285942078,
              "w": -0.44088196754455566
            },
            {
              "__type__": "cc.Quat",
              "x": -0.4408819079399109,
              "y": 0.5528320074081421,
              "z": 0.5528318285942078,
              "w": -0.44088196754455566
            },
            {
              "__type__": "cc.Quat",
              "x": -0.4408819079399109,
              "y": 0.5528320074081421,
              "z": 0.5528318285942078,
              "w": -0.44088196754455566
            },
            {
              "__type__": "cc.Quat",
              "x": -0.4408819079399109,
              "y": 0.5528320074081421,
              "z": 0.5528318285942078,
              "w": -0.44088196754455566
            },
            {
              "__type__": "cc.Quat",
              "x": -0.4408819079399109,
              "y": 0.5528320074081421,
              "z": 0.5528318285942078,
              "w": -0.44088196754455566
            },
            {
              "__type__": "cc.Quat",
              "x": -0.4408819079399109,
              "y": 0.5528320074081421,
              "z": 0.5528318285942078,
              "w": -0.44088196754455566
            },
            {
              "__type__": "cc.Quat",
              "x": -0.4408819079399109,
              "y": 0.5528320074081421,
              "z": 0.5528318285942078,
              "w": -0.44088196754455566
            },
            {
              "__type__": "cc.Quat",
              "x": -0.4408819079399109,
              "y": 0.5528320074081421,
              "z": 0.5528318285942078,
              "w": -0.44088196754455566
            },
            {
              "__type__": "cc.Quat",
              "x": -0.4408819079399109,
              "y": 0.5528320074081421,
              "z": 0.5528318285942078,
              "w": -0.44088196754455566
            }
          ],
          "interpolate": true
        },
        "position": {
          "blending": "additive3D",
          "keys": -1,
          "values": [
            {
              "__type__": "cc.Vec3",
              "x": -0.00216717459261417,
              "y": -0.159184768795967,
              "z": 5.8367493949163e-8
            }
          ]
        },
        "scale": {
          "blending": "additive3D",
          "keys": -1,
          "values": [
            {
              "__type__": "cc.Vec3",
              "x": 0.999999940395355,
              "y": 1,
              "z": 1
            }
          ]
        }
      }
    },
    "RootNode/Armature/Master/Bow_a1/Bow_a2": {
      "props": {
        "rotation": {
          "keys": 0,
          "blending": "additiveQuat",
          "values": [
            {
              "__type__": "cc.Quat",
              "x": -0.7053393721580505,
              "y": -0.049962468445301056,
              "z": -0.04996243491768837,
              "w": 0.7053395509719849
            },
            {
              "__type__": "cc.Quat",
              "x": -0.7052907347679138,
              "y": -0.05064454674720764,
              "z": -0.05064450949430466,
              "w": 0.7052909135818481
            },
            {
              "__type__": "cc.Quat",
              "x": -0.7051403522491455,
              "y": -0.052697136998176575,
              "z": -0.05269710347056389,
              "w": 0.7051405310630798
            },
            {
              "__type__": "cc.Quat",
              "x": -0.7048830389976501,
              "y": -0.05603400617837906,
              "z": -0.05603397265076637,
              "w": 0.7048832178115845
            },
            {
              "__type__": "cc.Quat",
              "x": -0.7045225501060486,
              "y": -0.06039713695645332,
              "z": -0.06039709970355034,
              "w": 0.7045227885246277
            },
            {
              "__type__": "cc.Quat",
              "x": -0.7040815949440002,
              "y": -0.06533747911453247,
              "z": -0.06533744186162949,
              "w": 0.7040817737579346
            },
            {
              "__type__": "cc.Quat",
              "x": -0.7036059498786926,
              "y": -0.07027460634708405,
              "z": -0.07027456909418106,
              "w": 0.703606128692627
            },
            {
              "__type__": "cc.Quat",
              "x": -0.703157365322113,
              "y": -0.07462958246469498,
              "z": -0.0746295377612114,
              "w": 0.7031575441360474
            },
            {
              "__type__": "cc.Quat",
              "x": -0.7027962803840637,
              "y": -0.07795681059360504,
              "z": -0.07795676589012146,
              "w": 0.702796459197998
            },
            {
              "__type__": "cc.Quat",
              "x": -0.702566385269165,
              "y": -0.08000201731920242,
              "z": -0.08000197261571884,
              "w": 0.7025665640830994
            },
            {
              "__type__": "cc.Quat",
              "x": -0.7024887204170227,
              "y": -0.08068140596151352,
              "z": -0.08068136125802994,
              "w": 0.702488899230957
            },
            {
              "__type__": "cc.Quat",
              "x": -0.7024887204170227,
              "y": -0.08068140596151352,
              "z": -0.08068136125802994,
              "w": 0.702488899230957
            },
            {
              "__type__": "cc.Quat",
              "x": -0.7024887204170227,
              "y": -0.08068140596151352,
              "z": -0.08068136125802994,
              "w": 0.702488899230957
            },
            {
              "__type__": "cc.Quat",
              "x": -0.7024887204170227,
              "y": -0.08068140596151352,
              "z": -0.08068136125802994,
              "w": 0.702488899230957
            },
            {
              "__type__": "cc.Quat",
              "x": -0.7024887204170227,
              "y": -0.08068140596151352,
              "z": -0.08068136125802994,
              "w": 0.702488899230957
            },
            {
              "__type__": "cc.Quat",
              "x": -0.7024887204170227,
              "y": -0.08068140596151352,
              "z": -0.08068136125802994,
              "w": 0.702488899230957
            },
            {
              "__type__": "cc.Quat",
              "x": -0.7024887204170227,
              "y": -0.08068141341209412,
              "z": -0.08068136870861053,
              "w": 0.702488899230957
            },
            {
              "__type__": "cc.Quat",
              "x": -0.7024887204170227,
              "y": -0.08068141341209412,
              "z": -0.08068136870861053,
              "w": 0.702488899230957
            },
            {
              "__type__": "cc.Quat",
              "x": -0.7024887204170227,
              "y": -0.08068141341209412,
              "z": -0.08068136870861053,
              "w": 0.702488899230957
            },
            {
              "__type__": "cc.Quat",
              "x": -0.7024887204170227,
              "y": -0.08068141341209412,
              "z": -0.08068136870861053,
              "w": 0.702488899230957
            },
            {
              "__type__": "cc.Quat",
              "x": -0.7024887204170227,
              "y": -0.08068141341209412,
              "z": -0.08068136870861053,
              "w": 0.702488899230957
            },
            {
              "__type__": "cc.Quat",
              "x": -0.7024887204170227,
              "y": -0.08068141341209412,
              "z": -0.08068136870861053,
              "w": 0.702488899230957
            },
            {
              "__type__": "cc.Quat",
              "x": -0.7024887204170227,
              "y": -0.08068141341209412,
              "z": -0.08068136870861053,
              "w": 0.702488899230957
            },
            {
              "__type__": "cc.Quat",
              "x": -0.7024887204170227,
              "y": -0.08068141341209412,
              "z": -0.08068136870861053,
              "w": 0.702488899230957
            },
            {
              "__type__": "cc.Quat",
              "x": -0.7024887204170227,
              "y": -0.08068141341209412,
              "z": -0.08068136870861053,
              "w": 0.702488899230957
            },
            {
              "__type__": "cc.Quat",
              "x": -0.7024887204170227,
              "y": -0.08068141341209412,
              "z": -0.08068136870861053,
              "w": 0.702488899230957
            },
            {
              "__type__": "cc.Quat",
              "x": -0.7024887204170227,
              "y": -0.08068141341209412,
              "z": -0.08068136870861053,
              "w": 0.702488899230957
            },
            {
              "__type__": "cc.Quat",
              "x": -0.7024887204170227,
              "y": -0.08068141341209412,
              "z": -0.08068136870861053,
              "w": 0.702488899230957
            },
            {
              "__type__": "cc.Quat",
              "x": -0.7024887204170227,
              "y": -0.08068141341209412,
              "z": -0.08068136870861053,
              "w": 0.702488899230957
            },
            {
              "__type__": "cc.Quat",
              "x": -0.7024887204170227,
              "y": -0.08068141341209412,
              "z": -0.08068136870861053,
              "w": 0.702488899230957
            },
            {
              "__type__": "cc.Quat",
              "x": -0.7024887204170227,
              "y": -0.08068141341209412,
              "z": -0.08068136870861053,
              "w": 0.702488899230957
            }
          ],
          "interpolate": true
        },
        "position": {
          "blending": "additive3D",
          "keys": -1,
          "values": [
            {
              "__type__": "cc.Vec3",
              "x": 0.339855849742889,
              "y": 2.56583998492488e-8,
              "z": -5.96046501044611e-9
            }
          ]
        },
        "scale": {
          "blending": "additive3D",
          "keys": -1,
          "values": [
            {
              "__type__": "cc.Vec3",
              "x": 1,
              "y": 1,
              "z": 1
            }
          ]
        }
      }
    },
    "RootNode/Armature/Master/Bow_a1/Bow_a2/Bow_a3": {
      "props": {
        "rotation": {
          "keys": 0,
          "blending": "additiveQuat",
          "values": [
            {
              "__type__": "cc.Quat",
              "x": -2.126618525721824e-8,
              "y": 2.8277568731027714e-8,
              "z": -0.04601248353719711,
              "w": 0.9989408850669861
            },
            {
              "__type__": "cc.Quat",
              "x": -2.1143639727938535e-8,
              "y": 2.781111874128328e-8,
              "z": -0.046978484839200974,
              "w": 0.9988958835601807
            },
            {
              "__type__": "cc.Quat",
              "x": -2.0968833780443674e-8,
              "y": 2.73852656107465e-8,
              "z": -0.049885645508766174,
              "w": 0.9987549185752869
            },
            {
              "__type__": "cc.Quat",
              "x": -2.0747519258179636e-8,
              "y": 2.6996490376518523e-8,
              "z": -0.05461224168539047,
              "w": 0.9985076189041138
            },
            {
              "__type__": "cc.Quat",
              "x": -2.0491532026767345e-8,
              "y": 2.6636156391646182e-8,
              "z": -0.060793351382017136,
              "w": 0.9981503486633301
            },
            {
              "__type__": "cc.Quat",
              "x": -2.021917566707998e-8,
              "y": 2.6290360111147493e-8,
              "z": -0.06779332458972931,
              "w": 0.9976993799209595
            },
            {
              "__type__": "cc.Quat",
              "x": -1.9952681284962637e-8,
              "y": 2.5942075154716804e-8,
              "z": -0.07478996366262436,
              "w": 0.997199296951294
            },
            {
              "__type__": "cc.Quat",
              "x": -1.9713127130671637e-8,
              "y": 2.5575154438683967e-8,
              "z": -0.08096259832382202,
              "w": 0.9967171549797058
            },
            {
              "__type__": "cc.Quat",
              "x": -1.95156264481966e-8,
              "y": 2.517784558619951e-8,
              "z": -0.08567915856838226,
              "w": 0.996322751045227
            },
            {
              "__type__": "cc.Quat",
              "x": -1.9367458747865385e-8,
              "y": 2.474399529717175e-8,
              "z": -0.08857868611812592,
              "w": 0.9960691928863525
            },
            {
              "__type__": "cc.Quat",
              "x": -1.9269190687509763e-8,
              "y": 2.4272095444644037e-8,
              "z": -0.08954187482595444,
              "w": 0.9959830641746521
            },
            {
              "__type__": "cc.Quat",
              "x": -1.919485903556506e-8,
              "y": 2.3781476343742725e-8,
              "z": -0.08954187482595444,
              "w": 0.9959830641746521
            },
            {
              "__type__": "cc.Quat",
              "x": -1.9120530936334035e-8,
              "y": 2.3290857242841412e-8,
              "z": -0.08954187482595444,
              "w": 0.9959830641746521
            },
            {
              "__type__": "cc.Quat",
              "x": -1.904619928438933e-8,
              "y": 2.2800241694653778e-8,
              "z": -0.08954187482595444,
              "w": 0.9959830641746521
            },
            {
              "__type__": "cc.Quat",
              "x": -1.8971867632444628e-8,
              "y": 2.2309622593752465e-8,
              "z": -0.08954187482595444,
              "w": 0.9959830641746521
            },
            {
              "__type__": "cc.Quat",
              "x": -1.8897537756856764e-8,
              "y": 2.1819003492851152e-8,
              "z": -0.08954187482595444,
              "w": 0.9959830641746521
            },
            {
              "__type__": "cc.Quat",
              "x": -1.88232078812689e-8,
              "y": 2.1328389721020358e-8,
              "z": -0.08954188972711563,
              "w": 0.9959830641746521
            },
            {
              "__type__": "cc.Quat",
              "x": -1.8748876229324196e-8,
              "y": 2.0837770620119045e-8,
              "z": -0.08954188972711563,
              "w": 0.9959830641746521
            },
            {
              "__type__": "cc.Quat",
              "x": -1.8674546353736332e-8,
              "y": 2.034715329557457e-8,
              "z": -0.08954188972711563,
              "w": 0.9959830641746521
            },
            {
              "__type__": "cc.Quat",
              "x": -1.8600216478148468e-8,
              "y": 1.985653419467326e-8,
              "z": -0.08954188972711563,
              "w": 0.9959830641746521
            },
            {
              "__type__": "cc.Quat",
              "x": -1.8525886602560604e-8,
              "y": 1.9365915093771946e-8,
              "z": -0.08954188972711563,
              "w": 0.9959830641746521
            },
            {
              "__type__": "cc.Quat",
              "x": -1.84515549506159e-8,
              "y": 1.8875299545584312e-8,
              "z": -0.08954188972711563,
              "w": 0.9959830641746521
            },
            {
              "__type__": "cc.Quat",
              "x": -1.8377226851384876e-8,
              "y": 1.8384680444683e-8,
              "z": -0.08954188972711563,
              "w": 0.9959830641746521
            },
            {
              "__type__": "cc.Quat",
              "x": -1.8302895199440172e-8,
              "y": 1.7894064896495365e-8,
              "z": -0.08954189717769623,
              "w": 0.9959830641746521
            },
            {
              "__type__": "cc.Quat",
              "x": -1.822856354749547e-8,
              "y": 1.7403445795594052e-8,
              "z": -0.08954189717769623,
              "w": 0.9959830641746521
            },
            {
              "__type__": "cc.Quat",
              "x": -1.8154235448264444e-8,
              "y": 1.691282669469274e-8,
              "z": -0.08954189717769623,
              "w": 0.9959830641746521
            },
            {
              "__type__": "cc.Quat",
              "x": -1.807990379631974e-8,
              "y": 1.6422209370148266e-8,
              "z": -0.08954189717769623,
              "w": 0.9959830641746521
            },
            {
              "__type__": "cc.Quat",
              "x": -1.8005573920731877e-8,
              "y": 1.5931592045603793e-8,
              "z": -0.08954189717769623,
              "w": 0.9959830641746521
            },
            {
              "__type__": "cc.Quat",
              "x": -1.7931242268787173e-8,
              "y": 1.544097294470248e-8,
              "z": -0.08954189717769623,
              "w": 0.9959830641746521
            },
            {
              "__type__": "cc.Quat",
              "x": -1.785691416955615e-8,
              "y": 1.4950353843801167e-8,
              "z": -0.08954189717769623,
              "w": 0.9959830641746521
            },
            {
              "__type__": "cc.Quat",
              "x": -1.7782582517611445e-8,
              "y": 1.4459736519256694e-8,
              "z": -0.08954189717769623,
              "w": 0.9959830641746521
            }
          ],
          "interpolate": true
        },
        "position": {
          "blending": "additive3D",
          "keys": -1,
          "values": [
            {
              "__type__": "cc.Vec3",
              "x": 0.245776951313019,
              "y": 9.5367438390781e-9,
              "z": 6.79999998231531e-15
            }
          ]
        },
        "scale": {
          "blending": "additive3D",
          "keys": -1,
          "values": [
            {
              "__type__": "cc.Vec3",
              "x": 0.99999988079071,
              "y": 0.99999988079071,
              "z": 1
            }
          ]
        }
      }
    },
    "RootNode/Armature/Master/Bow_a1/Bow_a2/Bow_a3/Bow_a4": {
      "props": {
        "rotation": {
          "keys": 0,
          "blending": "additiveQuat",
          "values": [
            {
              "__type__": "cc.Quat",
              "x": -1.4005482285028847e-7,
              "y": -3.067341225460041e-8,
              "z": 0.018822353333234787,
              "w": 0.9998228549957275
            },
            {
              "__type__": "cc.Quat",
              "x": -1.3989831870730995e-7,
              "y": -3.0954758756251977e-8,
              "z": 0.017855480313301086,
              "w": 0.9998405575752258
            },
            {
              "__type__": "cc.Quat",
              "x": -1.398029212396068e-7,
              "y": -3.096478096153987e-8,
              "z": 0.014945282600820065,
              "w": 0.9998883008956909
            },
            {
              "__type__": "cc.Quat",
              "x": -1.3976497825751721e-7,
              "y": -3.0720954669050116e-8,
              "z": 0.010212625376880169,
              "w": 0.9999478459358215
            },
            {
              "__type__": "cc.Quat",
              "x": -1.3977218316085782e-7,
              "y": -3.02743607960565e-8,
              "z": 0.00402136379852891,
              "w": 0.9999918937683105
            },
            {
              "__type__": "cc.Quat",
              "x": -1.3980371704747085e-7,
              "y": -2.9713783433749086e-8,
              "z": -0.002993116620928049,
              "w": 0.9999955296516418
            },
            {
              "__type__": "cc.Quat",
              "x": -1.3983428459596325e-7,
              "y": -2.9154231029338007e-8,
              "z": -0.010007449425756931,
              "w": 0.9999499320983887
            },
            {
              "__type__": "cc.Quat",
              "x": -1.3984029578750778e-7,
              "y": -2.8710797295161683e-8,
              "z": -0.016198359429836273,
              "w": 0.9998688101768494
            },
            {
              "__type__": "cc.Quat",
              "x": -1.3980482549413864e-7,
              "y": -2.8472312507688002e-8,
              "z": -0.020930614322423935,
              "w": 0.9997809529304504
            },
            {
              "__type__": "cc.Quat",
              "x": -1.3971852297345322e-7,
              "y": -2.8489475667470288e-8,
              "z": -0.023840468376874924,
              "w": 0.9997158050537109
            },
            {
              "__type__": "cc.Quat",
              "x": -1.3957783551177272e-7,
              "y": -2.8778709193488794e-8,
              "z": -0.02480720728635788,
              "w": 0.9996922612190247
            },
            {
              "__type__": "cc.Quat",
              "x": -1.3940967846792773e-7,
              "y": -2.9203068407923638e-8,
              "z": -0.02480720728635788,
              "w": 0.9996922612190247
            },
            {
              "__type__": "cc.Quat",
              "x": -1.3924150721322803e-7,
              "y": -2.9627427622358482e-8,
              "z": -0.02480720728635788,
              "w": 0.9996922612190247
            },
            {
              "__type__": "cc.Quat",
              "x": -1.3907333595852833e-7,
              "y": -3.005178328407965e-8,
              "z": -0.02480720728635788,
              "w": 0.9996922612190247
            },
            {
              "__type__": "cc.Quat",
              "x": -1.3890516470382863e-7,
              "y": -3.047614427487133e-8,
              "z": -0.02480720728635788,
              "w": 0.9996922612190247
            },
            {
              "__type__": "cc.Quat",
              "x": -1.3873702187083836e-7,
              "y": -3.0900505265663014e-8,
              "z": -0.02480720728635788,
              "w": 0.9996922612190247
            },
            {
              "__type__": "cc.Quat",
              "x": -1.3856885061613866e-7,
              "y": -3.13248662564547e-8,
              "z": -0.02480720914900303,
              "w": 0.9996922612190247
            },
            {
              "__type__": "cc.Quat",
              "x": -1.3840067936143896e-7,
              "y": -3.174922724724638e-8,
              "z": -0.02480720914900303,
              "w": 0.9996922612190247
            },
            {
              "__type__": "cc.Quat",
              "x": -1.3823252231759398e-7,
              "y": -3.2173584685324386e-8,
              "z": -0.02480720914900303,
              "w": 0.9996922612190247
            },
            {
              "__type__": "cc.Quat",
              "x": -1.3806435106289427e-7,
              "y": -3.259794567611607e-8,
              "z": -0.02480720914900303,
              "w": 0.9996922612190247
            },
            {
              "__type__": "cc.Quat",
              "x": -1.3789617980819457e-7,
              "y": -3.302230666690775e-8,
              "z": -0.02480720914900303,
              "w": 0.9996922612190247
            },
            {
              "__type__": "cc.Quat",
              "x": -1.377280227643496e-7,
              "y": -3.344666410498576e-8,
              "z": -0.02480720914900303,
              "w": 0.9996922612190247
            },
            {
              "__type__": "cc.Quat",
              "x": -1.375598515096499e-7,
              "y": -3.387102509577744e-8,
              "z": -0.02480720914900303,
              "w": 0.9996922612190247
            },
            {
              "__type__": "cc.Quat",
              "x": -1.373916944658049e-7,
              "y": -3.42953896392828e-8,
              "z": -0.024807212874293327,
              "w": 0.9996922612190247
            },
            {
              "__type__": "cc.Quat",
              "x": -1.372235232111052e-7,
              "y": -3.471974707736081e-8,
              "z": -0.024807212874293327,
              "w": 0.9996922612190247
            },
            {
              "__type__": "cc.Quat",
              "x": -1.370553519564055e-7,
              "y": -3.514410451543881e-8,
              "z": -0.024807212874293327,
              "w": 0.9996922612190247
            },
            {
              "__type__": "cc.Quat",
              "x": -1.3688720912341523e-7,
              "y": -3.5568465506230496e-8,
              "z": -0.024807212874293327,
              "w": 0.9996922612190247
            },
            {
              "__type__": "cc.Quat",
              "x": -1.3671903786871553e-7,
              "y": -3.59928229443085e-8,
              "z": -0.024807212874293327,
              "w": 0.9996922612190247
            },
            {
              "__type__": "cc.Quat",
              "x": -1.3655088082487055e-7,
              "y": -3.6417183935100184e-8,
              "z": -0.024807212874293327,
              "w": 0.9996922612190247
            },
            {
              "__type__": "cc.Quat",
              "x": -1.3638270957017085e-7,
              "y": -3.684154492589187e-8,
              "z": -0.024807212874293327,
              "w": 0.9996922612190247
            },
            {
              "__type__": "cc.Quat",
              "x": -1.3621453831547115e-7,
              "y": -3.726590236396987e-8,
              "z": -0.024807212874293327,
              "w": 0.9996922612190247
            }
          ],
          "interpolate": true
        },
        "position": {
          "blending": "additive3D",
          "keys": -1,
          "values": [
            {
              "__type__": "cc.Vec3",
              "x": 0.224488198757172,
              "y": 9.53673584547232e-9,
              "z": 5.68000007989647e-15
            }
          ]
        },
        "scale": {
          "blending": "additive3D",
          "keys": -1,
          "values": [
            {
              "__type__": "cc.Vec3",
              "x": 0.999999940395355,
              "y": 0.999999940395355,
              "z": 1
            }
          ]
        }
      }
    },
    "RootNode/Armature/Master/Bow_b1": {
      "props": {
        "rotation": {
          "keys": 0,
          "blending": "additiveQuat",
          "values": [
            {
              "__type__": "cc.Quat",
              "x": 0.46457675099372864,
              "y": 0.5330751538276672,
              "z": 0.5330743193626404,
              "w": 0.46457624435424805
            },
            {
              "__type__": "cc.Quat",
              "x": 0.46406102180480957,
              "y": 0.5335241556167603,
              "z": 0.5335233807563782,
              "w": 0.464060515165329
            },
            {
              "__type__": "cc.Quat",
              "x": 0.4625062048435211,
              "y": 0.5348725914955139,
              "z": 0.5348717570304871,
              "w": 0.4625056982040405
            },
            {
              "__type__": "cc.Quat",
              "x": 0.4599694609642029,
              "y": 0.5370556116104126,
              "z": 0.5370548367500305,
              "w": 0.4599689543247223
            },
            {
              "__type__": "cc.Quat",
              "x": 0.4566355049610138,
              "y": 0.5398932099342346,
              "z": 0.5398923754692078,
              "w": 0.4566350281238556
            },
            {
              "__type__": "cc.Quat",
              "x": 0.4528372287750244,
              "y": 0.5430829524993896,
              "z": 0.5430821776390076,
              "w": 0.4528367519378662
            },
            {
              "__type__": "cc.Quat",
              "x": 0.44901666045188904,
              "y": 0.5462459921836853,
              "z": 0.5462452173233032,
              "w": 0.44901618361473083
            },
            {
              "__type__": "cc.Quat",
              "x": 0.44562608003616333,
              "y": 0.5490155220031738,
              "z": 0.5490147471427917,
              "w": 0.44562557339668274
            },
            {
              "__type__": "cc.Quat",
              "x": 0.44302254915237427,
              "y": 0.5511186122894287,
              "z": 0.5511177778244019,
              "w": 0.4430220425128937
            },
            {
              "__type__": "cc.Quat",
              "x": 0.44141659140586853,
              "y": 0.5524057149887085,
              "z": 0.5524048805236816,
              "w": 0.4414161145687103
            },
            {
              "__type__": "cc.Quat",
              "x": 0.4408821761608124,
              "y": 0.552832305431366,
              "z": 0.5528314709663391,
              "w": 0.4408816993236542
            },
            {
              "__type__": "cc.Quat",
              "x": 0.4408821761608124,
              "y": 0.552832305431366,
              "z": 0.5528314709663391,
              "w": 0.4408816993236542
            },
            {
              "__type__": "cc.Quat",
              "x": 0.4408821761608124,
              "y": 0.552832305431366,
              "z": 0.5528314709663391,
              "w": 0.4408816993236542
            },
            {
              "__type__": "cc.Quat",
              "x": 0.4408821761608124,
              "y": 0.552832305431366,
              "z": 0.5528314709663391,
              "w": 0.4408816993236542
            },
            {
              "__type__": "cc.Quat",
              "x": 0.4408821761608124,
              "y": 0.552832305431366,
              "z": 0.5528314709663391,
              "w": 0.4408816993236542
            },
            {
              "__type__": "cc.Quat",
              "x": 0.4408821761608124,
              "y": 0.552832305431366,
              "z": 0.5528314709663391,
              "w": 0.4408816993236542
            },
            {
              "__type__": "cc.Quat",
              "x": 0.4408821761608124,
              "y": 0.552832305431366,
              "z": 0.5528314709663391,
              "w": 0.4408816993236542
            },
            {
              "__type__": "cc.Quat",
              "x": 0.4408821761608124,
              "y": 0.552832305431366,
              "z": 0.5528314709663391,
              "w": 0.4408816993236542
            },
            {
              "__type__": "cc.Quat",
              "x": 0.4408821761608124,
              "y": 0.552832305431366,
              "z": 0.5528314709663391,
              "w": 0.4408816993236542
            },
            {
              "__type__": "cc.Quat",
              "x": 0.4408821761608124,
              "y": 0.552832305431366,
              "z": 0.5528314709663391,
              "w": 0.4408816993236542
            },
            {
              "__type__": "cc.Quat",
              "x": 0.4408821761608124,
              "y": 0.552832305431366,
              "z": 0.5528314709663391,
              "w": 0.4408816993236542
            },
            {
              "__type__": "cc.Quat",
              "x": 0.4408821761608124,
              "y": 0.552832305431366,
              "z": 0.5528314709663391,
              "w": 0.4408816993236542
            },
            {
              "__type__": "cc.Quat",
              "x": 0.4408821761608124,
              "y": 0.552832305431366,
              "z": 0.5528314709663391,
              "w": 0.4408816993236542
            },
            {
              "__type__": "cc.Quat",
              "x": 0.4408821761608124,
              "y": 0.552832305431366,
              "z": 0.5528314709663391,
              "w": 0.4408816993236542
            },
            {
              "__type__": "cc.Quat",
              "x": 0.4408821761608124,
              "y": 0.552832305431366,
              "z": 0.5528314709663391,
              "w": 0.4408816993236542
            },
            {
              "__type__": "cc.Quat",
              "x": 0.4408821761608124,
              "y": 0.552832305431366,
              "z": 0.5528314709663391,
              "w": 0.4408816993236542
            },
            {
              "__type__": "cc.Quat",
              "x": 0.4408821761608124,
              "y": 0.552832305431366,
              "z": 0.5528314709663391,
              "w": 0.4408816993236542
            },
            {
              "__type__": "cc.Quat",
              "x": 0.4408821761608124,
              "y": 0.552832305431366,
              "z": 0.5528314709663391,
              "w": 0.4408816993236542
            },
            {
              "__type__": "cc.Quat",
              "x": 0.4408821761608124,
              "y": 0.552832305431366,
              "z": 0.5528314709663391,
              "w": 0.4408816993236542
            },
            {
              "__type__": "cc.Quat",
              "x": 0.4408821761608124,
              "y": 0.552832305431366,
              "z": 0.5528314709663391,
              "w": 0.4408816993236542
            },
            {
              "__type__": "cc.Quat",
              "x": 0.4408821761608124,
              "y": 0.552832305431366,
              "z": 0.5528314709663391,
              "w": 0.4408816993236542
            }
          ],
          "interpolate": true
        },
        "position": {
          "blending": "additive3D",
          "keys": -1,
          "values": [
            {
              "__type__": "cc.Vec3",
              "x": -0.00216716062277555,
              "y": 0.159184798598289,
              "z": -4.15739798143022e-8
            }
          ]
        },
        "scale": {
          "blending": "additive3D",
          "keys": -1,
          "values": [
            {
              "__type__": "cc.Vec3",
              "x": 0.999999940395355,
              "y": 1,
              "z": 0.999999940395355
            }
          ]
        }
      }
    },
    "RootNode/Armature/Master/Bow_b1/Bow_b2": {
      "props": {
        "rotation": {
          "keys": 0,
          "blending": "additiveQuat",
          "values": [
            {
              "__type__": "cc.Quat",
              "x": -0.7053396701812744,
              "y": 0.049962468445301056,
              "z": 0.0499623641371727,
              "w": 0.705339252948761
            },
            {
              "__type__": "cc.Quat",
              "x": -0.7052910327911377,
              "y": 0.050644535571336746,
              "z": 0.05064442753791809,
              "w": 0.7052906155586243
            },
            {
              "__type__": "cc.Quat",
              "x": -0.7051406502723694,
              "y": 0.052697133272886276,
              "z": 0.05269702523946762,
              "w": 0.7051401734352112
            },
            {
              "__type__": "cc.Quat",
              "x": -0.704883337020874,
              "y": 0.05603399872779846,
              "z": 0.05603388696908951,
              "w": 0.7048828601837158
            },
            {
              "__type__": "cc.Quat",
              "x": -0.7045229077339172,
              "y": 0.06039712578058243,
              "z": 0.06039701774716377,
              "w": 0.704522430896759
            },
            {
              "__type__": "cc.Quat",
              "x": -0.7040818929672241,
              "y": 0.06533747911453247,
              "z": 0.06533737480640411,
              "w": 0.7040814757347107
            },
            {
              "__type__": "cc.Quat",
              "x": -0.7036063075065613,
              "y": 0.07027461379766464,
              "z": 0.07027450948953629,
              "w": 0.7036058306694031
            },
            {
              "__type__": "cc.Quat",
              "x": -0.7031577229499817,
              "y": 0.07462955266237259,
              "z": 0.07462944090366364,
              "w": 0.7031572461128235
            },
            {
              "__type__": "cc.Quat",
              "x": -0.7027965784072876,
              "y": 0.07795679569244385,
              "z": 0.0779566839337349,
              "w": 0.7027961611747742
            },
            {
              "__type__": "cc.Quat",
              "x": -0.7025667428970337,
              "y": 0.08000200241804123,
              "z": 0.08000189065933228,
              "w": 0.7025662660598755
            },
            {
              "__type__": "cc.Quat",
              "x": -0.7024890184402466,
              "y": 0.08068138360977173,
              "z": 0.08068127185106277,
              "w": 0.7024886012077332
            },
            {
              "__type__": "cc.Quat",
              "x": -0.7024890184402466,
              "y": 0.08068139106035233,
              "z": 0.08068127185106277,
              "w": 0.7024886012077332
            },
            {
              "__type__": "cc.Quat",
              "x": -0.7024890184402466,
              "y": 0.08068139106035233,
              "z": 0.08068127185106277,
              "w": 0.7024886012077332
            },
            {
              "__type__": "cc.Quat",
              "x": -0.7024890184402466,
              "y": 0.08068139106035233,
              "z": 0.08068127185106277,
              "w": 0.7024886012077332
            },
            {
              "__type__": "cc.Quat",
              "x": -0.7024890184402466,
              "y": 0.08068139106035233,
              "z": 0.08068126440048218,
              "w": 0.7024886012077332
            },
            {
              "__type__": "cc.Quat",
              "x": -0.7024890184402466,
              "y": 0.08068139106035233,
              "z": 0.08068126440048218,
              "w": 0.7024886012077332
            },
            {
              "__type__": "cc.Quat",
              "x": -0.7024890184402466,
              "y": 0.08068139106035233,
              "z": 0.08068126440048218,
              "w": 0.7024886012077332
            },
            {
              "__type__": "cc.Quat",
              "x": -0.7024890184402466,
              "y": 0.08068139851093292,
              "z": 0.08068126440048218,
              "w": 0.7024886012077332
            },
            {
              "__type__": "cc.Quat",
              "x": -0.7024890184402466,
              "y": 0.08068139851093292,
              "z": 0.08068126440048218,
              "w": 0.7024886012077332
            },
            {
              "__type__": "cc.Quat",
              "x": -0.7024890184402466,
              "y": 0.08068139851093292,
              "z": 0.08068125694990158,
              "w": 0.7024886012077332
            },
            {
              "__type__": "cc.Quat",
              "x": -0.7024890184402466,
              "y": 0.08068139851093292,
              "z": 0.08068125694990158,
              "w": 0.7024886012077332
            },
            {
              "__type__": "cc.Quat",
              "x": -0.7024890184402466,
              "y": 0.08068139851093292,
              "z": 0.08068125694990158,
              "w": 0.7024886012077332
            },
            {
              "__type__": "cc.Quat",
              "x": -0.7024890184402466,
              "y": 0.08068140596151352,
              "z": 0.08068125694990158,
              "w": 0.7024886012077332
            },
            {
              "__type__": "cc.Quat",
              "x": -0.7024890184402466,
              "y": 0.08068139851093292,
              "z": 0.08068124949932098,
              "w": 0.7024886012077332
            },
            {
              "__type__": "cc.Quat",
              "x": -0.7024890184402466,
              "y": 0.08068139851093292,
              "z": 0.08068124949932098,
              "w": 0.7024886012077332
            },
            {
              "__type__": "cc.Quat",
              "x": -0.7024890184402466,
              "y": 0.08068140596151352,
              "z": 0.08068124949932098,
              "w": 0.7024886012077332
            },
            {
              "__type__": "cc.Quat",
              "x": -0.7024890184402466,
              "y": 0.08068140596151352,
              "z": 0.08068124204874039,
              "w": 0.7024886012077332
            },
            {
              "__type__": "cc.Quat",
              "x": -0.7024890184402466,
              "y": 0.08068140596151352,
              "z": 0.08068124204874039,
              "w": 0.7024886012077332
            },
            {
              "__type__": "cc.Quat",
              "x": -0.7024890184402466,
              "y": 0.08068140596151352,
              "z": 0.08068124204874039,
              "w": 0.7024886012077332
            },
            {
              "__type__": "cc.Quat",
              "x": -0.7024890184402466,
              "y": 0.08068140596151352,
              "z": 0.08068124204874039,
              "w": 0.7024886012077332
            },
            {
              "__type__": "cc.Quat",
              "x": -0.7024890184402466,
              "y": 0.08068141341209412,
              "z": 0.08068124204874039,
              "w": 0.7024886012077332
            }
          ],
          "interpolate": true
        },
        "position": {
          "blending": "additive3D",
          "keys": -1,
          "values": [
            {
              "__type__": "cc.Vec3",
              "x": 0.339855879545212,
              "y": 2.56583998492488e-8,
              "z": -1.0813793843668e-13
            }
          ]
        },
        "scale": {
          "blending": "additive3D",
          "keys": -1,
          "values": [
            {
              "__type__": "cc.Vec3",
              "x": 1.00000011920929,
              "y": 1.00000011920929,
              "z": 1
            }
          ]
        }
      }
    },
    "RootNode/Armature/Master/Bow_b1/Bow_b2/Bow_b3": {
      "props": {
        "rotation": {
          "keys": 0,
          "blending": "additiveQuat",
          "values": [
            {
              "__type__": "cc.Quat",
              "x": -2.1365225677527633e-7,
              "y": 1.1430302038206719e-8,
              "z": 0.04601248353719711,
              "w": 0.9989408850669861
            },
            {
              "__type__": "cc.Quat",
              "x": -2.1335827682378294e-7,
              "y": 1.2271629934446082e-8,
              "z": 0.04697848856449127,
              "w": 0.9988958835601807
            },
            {
              "__type__": "cc.Quat",
              "x": -2.1309121223112015e-7,
              "y": 1.2699409523975191e-8,
              "z": 0.04988564923405647,
              "w": 0.9987549185752869
            },
            {
              "__type__": "cc.Quat",
              "x": -2.128520293354086e-7,
              "y": 1.2740945187772468e-8,
              "z": 0.05461223050951958,
              "w": 0.9985076189041138
            },
            {
              "__type__": "cc.Quat",
              "x": -2.1263643645852426e-7,
              "y": 1.247490910571969e-8,
              "z": 0.060793355107307434,
              "w": 0.9981503486633301
            },
            {
              "__type__": "cc.Quat",
              "x": -2.1243569392481731e-7,
              "y": 1.2037157937072607e-8,
              "z": 0.06779330223798752,
              "w": 0.9976993799209595
            },
            {
              "__type__": "cc.Quat",
              "x": -2.122392857017985e-7,
              "y": 1.1602784510955644e-8,
              "z": 0.07478990405797958,
              "w": 0.997199296951294
            },
            {
              "__type__": "cc.Quat",
              "x": -2.1203800315561239e-7,
              "y": 1.1346204864537413e-8,
              "z": 0.08096261322498322,
              "w": 0.9967171549797058
            },
            {
              "__type__": "cc.Quat",
              "x": -2.118252524496711e-7,
              "y": 1.1401485977557968e-8,
              "z": 0.08567915111780167,
              "w": 0.996322751045227
            },
            {
              "__type__": "cc.Quat",
              "x": -2.1159655716473935e-7,
              "y": 1.1844651481851542e-8,
              "z": 0.08857864886522293,
              "w": 0.9960691928863525
            },
            {
              "__type__": "cc.Quat",
              "x": -2.1134796668320632e-7,
              "y": 1.2700014373479007e-8,
              "z": 0.08954188227653503,
              "w": 0.9959830641746521
            },
            {
              "__type__": "cc.Quat",
              "x": -2.1108802172875585e-7,
              "y": 1.3760010908470122e-8,
              "z": 0.08954188227653503,
              "w": 0.9959830641746521
            },
            {
              "__type__": "cc.Quat",
              "x": -2.1082806256345066e-7,
              "y": 1.4820009219818076e-8,
              "z": 0.08954188227653503,
              "w": 0.9959830641746521
            },
            {
              "__type__": "cc.Quat",
              "x": -2.1056811760900018e-7,
              "y": 1.588000309027393e-8,
              "z": 0.08954188227653503,
              "w": 0.9959830641746521
            },
            {
              "__type__": "cc.Quat",
              "x": -2.10308158443695e-7,
              "y": 1.6940003177978724e-8,
              "z": 0.08954188227653503,
              "w": 0.9959830641746521
            },
            {
              "__type__": "cc.Quat",
              "x": -2.100481992783898e-7,
              "y": 1.8000001489326678e-8,
              "z": 0.08954188227653503,
              "w": 0.9959830641746521
            },
            {
              "__type__": "cc.Quat",
              "x": -2.0978828274564876e-7,
              "y": 1.9059998024317792e-8,
              "z": 0.08954187482595444,
              "w": 0.9959830641746521
            },
            {
              "__type__": "cc.Quat",
              "x": -2.0952833779119828e-7,
              "y": 2.0119996335665746e-8,
              "z": 0.08954187482595444,
              "w": 0.9959830641746521
            },
            {
              "__type__": "cc.Quat",
              "x": -2.092683786258931e-7,
              "y": 2.117999109430002e-8,
              "z": 0.08954187482595444,
              "w": 0.9959830641746521
            },
            {
              "__type__": "cc.Quat",
              "x": -2.090084194605879e-7,
              "y": 2.2239989405647975e-8,
              "z": 0.08954187482595444,
              "w": 0.9959830641746521
            },
            {
              "__type__": "cc.Quat",
              "x": -2.0874848871699214e-7,
              "y": 2.329998594063909e-8,
              "z": 0.08954187482595444,
              "w": 0.9959830641746521
            },
            {
              "__type__": "cc.Quat",
              "x": -2.0848852955168695e-7,
              "y": 2.4359984251987044e-8,
              "z": 0.08954187482595444,
              "w": 0.9959830641746521
            },
            {
              "__type__": "cc.Quat",
              "x": -2.0822858459723648e-7,
              "y": 2.5419982563334997e-8,
              "z": 0.08954187482595444,
              "w": 0.9959830641746521
            },
            {
              "__type__": "cc.Quat",
              "x": -2.0796861122107657e-7,
              "y": 2.6479975545612433e-8,
              "z": 0.08954187482595444,
              "w": 0.9959830641746521
            },
            {
              "__type__": "cc.Quat",
              "x": -2.077086804774808e-7,
              "y": 2.7539972080603548e-8,
              "z": 0.08954187482595444,
              "w": 0.9959830641746521
            },
            {
              "__type__": "cc.Quat",
              "x": -2.0744872131217562e-7,
              "y": 2.85999703919515e-8,
              "z": 0.08954187482595444,
              "w": 0.9959830641746521
            },
            {
              "__type__": "cc.Quat",
              "x": -2.0718876214687043e-7,
              "y": 2.9659968703299455e-8,
              "z": 0.08954187482595444,
              "w": 0.9959830641746521
            },
            {
              "__type__": "cc.Quat",
              "x": -2.0692881719241996e-7,
              "y": 3.071996701464741e-8,
              "z": 0.08954187482595444,
              "w": 0.9959830641746521
            },
            {
              "__type__": "cc.Quat",
              "x": -2.0666887223796948e-7,
              "y": 3.1779961773281684e-8,
              "z": 0.08954187482595444,
              "w": 0.9959830641746521
            },
            {
              "__type__": "cc.Quat",
              "x": -2.064089130726643e-7,
              "y": 3.283996008462964e-8,
              "z": 0.08954187482595444,
              "w": 0.9959830641746521
            },
            {
              "__type__": "cc.Quat",
              "x": -2.0614896811821382e-7,
              "y": 3.389995839597759e-8,
              "z": 0.08954187482595444,
              "w": 0.9959830641746521
            }
          ],
          "interpolate": true
        },
        "position": {
          "blending": "additive3D",
          "keys": -1,
          "values": [
            {
              "__type__": "cc.Vec3",
              "x": 0.245776951313019,
              "y": 2.86103087887568e-8,
              "z": 4.55000010650235e-15
            }
          ]
        },
        "scale": {
          "blending": "additive3D",
          "keys": -1,
          "values": [
            {
              "__type__": "cc.Vec3",
              "x": 1,
              "y": 1,
              "z": 1
            }
          ]
        }
      }
    },
    "RootNode/Armature/Master/Bow_b1/Bow_b2/Bow_b3/Bow_b4": {
      "props": {
        "rotation": {
          "keys": 0,
          "blending": "additiveQuat",
          "values": [
            {
              "__type__": "cc.Quat",
              "x": 1.7455329270887887e-7,
              "y": -1.2157087780906295e-8,
              "z": -0.018822355195879936,
              "w": 0.9998228549957275
            },
            {
              "__type__": "cc.Quat",
              "x": 1.7482176417615847e-7,
              "y": -1.1566473112623044e-8,
              "z": -0.017855467274785042,
              "w": 0.9998405575752258
            },
            {
              "__type__": "cc.Quat",
              "x": 1.7511024452687707e-7,
              "y": -1.0635041292061942e-8,
              "z": -0.014945284463465214,
              "w": 0.9998883008956909
            },
            {
              "__type__": "cc.Quat",
              "x": 1.7541216834615625e-7,
              "y": -9.382359777987404e-9,
              "z": -0.01021259743720293,
              "w": 0.9999478459358215
            },
            {
              "__type__": "cc.Quat",
              "x": 1.7571781540937081e-7,
              "y": -7.870823992561782e-9,
              "z": -0.004021379165351391,
              "w": 0.9999918937683105
            },
            {
              "__type__": "cc.Quat",
              "x": 1.7601664126232208e-7,
              "y": -6.210997494093817e-9,
              "z": 0.002993116620928049,
              "w": 0.9999955296516418
            },
            {
              "__type__": "cc.Quat",
              "x": 1.7630081572406198e-7,
              "y": -4.5473869114687204e-9,
              "z": 0.0100074652582407,
              "w": 0.9999499320983887
            },
            {
              "__type__": "cc.Quat",
              "x": 1.7656788031672477e-7,
              "y": -3.0254432292764477e-9,
              "z": 0.016198376193642616,
              "w": 0.9998688101768494
            },
            {
              "__type__": "cc.Quat",
              "x": 1.7682043562672334e-7,
              "y": -1.7582589828535333e-9,
              "z": 0.020930614322423935,
              "w": 0.9997809529304504
            },
            {
              "__type__": "cc.Quat",
              "x": 1.7706378230286646e-7,
              "y": -8.114621752319806e-10,
              "z": 0.023840438574552536,
              "w": 0.9997158050537109
            },
            {
              "__type__": "cc.Quat",
              "x": 1.773030362528516e-7,
              "y": -2.078564959040463e-10,
              "z": 0.02480720728635788,
              "w": 0.9996922612190247
            },
            {
              "__type__": "cc.Quat",
              "x": 1.775415938709557e-7,
              "y": 2.245189589800134e-10,
              "z": 0.02480720728635788,
              "w": 0.9996922612190247
            },
            {
              "__type__": "cc.Quat",
              "x": 1.777801656999145e-7,
              "y": 6.568944277418609e-10,
              "z": 0.02480720728635788,
              "w": 0.9996922612190247
            },
            {
              "__type__": "cc.Quat",
              "x": 1.780187233180186e-7,
              "y": 1.0892698965037084e-9,
              "z": 0.02480720728635788,
              "w": 0.9996922612190247
            },
            {
              "__type__": "cc.Quat",
              "x": 1.782572951469774e-7,
              "y": 1.5216452542432535e-9,
              "z": 0.02480720728635788,
              "w": 0.9996922612190247
            },
            {
              "__type__": "cc.Quat",
              "x": 1.784958385542268e-7,
              "y": 1.954020278915891e-9,
              "z": 0.02480720728635788,
              "w": 0.9996922612190247
            },
            {
              "__type__": "cc.Quat",
              "x": 1.7873442459404032e-7,
              "y": 2.3863957476777387e-9,
              "z": 0.02480720356106758,
              "w": 0.9996922612190247
            },
            {
              "__type__": "cc.Quat",
              "x": 1.7897298221214442e-7,
              "y": 2.818771216439586e-9,
              "z": 0.02480720356106758,
              "w": 0.9996922612190247
            },
            {
              "__type__": "cc.Quat",
              "x": 1.7921155404110323e-7,
              "y": 3.2511466852014337e-9,
              "z": 0.02480720356106758,
              "w": 0.9996922612190247
            },
            {
              "__type__": "cc.Quat",
              "x": 1.7945011165920732e-7,
              "y": 3.683522153963281e-9,
              "z": 0.02480720356106758,
              "w": 0.9996922612190247
            },
            {
              "__type__": "cc.Quat",
              "x": 1.7968868348816613e-7,
              "y": 4.115897400680524e-9,
              "z": 0.02480720356106758,
              "w": 0.9996922612190247
            },
            {
              "__type__": "cc.Quat",
              "x": 1.7992724110627023e-7,
              "y": 4.548272869442371e-9,
              "z": 0.02480720356106758,
              "w": 0.9996922612190247
            },
            {
              "__type__": "cc.Quat",
              "x": 1.8016579872437433e-7,
              "y": 4.980648338204219e-9,
              "z": 0.02480720356106758,
              "w": 0.9996922612190247
            },
            {
              "__type__": "cc.Quat",
              "x": 1.804043421316237e-7,
              "y": 5.413022918787647e-9,
              "z": 0.02480720356106758,
              "w": 0.9996922612190247
            },
            {
              "__type__": "cc.Quat",
              "x": 1.806428997497278e-7,
              "y": 5.845398387549494e-9,
              "z": 0.02480720356106758,
              "w": 0.9996922612190247
            },
            {
              "__type__": "cc.Quat",
              "x": 1.808814573678319e-7,
              "y": 6.277773856311342e-9,
              "z": 0.02480720356106758,
              "w": 0.9996922612190247
            },
            {
              "__type__": "cc.Quat",
              "x": 1.811200291967907e-7,
              "y": 6.710149325073189e-9,
              "z": 0.02480720356106758,
              "w": 0.9996922612190247
            },
            {
              "__type__": "cc.Quat",
              "x": 1.813585726040401e-7,
              "y": 7.142524349745827e-9,
              "z": 0.02480720356106758,
              "w": 0.9996922612190247
            },
            {
              "__type__": "cc.Quat",
              "x": 1.815971444329989e-7,
              "y": 7.574899818507674e-9,
              "z": 0.02480720356106758,
              "w": 0.9996922612190247
            },
            {
              "__type__": "cc.Quat",
              "x": 1.81835702051103e-7,
              "y": 8.007274843180312e-9,
              "z": 0.02480720356106758,
              "w": 0.9996922612190247
            },
            {
              "__type__": "cc.Quat",
              "x": 1.820742738800618e-7,
              "y": 8.43965075603137e-9,
              "z": 0.02480720356106758,
              "w": 0.9996922612190247
            }
          ],
          "interpolate": true
        },
        "position": {
          "blending": "additive3D",
          "keys": -1,
          "values": [
            {
              "__type__": "cc.Vec3",
              "x": 0.22448818385601,
              "y": 4.15845133393093e-14,
              "z": 0
            }
          ]
        },
        "scale": {
          "blending": "additive3D",
          "keys": -1,
          "values": [
            {
              "__type__": "cc.Vec3",
              "x": 0.999999940395355,
              "y": 0.999999940395355,
              "z": 1
            }
          ]
        }
      }
    },
    "RootNode": {
      "props": {
        "position": {
          "blending": "additive3D",
          "keys": -1,
          "values": [
            {
              "__type__": "cc.Vec3",
              "x": 0,
              "y": 0,
              "z": 0
            }
          ]
        },
        "scale": {
          "blending": "additive3D",
          "keys": -1,
          "values": [
            {
              "__type__": "cc.Vec3",
              "x": 1,
              "y": 1,
              "z": 1
            }
          ]
        },
        "rotation": {
          "blending": "additiveQuat",
          "keys": -1,
          "values": [
            {
              "__type__": "cc.Quat",
              "x": 0,
              "y": 0,
              "z": 0,
              "w": 1
            }
          ]
        }
      }
    },
    "RootNode/Longbow_b": {
      "props": {
        "position": {
          "blending": "additive3D",
          "keys": -1,
          "values": [
            {
              "__type__": "cc.Vec3",
              "x": 0,
              "y": 0,
              "z": 0
            }
          ]
        },
        "scale": {
          "blending": "additive3D",
          "keys": -1,
          "values": [
            {
              "__type__": "cc.Vec3",
              "x": 1,
              "y": 1,
              "z": 1
            }
          ]
        },
        "rotation": {
          "blending": "additiveQuat",
          "keys": -1,
          "values": [
            {
              "__type__": "cc.Quat",
              "x": 0,
              "y": 0,
              "z": 0.7071067215818996,
              "w": 0.7071068407911906
            }
          ]
        }
      }
    },
    "RootNode/Armature": {
      "props": {
        "position": {
          "blending": "additive3D",
          "keys": -1,
          "values": [
            {
              "__type__": "cc.Vec3",
              "x": 0,
              "y": 0,
              "z": 0
            }
          ]
        },
        "scale": {
          "blending": "additive3D",
          "keys": -1,
          "values": [
            {
              "__type__": "cc.Vec3",
              "x": 1,
              "y": 1,
              "z": 1
            }
          ]
        },
        "rotation": {
          "blending": "additiveQuat",
          "keys": -1,
          "values": [
            {
              "__type__": "cc.Quat",
              "x": -0.7071068407911906,
              "y": 0,
              "z": 0,
              "w": 0.7071067215818996
            }
          ]
        }
      }
    },
    "RootNode/Armature/Master": {
      "props": {
        "position": {
          "blending": "additive3D",
          "keys": -1,
          "values": [
            {
              "__type__": "cc.Vec3",
              "x": 0,
              "y": 0,
              "z": 0
            }
          ]
        },
        "scale": {
          "blending": "additive3D",
          "keys": -1,
          "values": [
            {
              "__type__": "cc.Vec3",
              "x": 0.99999988079071,
              "y": 0.999999940395355,
              "z": 0.999999940395355
            }
          ]
        },
        "rotation": {
          "blending": "additiveQuat",
          "keys": -1,
          "values": [
            {
              "__type__": "cc.Quat",
              "x": -0.4999998807907011,
              "y": 0.4999999403953461,
              "z": -0.5000001192092811,
              "w": 0.5000000596046361
            }
          ]
        }
      }
    }
  },
  "_curves": [],
  "events": [],
  "_duration": 1.25,
  "_keys": [
    [
      0,
      0.0416666679084301,
      0.0833333358168602,
      0.125,
      0.1666666716337204,
      0.2083333283662796,
      0.25,
      0.2916666567325592,
      0.3333333432674408,
      0.375,
      0.4166666567325592,
      0.4583333432674408,
      0.5,
      0.5416666865348816,
      0.5833333134651184,
      0.625,
      0.6666666865348816,
      0.7083333134651184,
      0.75,
      0.7916666865348816,
      0.8333333134651184,
      0.875,
      0.9166666865348816,
      0.9583333134651184,
      1,
      1.0416666269302368,
      1.0833333730697632,
      1.125,
      1.1666666269302368,
      1.2083333730697632,
      1.25
    ]
  ],
  "_stepness": 0
}