{
  "encryptJs": true,
  "excludeScenes": [],
  "fb-instant-games": {},
  "includeSDKBox": false,
  "inlineSpriteFrames": true,
  "inlineSpriteFrames_native": true,
  "md5Cache": false,
  "mergeStartScene": false,
  "optimizeHotUpdate": false,
  "orientation": {
    "landscapeLeft": true,
    "landscapeRight": true,
    "portrait": false,
    "upsideDown": false
  },
  "packageName": "org.cocos2d.helloworld",
  "qqplay": {
    "REMOTE_SERVER_ROOT": "",
    "orientation": "portrait",
    "zip": false
  },
  "startScene": "34a6e269-c4a1-4b06-b283-a25d10e81155",
  "title": "pop_star_master",
  "webOrientation": "auto",
  "wechatgame": {
    "REMOTE_SERVER_ROOT": "",
    "appid": "wxb8688d159ec5205d",
    "orientation": "portrait",
    "subContext": "pop_star_openarea"
  },
  "xxteaKey": "ba2e3df4-a6ed-46",
  "zipCompressJs": true,
  "android-instant": {
    "REMOTE_SERVER_ROOT": "",
    "pathPattern": "",
    "scheme": "https",
    "host": "",
    "skipRecord": false,
    "recordPath": ""
  },
  "baidugame": {
    "appid": "testappid",
    "orientation": "portrait",
    "REMOTE_SERVER_ROOT": "",
    "subContext": ""
  },
  "appBundle": false
}