{"frameRate":24,"name":"Mood","version":"5.5","compatibleVersion":"5.5","armature":[{"type":"Armature","frameRate":24,"name":"Mood","aabb":{"x":-63,"y":-100.82,"width":126,"height":126},"bone":[{"name":"root"}],"slot":[{"name":"Happy","parent":"root"},{"name":"Angry","parent":"root"},{"displayIndex":-1,"name":"Disappointed","parent":"root"}],"skin":[{"slot":[{"name":"Disappointed","display":[{"name":"Disappointed","transform":{"y":-37.82,"scX":0.6,"scY":0.6}}]},{"name":"Angry","display":[{"name":"Angry","transform":{"y":-37.82,"scX":0.5952,"scY":0.5952}}]},{"name":"Happy","display":[{"name":"Happy","transform":{"y":-37.82,"scX":0.5952,"scY":0.5952}}]}]}],"animation":[{"duration":0,"playTimes":0,"name":"Happy","slot":[{"name":"Angry","displayFrame":[{"duration":0,"value":-1}]}]},{"duration":24,"playTimes":0,"name":"Angry","slot":[{"name":"Happy","displayFrame":[{"duration":24,"value":-1}]}]},{"duration":24,"playTimes":0,"name":"Disappointed","slot":[{"name":"Happy","displayFrame":[{"duration":24,"value":-1}]},{"name":"Angry","displayFrame":[{"duration":24,"value":-1}]},{"name":"Disappointed","displayFrame":[{"duration":24}]}]}],"defaultActions":[{"gotoAndPlay":"Happy"}]}]}