{"imagePath":"Soldier_05_tex.png","width":128,"name":"Soldier_05","SubTexture":[{"x":77,"y":61,"width":11,"name":"shouder_l","height":16},{"x":90,"y":70,"width":12,"name":"forearm_l","height":10},{"x":108,"y":53,"width":12,"name":"hand_l","height":12},{"x":1,"y":83,"width":66,"name":"weapon_hand_l","height":32},{"x":118,"y":1,"width":9,"name":"thigh_l","height":12},{"x":107,"y":70,"width":10,"name":"calf_l","height":16},{"x":77,"y":31,"width":20,"name":"foot_l","height":11},{"x":77,"y":1,"width":21,"name":"pelvis","height":28},{"x":120,"y":31,"width":7,"name":"thigh_r","height":12},{"x":93,"y":53,"width":13,"name":"calf_r","height":15},{"x":100,"y":18,"width":21,"name":"foot_r","height":11},{"y":44,"frameY":0,"height":15,"frameWidth":14,"frameX":0,"frameHeight":15,"width":14,"name":"shouder_r","x":77},{"x":1,"y":1,"width":74,"name":"chest","height":80},{"x":107,"y":31,"width":11,"name":"forearm_r","height":20},{"y":1,"frameY":0,"height":15,"frameWidth":16,"frameX":0,"frameHeight":15,"width":16,"name":"hand_r","x":100},{"y":83,"frameY":0,"height":39,"frameWidth":36,"frameX":0,"frameHeight":39,"width":36,"name":"we_bl_4_f_1","x":69}],"height":128}