{"frameRate":24,"name":"FireTower","version":"5.5","compatibleVersion":"5.5","armature":[{"type":"Armature","frameRate":24,"name":"Level_1","aabb":{"x":-92.93,"y":-424.06,"width":185,"height":419},"bone":[{"name":"root","transform":{"y":-78.0179}}],"slot":[{"name":"Tower","parent":"root"},{"name":"Light","parent":"root"}],"skin":[{"slot":[{"name":"Tower","display":[{"name":"Tower","transform":{"x":-0.43,"y":-136.54},"path":"Level_1_Tower"}]},{"name":"Light","display":[{"name":"Light","transform":{"x":-1.3,"y":-285.22},"path":"Level_1_Light"}]}]}],"animation":[{"duration":30,"playTimes":0,"name":"Idle","slot":[{"name":"Light","displayFrame":[{"duration":15},{"duration":15,"value":-1},{"duration":0}]}]}],"defaultActions":[{"gotoAndPlay":"Idle"}]},{"type":"Armature","frameRate":24,"name":"Level_2","aabb":{"x":-92.93,"y":-424.06,"width":185,"height":419},"bone":[{"name":"root","transform":{"y":-78.0179}}],"slot":[{"name":"Tower","parent":"root"},{"name":"Light","parent":"root"}],"skin":[{"slot":[{"name":"Tower","display":[{"name":"Tower","transform":{"x":-0.43,"y":-136.54},"path":"Level_2_Tower"}]},{"name":"Light","display":[{"name":"Light","transform":{"x":-1.3,"y":-285.22},"path":"Level_2_Light"}]}]}],"animation":[{"duration":30,"playTimes":0,"name":"Idle","slot":[{"name":"Light","displayFrame":[{"duration":15},{"duration":15,"value":-1},{"duration":0}]}]}],"defaultActions":[{"gotoAndPlay":"Idle"}]},{"type":"Armature","frameRate":24,"name":"Level_3","aabb":{"x":-92.93,"y":-424.06,"width":185,"height":419},"bone":[{"name":"root","transform":{"y":-78.0179}}],"slot":[{"name":"Tower","parent":"root"},{"name":"Light","parent":"root"}],"skin":[{"slot":[{"name":"Tower","display":[{"name":"Tower","transform":{"x":-0.43,"y":-136.54},"path":"Level_3_Tower"}]},{"name":"Light","display":[{"name":"Light","transform":{"x":-1.3,"y":-285.22},"path":"Level_3_Light"}]}]}],"animation":[{"duration":30,"playTimes":0,"name":"Idle","slot":[{"name":"Light","displayFrame":[{"duration":15},{"duration":15,"value":-1},{"duration":0}]}]}],"defaultActions":[{"gotoAndPlay":"Idle"}]},{"type":"Armature","frameRate":24,"name":"Level_4","aabb":{"x":-92.93,"y":-424.06,"width":185,"height":419},"bone":[{"name":"root","transform":{"y":-78.0179}}],"slot":[{"name":"Tower","parent":"root"},{"name":"Light","parent":"root"}],"skin":[{"slot":[{"name":"Tower","display":[{"name":"Tower","transform":{"x":-0.43,"y":-136.54},"path":"Level_4_Tower"}]},{"name":"Light","display":[{"name":"Light","transform":{"x":-1.3,"y":-285.22},"path":"Level_4_Light"}]}]}],"animation":[{"duration":30,"playTimes":0,"name":"Idle","slot":[{"name":"Light","displayFrame":[{"duration":15},{"duration":15,"value":-1},{"duration":0}]}]}],"defaultActions":[{"gotoAndPlay":"Idle"}]},{"type":"Armature","frameRate":24,"name":"Level_5","aabb":{"x":-92.93,"y":-424.06,"width":185,"height":419},"bone":[{"name":"root","transform":{"y":-78.0179}}],"slot":[{"name":"Tower","parent":"root"},{"name":"Light","parent":"root"}],"skin":[{"slot":[{"name":"Tower","display":[{"name":"Tower","transform":{"x":-0.43,"y":-136.54},"path":"Level_5_Tower"}]},{"name":"Light","display":[{"name":"Light","transform":{"x":-1.3,"y":-285.22},"path":"Level_5_Light"}]}]}],"animation":[{"duration":30,"playTimes":0,"name":"Idle","slot":[{"name":"Light","displayFrame":[{"duration":15},{"duration":15,"value":-1},{"duration":0}]}]}],"defaultActions":[{"gotoAndPlay":"Idle"}]},{"type":"Armature","frameRate":24,"name":"Level_0","aabb":{"x":-225,"y":-94.5,"width":450,"height":189},"bone":[{"name":"root"}],"slot":[{"name":"Dirt_Site","parent":"root"},{"name":"铲","parent":"root"}],"skin":[{"slot":[{"name":"铲","display":[{"name":"BuildableUpgrading/铲","transform":{"x":35.28,"y":-9}},{"name":"BuildableUpgrading/倒","transform":{"x":44.82,"y":-11.16}}]},{"name":"Dirt_Site","display":[{"name":"BuildableUpgrading/Dirt_Site"}]}]}],"animation":[{"duration":18,"playTimes":0,"name":"Idle","slot":[{"name":"铲","displayFrame":[{"duration":9},{"duration":9,"value":1},{"duration":0}]}]}],"defaultActions":[{"gotoAndPlay":"Idle"}]}]}