{"imagePath":"FireTower_tex.png","width":749,"height":843,"name":"FireTower","SubTexture":[{"width":185,"y":192,"height":419,"name":"Level_1_Tower","x":1},{"width":138,"y":689,"height":74,"name":"Level_1_Light","x":141},{"width":185,"y":192,"height":419,"name":"Level_2_Tower","x":188},{"width":138,"y":613,"height":74,"name":"Level_2_Light","x":1},{"width":185,"y":422,"height":419,"name":"Level_3_Tower","x":562},{"width":138,"y":613,"height":74,"name":"Level_3_Light","x":141},{"width":185,"y":1,"height":419,"name":"Level_4_Tower","x":453},{"width":138,"y":765,"height":74,"name":"Level_4_Light","x":1},{"width":185,"y":422,"height":419,"name":"Level_5_Tower","x":375},{"width":138,"y":689,"height":74,"name":"Level_5_Light","x":1},{"width":450,"y":1,"height":189,"name":"BuildableUpgrading/Dirt_Site","x":1},{"width":56,"y":192,"height":75,"name":"BuildableUpgrading/铲","x":375},{"width":89,"y":613,"height":80,"name":"BuildableUpgrading/倒","x":281}]}