[{"__type__":"cc.Prefab","_name":"GameHoodle_no_phy","data":{"__id__":1}},{"__type__":"cc.Node","_name":"GameHoodle_no_phy","_children":[{"__id__":2},{"__id__":3}],"_level":1,"_components":[{"__type__":"cc.Widget","node":{"__id__":1},"_left":540,"_right":540,"_top":960,"_bottom":960}],"_prefab":{"__type__":"cc.PrefabInfo","root":{"__id__":1},"asset":{"__uuid__":"1d/C30fedI85odGifJ0Hjv"},"fileId":"919izvyfhNpbCSIsuGnioC"},"_contentSize":{"__type__":"cc.Size","width":1080,"height":1920}},{"__type__":"cc.Node","_name":"KW_IMG_BG","_parent":{"__id__":1},"_active":false,"_level":3,"_components":[{"__type__":"cc.Sprite","node":{"__id__":2},"_materials":[{"__uuid__":"ecpdLyjvZBwrvm+cedCcQy"}],"_spriteFrame":{"__uuid__":"83BgBgtptHc5XRzX+ymFUm"},"_sizeMode":0},{"__type__":"cc.Widget","node":{"__id__":2},"_alignFlags":45,"_originalWidth":1280,"_originalHeight":720}],"_prefab":{"__type__":"cc.PrefabInfo","root":{"__id__":1},"asset":{"__uuid__":"1d/C30fedI85odGifJ0Hjv"},"fileId":"73CTllynBAILrEuRfo1PPy"},"_opacity":150,"_color":{"__type__":"cc.Color","g":243,"b":243},"_contentSize":{"__type__":"cc.Size","width":1080,"height":1920}},{"__type__":"cc.Node","_name":"KW_GAME_TABLE","_parent":{"__id__":1},"_children":[{"__id__":4}],"_level":2,"_components":[{"__type__":"cc.Widget","node":{"__id__":3},"_left":540,"_right":540,"_top":960,"_bottom":960}],"_prefab":{"__type__":"cc.PrefabInfo","root":{"__id__":1},"asset":{"__uuid__":"1d/C30fedI85odGifJ0Hjv"},"fileId":"76FNiAfm9Ovq0du18/qwVW"}},{"__type__":"cc.Node","_name":"KW_PHY_EDGE","_parent":{"__id__":3},"_level":3,"_components":[{"__type__":"cc.Widget","node":{"__id__":4},"_alignFlags":45}],"_prefab":{"__type__":"cc.PrefabInfo","root":{"__id__":1},"asset":{"__uuid__":"1d/C30fedI85odGifJ0Hjv"},"fileId":"ce0/U3/EtJdY9s8cMi0NFA"},"groupIndex":1}]