{"imagePath":"Soldier_01_tex.png","width":128,"name":"Soldier_01","SubTexture":[{"y":19,"frameY":0,"height":18,"frameWidth":10,"frameX":0,"frameHeight":18,"width":10,"name":"shouder_l","x":108},{"x":84,"y":112,"width":13,"name":"forearm_l","height":12},{"x":1,"y":111,"width":16,"name":"hand_l","height":16},{"y":63,"frameY":0,"height":46,"frameWidth":43,"frameX":0,"frameHeight":47,"width":43,"name":"weapon_hand_l","x":1},{"x":110,"y":112,"width":9,"name":"thigh_l","height":12},{"x":62,"y":39,"width":11,"name":"calf_l","height":16},{"x":46,"y":104,"width":22,"name":"foot_l","height":14},{"x":84,"y":63,"width":22,"name":"pelvis","height":29},{"x":36,"y":111,"width":8,"name":"thigh_r","height":13},{"x":70,"y":104,"width":12,"name":"calf_r","height":16},{"x":84,"y":94,"width":22,"name":"foot_r","height":16},{"x":19,"y":111,"width":15,"name":"shouder_r","height":15},{"x":1,"y":1,"width":59,"name":"chest","height":60},{"y":112,"frameY":0,"height":13,"frameWidth":9,"frameX":0,"frameHeight":13,"width":9,"name":"forearm_r","x":99},{"x":108,"y":1,"width":14,"name":"hand_r","height":16},{"y":63,"frameY":0,"height":39,"frameWidth":36,"frameX":0,"frameHeight":39,"width":36,"name":"we_bl_4_f_1","x":46}],"height":128}