{"imagePath":"Soldier_02_tex.png","width":128,"name":"Soldier_02","SubTexture":[{"x":53,"y":44,"width":23,"name":"biu","height":22},{"x":76,"y":68,"width":9,"name":"rightArm","height":14},{"y":35,"frameY":0,"height":32,"frameWidth":29,"frameX":-1,"frameHeight":32,"width":27,"name":"yinmoqe00","x":89},{"x":53,"y":1,"width":34,"name":"body","height":41},{"x":78,"y":44,"width":9,"name":"rightShoulder","height":13},{"y":50,"frameY":0,"height":18,"frameWidth":19,"frameX":0,"frameHeight":18,"width":19,"name":"rightFrontArm","x":23},{"x":23,"y":70,"width":14,"name":"rightHand","height":14},{"y":68,"frameY":0,"height":12,"frameWidth":12,"frameX":0,"frameHeight":12,"width":12,"name":"leftArm","x":62},{"x":1,"y":73,"width":13,"name":"leftShoulder","height":12},{"x":1,"y":50,"width":20,"name":"leftFrontArm","height":21},{"x":89,"y":1,"width":33,"name":"head","height":32},{"x":1,"y":1,"width":50,"name":"head2","height":47},{"x":44,"y":68,"width":16,"name":"leftHand","height":14},{"y":59,"frameY":-2,"height":4,"frameWidth":8,"frameX":-1,"frameHeight":8,"width":4,"name":"huomiao01","x":78}],"height":128}