{"frameRate":24,"name":"PiggyBank","version":"5.5","compatibleVersion":"5.5","armature":[{"type":"Armature","frameRate":24,"name":"PiggyBank","aabb":{"x":-100,"y":-101.33,"width":200,"height":200},"bone":[{"name":"root","transform":{"y":41.4526}},{"name":"Shine4","parent":"root","transform":{"x":-13.5624,"y":-9.3506}},{"name":"Shine2","parent":"root","transform":{"x":35.3515,"y":-3.516}},{"name":"Shine21","parent":"root","transform":{"x":-76.5452,"y":0.3883}},{"name":"Shine211","parent":"root","transform":{"x":-18.2407,"y":-76.2691}}],"slot":[{"name":"Golds","parent":"root"},{"name":"PiggyBank","parent":"root"},{"name":"Shine4","parent":"Shine4"},{"name":"Shine2","parent":"Shine2"},{"name":"Shine21","parent":"Shine21"},{"name":"Shine211","parent":"Shine211"}],"skin":[{"slot":[{"name":"PiggyBank","display":[{"name":"PiggyBank","transform":{"y":-43.81}}]},{"name":"Shine211","display":[{"name":"Shine","transform":{"x":-0.44,"y":-0.03,"scX":0.8,"scY":0.8}}]},{"name":"Shine21","display":[{"name":"Shine","transform":{"x":-0.44,"y":-0.03,"scX":0.6,"scY":0.6}}]},{"name":"Golds","display":[{"name":"Golds","transform":{"y":-42.79}}]},{"name":"Shine2","display":[{"name":"Shine","transform":{"x":-0.44,"y":-0.03,"scX":0.6,"scY":0.6}}]},{"name":"Shine4","display":[{"name":"Shine","transform":{"x":-0.47,"y":-0.04,"scX":0.8,"scY":0.8}}]}]}],"animation":[{"duration":30,"playTimes":0,"name":"Shining","bone":[{"name":"Shine4","scaleFrame":[{"duration":4,"tweenEasing":0,"x":1.2,"y":1.2},{"duration":4,"tweenEasing":0},{"duration":4,"tweenEasing":0,"x":0.8,"y":0.8},{"duration":4,"tweenEasing":0,"x":0.6,"y":0.6},{"duration":4,"tweenEasing":0,"x":0.8,"y":0.8},{"duration":4,"tweenEasing":0},{"duration":4,"tweenEasing":0,"x":1.1,"y":1.1},{"duration":2,"x":1.2,"y":1.2}]},{"name":"Shine2","scaleFrame":[{"duration":6},{"duration":6,"tweenEasing":0,"x":0.7,"y":0.7},{"duration":6,"tweenEasing":0,"x":0.5,"y":0.5},{"duration":6,"tweenEasing":0,"x":0.4,"y":0.4},{"duration":6,"tweenEasing":0,"x":0.6,"y":0.6},{"duration":0}]},{"name":"Shine21","scaleFrame":[{"duration":6},{"duration":6,"tweenEasing":0,"x":0.7,"y":0.7},{"duration":6,"tweenEasing":0,"x":0.5,"y":0.5},{"duration":6,"tweenEasing":0,"x":0.4,"y":0.4},{"duration":6,"tweenEasing":0,"x":0.6,"y":0.6},{"duration":0}]},{"name":"Shine211","scaleFrame":[{"duration":6},{"duration":6,"tweenEasing":0,"x":0.7,"y":0.7},{"duration":6,"tweenEasing":0,"x":0.5,"y":0.5},{"duration":6,"tweenEasing":0,"x":0.4,"y":0.4},{"duration":6,"tweenEasing":0,"x":0.6,"y":0.6},{"duration":0}]}]}],"defaultActions":[{"gotoAndPlay":"Shining"}]}]}