{
  "官员分数配置": "",
  "levelData": [
    {
    "name": "农民",
    "score": 10000,
    "giftStep":1,
    "step": 5
  }, {
    "name": "秀才",
    "score": 20000,
    "giftStep":2,
    "step": 6
  }, {
    "name": "举人",
    "score": 35000,
    "giftStep":3,
    "step": 7
  }, {
    "name": "进士",
    "score": 48000,
    "giftStep":4,
    "step": 8
  }, {
    "name": "县令",
    "score": 72000,
    "giftStep":5,
    "step": 9
  }, {
    "name": "知府",
    "score": 100000,
    "giftStep":6,
    "step": 10
  }, {
    "name": "御史",
    "score": 130000,
    "giftStep":7,
    "step": 10
  }, {
    "name": "巡抚",
    "score": 200000,
    "giftStep":8,
    "step": 10
  }, {
    "name": "镇守",
    "score": 330000,
    "giftStep":9,
    "step": 10
  }, {
    "name": "提督",
    "score": 400000,
    "giftStep":10,
    "step": 10
  }, {
    "name": "大将军",
    "score": 530000,
    "giftStep":10,
    "step": 10
  }, {
    "name": "太师",
    "score": 1000000,
    "giftStep":10,
    "step": 10
  }, {
    "name": "宰相",
    "score": 1200000,
    "giftStep":10,
    "step": 10
  }, {
    "name": "王爷",
    "score": 2400000,
    "giftStep":10,
    "step": 10
  }, {
    "name": "皇帝",
    "score": 4000000,
    "giftStep":10,
    "step": 10
  }],
  "buildingData":[{
    "name":"通天塔"
  }]
}