{"frameRate":24,"name":"Level_1","version":"5.5","compatibleVersion":"5.5","armature":[{"type":"Armature","frameRate":24,"name":"Level_1","aabb":{"x":-86.46,"y":-131.83,"width":163,"height":184.99},"bone":[{"name":"root"},{"name":"Led_12","parent":"root","transform":{"x":28.5048,"y":-77.3673}},{"name":"Led_121","parent":"root","transform":{"x":-9.0162,"y":-89.9885}},{"name":"Led_122","parent":"root","transform":{"x":-48.6648,"y":-106.2157}}],"slot":[{"name":"Stall","parent":"root"},{"name":"Led_12","parent":"Led_12"},{"name":"Led_121","parent":"Led_121"},{"name":"Led_122","parent":"Led_122"}],"skin":[{"slot":[{"name":"Stall","display":[{"name":"Stall","transform":{"x":-4.96,"y":-31.34}}]},{"name":"Led_122","display":[{"name":"Led_1","transform":{"x":1.33,"y":-0.62,"scX":0.8,"scY":0.8}}]},{"name":"Led_121","display":[{"name":"Led_1","transform":{"x":1.33,"y":-0.62}}]},{"name":"Led_12","display":[{"name":"Led_1","transform":{"x":1.33,"y":-0.62,"scX":1.25,"scY":1.25}}]}]}],"animation":[{"duration":30,"playTimes":0,"name":"Idle","bone":[{"name":"Led_12","scaleFrame":[{"duration":10},{"duration":10,"tweenEasing":0,"x":0.8,"y":0.8},{"duration":10,"tweenEasing":0,"x":0.5,"y":0.5},{"duration":0}]},{"name":"Led_121","scaleFrame":[{"duration":10},{"duration":10,"tweenEasing":0,"x":0.8,"y":0.8},{"duration":10,"tweenEasing":0,"x":0.5,"y":0.5},{"duration":0}]},{"name":"Led_122","scaleFrame":[{"duration":10},{"duration":10,"tweenEasing":0,"x":0.8,"y":0.8},{"duration":10,"tweenEasing":0,"x":0.5,"y":0.5},{"duration":0}]}]}],"defaultActions":[{"gotoAndPlay":"Idle"}]}]}