{"imagePath":"FreeorderNpc_03_tex.png","width":128,"name":"FreeorderNpc_03","SubTexture":[{"x":1,"y":110,"width":40,"name":"shadow","height":19},{"x":108,"y":137,"width":14,"name":"Leg_Bottom","height":22},{"x":68,"y":111,"width":21,"name":"Hand_Bottom","height":28},{"x":91,"y":137,"width":15,"name":"Leg_Front","height":21},{"x":101,"y":59,"width":24,"name":"Body_1","height":38},{"x":101,"y":99,"width":25,"name":"Body","height":36},{"x":43,"y":111,"width":23,"name":"Hand_Top","height":32},{"x":52,"y":59,"width":47,"name":"Head","height":50},{"x":1,"y":58,"width":49,"name":"Head_1","height":50},{"x":1,"y":1,"width":58,"name":"Hair","height":55},{"x":61,"y":1,"width":55,"name":"Hair_1","height":56}],"height":256}