{"SubTexture":[{"x":175,"y":68,"width":40,"name":"shadow","height":19},{"x":215,"y":102,"width":14,"name":"Leg_Bottom","height":22},{"x":175,"y":89,"width":21,"name":"Hand_Bottom","height":28},{"x":198,"y":89,"width":15,"name":"Leg_Front","height":21},{"x":146,"y":68,"width":27,"name":"Body_1","height":40},{"x":114,"y":68,"width":30,"name":"Body","height":41},{"x":217,"y":68,"width":23,"name":"Hand_Top","height":32},{"x":1,"y":74,"width":47,"name":"Head","height":50},{"x":63,"y":68,"width":49,"name":"Head_1","height":50},{"x":1,"y":1,"width":60,"name":"Hair_1","height":71},{"x":63,"y":1,"width":62,"name":"Hair","height":65}],"width":256,"name":"FreeorderNpc_04","imagePath":"FreeorderNpc_04_tex.png","height":128}