{"SubTexture":[{"x":136,"y":67,"width":52,"name":"shadow","height":24},{"x":168,"y":93,"width":27,"name":"Hand_Bottom","height":36},{"x":168,"y":131,"width":18,"name":"Leg_Bottom","height":28},{"x":197,"y":109,"width":20,"name":"Leg_Front","height":27},{"x":212,"y":58,"width":40,"name":"Body_1","height":49},{"x":212,"y":1,"width":37,"name":"Body","height":55},{"x":136,"y":93,"width":30,"name":"Hand_Top","height":41},{"x":147,"y":1,"width":63,"name":"Head_1","height":64},{"x":1,"y":72,"width":60,"name":"Head_2","height":65},{"x":74,"y":66,"width":60,"name":"Head","height":65},{"x":74,"y":1,"width":71,"name":"Hair","height":63},{"x":1,"y":1,"width":71,"name":"Hair_1","height":69},{"x":190,"y":67,"width":17,"name":"Z","height":22}],"width":256,"name":"Housekeeper","imagePath":"Housekeeper_tex.png","height":256}