{"SubTexture":[{"x":137,"y":1,"width":52,"name":"shadow","height":24},{"x":137,"y":27,"width":27,"name":"Hand_Bottom","height":36},{"x":55,"y":209,"width":18,"name":"Leg_Bottom","height":28},{"x":33,"y":209,"width":20,"name":"Leg_Front","height":27},{"x":73,"y":67,"width":37,"name":"Body","height":55},{"x":112,"y":67,"width":40,"name":"Body_1","height":49},{"x":1,"y":209,"width":30,"name":"Hand_Top","height":41},{"x":1,"y":143,"width":60,"name":"Head_2","height":64},{"x":63,"y":143,"width":60,"name":"Head","height":64},{"x":72,"y":1,"width":63,"name":"Head_1","height":64},{"x":1,"y":76,"width":70,"name":"Hair","height":65},{"x":1,"y":1,"width":69,"name":"Hair_1","height":73},{"x":112,"y":118,"width":17,"name":"Z","height":22}],"imagePath":"Housekeeper_03_tex.png","width":256,"name":"Housekeeper_03","height":256}