{
  "__type__": "cc.EffectAsset",
  "_name": "builtin-particle-trail",
  "_objFlags": 0,
  "_native": "",
  "techniques": [
    {
      "name": "add",
      "passes": [
        {
          "rasterizerState": {
            "cullMode": 0
          },
          "blendState": {
            "targets": [
              {
                "blend": true,
                "blendSrc": 2,
                "blendDst": 1,
                "blendSrcAlpha": 2,
                "blendDstAlpha": 1
              }
            ]
          },
          "program": "builtin-particle-trail|particle-trail:vs_main|tinted-fs:add",
          "depthStencilState": {
            "depthTest": true,
            "depthWrite": false
          },
          "properties": {
            "mainTexture": {
              "value": "grey",
              "type": 28
            },
            "mainTiling_Offset": {
              "value": [
                1,
                1,
                0,
                0
              ],
              "type": 16
            },
            "frameTile_velLenScale": {
              "value": [
                1,
                1,
                0,
                0
              ],
              "type": 16
            },
            "tintColor": {
              "value": [
                0.5,
                0.5,
                0.5,
                0.5
              ],
              "inspector": {
                "type": "color"
              },
              "type": 16
            }
          }
        }
      ]
    },
    {
      "name": "alpha-blend",
      "passes": [
        {
          "rasterizerState": {
            "cullMode": 0
          },
          "blendState": {
            "targets": [
              {
                "blend": true,
                "blendSrc": 1,
                "blendDst": 4,
                "blendSrcAlpha": 1,
                "blendDstAlpha": 4
              }
            ]
          },
          "program": "builtin-particle-trail|particle-trail:vs_main|tinted-fs:add",
          "depthStencilState": {
            "depthTest": true,
            "depthWrite": false
          },
          "properties": {
            "mainTexture": {
              "value": "grey",
              "type": 28
            },
            "mainTiling_Offset": {
              "value": [
                1,
                1,
                0,
                0
              ],
              "type": 16
            },
            "frameTile_velLenScale": {
              "value": [
                1,
                1,
                0,
                0
              ],
              "type": 16
            },
            "tintColor": {
              "value": [
                0.5,
                0.5,
                0.5,
                0.5
              ],
              "inspector": {
                "type": "color"
              },
              "type": 16
            }
          }
        }
      ]
    },
    {
      "name": "add-multiply",
      "passes": [
        {
          "rasterizerState": {
            "cullMode": 0
          },
          "blendState": {
            "targets": [
              {
                "blend": true,
                "blendSrc": 1,
                "blendDst": 4,
                "blendSrcAlpha": 1,
                "blendDstAlpha": 4
              }
            ]
          },
          "program": "builtin-particle-trail|particle-trail:vs_main|tinted-fs:multiply",
          "depthStencilState": {
            "depthTest": true,
            "depthWrite": false
          },
          "properties": {
            "mainTexture": {
              "value": "grey",
              "type": 28
            },
            "mainTiling_Offset": {
              "value": [
                1,
                1,
                0,
                0
              ],
              "type": 16
            },
            "frameTile_velLenScale": {
              "value": [
                1,
                1,
                0,
                0
              ],
              "type": 16
            },
            "tintColor": {
              "value": [
                0.5,
                0.5,
                0.5,
                0.5
              ],
              "inspector": {
                "type": "color"
              },
              "type": 16
            }
          }
        }
      ]
    },
    {
      "name": "add-smooth",
      "passes": [
        {
          "rasterizerState": {
            "cullMode": 0
          },
          "blendState": {
            "targets": [
              {
                "blend": true,
                "blendSrc": 1,
                "blendDst": 4,
                "blendSrcAlpha": 1,
                "blendDstAlpha": 4
              }
            ]
          },
          "program": "builtin-particle-trail|particle-trail:vs_main|no-tint-fs:addSmooth",
          "depthStencilState": {
            "depthTest": true,
            "depthWrite": false
          },
          "properties": {
            "mainTexture": {
              "value": "grey",
              "type": 28
            },
            "mainTiling_Offset": {
              "value": [
                1,
                1,
                0,
                0
              ],
              "type": 16
            },
            "frameTile_velLenScale": {
              "value": [
                1,
                1,
                0,
                0
              ],
              "type": 16
            }
          }
        }
      ]
    },
    {
      "name": "premultiply-blend",
      "passes": [
        {
          "rasterizerState": {
            "cullMode": 0
          },
          "blendState": {
            "targets": [
              {
                "blend": true,
                "blendSrc": 1,
                "blendDst": 4,
                "blendSrcAlpha": 1,
                "blendDstAlpha": 4
              }
            ]
          },
          "program": "builtin-particle-trail|particle-trail:vs_main|no-tint-fs:premultiplied",
          "depthStencilState": {
            "depthTest": true,
            "depthWrite": false
          },
          "properties": {
            "mainTexture": {
              "value": "grey",
              "type": 28
            },
            "mainTiling_Offset": {
              "value": [
                1,
                1,
                0,
                0
              ],
              "type": 16
            },
            "frameTile_velLenScale": {
              "value": [
                1,
                1,
                0,
                0
              ],
              "type": 16
            }
          }
        }
      ]
    }
  ],
  "shaders": [
    {
      "hash": 207867717,
      "glsl3": {
        "vert": "\nprecision mediump float;\n\nuniform Constants{\n    vec4 mainTiling_Offset;\n    vec4 frameTile_velLenScale;\n    vec4 scale;\n};\nuniform CCGlobal {\n  vec4 cc_time;\n\n  vec4 cc_screenSize;\n\n  vec4 cc_screenScale;\n\n  vec4 cc_nativeSize;\n\n  mat4 cc_matView;\n\n  mat4 cc_matViewInv;\n\n  mat4 cc_matProj;\n\n  mat4 cc_matProjInv;\n\n  mat4 cc_matViewProj;\n\n  mat4 cc_matViewProjInv;\n\n  vec4 cc_cameraPos;\n\n  vec4 cc_exposure;\n\n  vec4 cc_mainLitDir;\n\n  vec4 cc_mainLitColor;\n\n  vec4 cc_ambientSky;\n\n  vec4 cc_ambientGround;\n\n};\nuniform CCLocal {\n  highp mat4 cc_matWorld;\n  highp mat4 cc_matWorldIT;\n  highp mat4 cc_matWorlds[10];\n};\n\nvec4 quaternionFromAxisAngle(float angle, vec3 axis){\n    angle /= 2.;\n    float s = sin(angle);\n    vec4 res;\n    res.xyz = s * axis;\n    res.w = cos(angle);\n    return res;\n}\n\nvec4 quaternionFromAxis(vec3 xAxis,vec3 yAxis,vec3 zAxis){\n    mat3 m = mat3(xAxis,yAxis,zAxis);\n    float trace = m[0][0] + m[1][1] + m[2][2];\n    vec4 quat;\n\n    if (trace > 0.) {\n        float s = 0.5 / sqrt(trace + 1.0);\n        quat.w = 0.25 / s;\n        quat.x = (m[2][1] - m[1][2]) * s;\n        quat.y = (m[0][2] - m[2][0]) * s;\n        quat.z = (m[1][0] - m[0][1]) * s;\n    } else if ((m[0][0] > m[1][1]) && (m[0][0] > m[2][2])) {\n        float s = 2.0 * sqrt(1.0 + m[0][0] - m[1][1] - m[2][2]);\n        quat.w = (m[2][1] - m[1][2]) / s;\n        quat.x = 0.25 * s;\n        quat.y = (m[0][1] + m[1][0]) / s;\n        quat.z = (m[0][2] + m[2][0]) / s;\n    } else if (m[1][1] > m[2][2]) {\n        float s = 2.0 * sqrt(1.0 + m[1][1] - m[0][0] - m[2][2]);\n        quat.w = (m[0][2] - m[2][0]) / s;\n        quat.x = (m[0][1] + m[1][0]) / s;\n        quat.y = 0.25 * s;\n        quat.z = (m[1][2] + m[2][1]) / s;\n    } else {\n        float s = 2.0 * sqrt(1.0 + m[2][2] - m[0][0] - m[1][1]);\n        quat.w = (m[1][0] - m[0][1]) / s;\n        quat.x = (m[0][2] + m[2][0]) / s;\n        quat.y = (m[1][2] + m[2][1]) / s;\n        quat.z = 0.25 * s;\n    }\n\n    float len = quat.x * quat.x + quat.y * quat.y + quat.z * quat.z + quat.w * quat.w;\n    if (len > 0.) {\n        len = 1. / sqrt(len);\n        quat.x = quat.x * len;\n        quat.y = quat.y * len;\n        quat.z = quat.z * len;\n        quat.w = quat.w * len;\n    }\n\n    return quat;\n}\n\nvec4 quaternionFromEuler(vec3 angle){\n    float x = angle.x / 2.;\n    float y = angle.y / 2.;\n    float z = angle.z / 2.;\n\n    float sx = sin(x);\n    float cx = cos(x);\n    float sy = sin(y);\n    float cy = cos(y);\n    float sz = sin(z);\n    float cz = cos(z);\n\n    vec4 quat = vec4(0);\n\n    quat.x = sx * cy * cz + cx * sy * sz;\n    quat.y = cx * sy * cz + sx * cy * sz;\n    quat.z = cx * cy * sz - sx * sy * cz;\n    quat.w = cx * cy * cz - sx * sy * sz;\n\n    return quat;\n}\n\nmat4 matrixFromRT(vec4 q, vec3 p){\n    float x2 = q.x + q.x;\n    float y2 = q.y + q.y;\n    float z2 = q.z + q.z;\n    float xx = q.x * x2;\n    float xy = q.x * y2;\n    float xz = q.x * z2;\n    float yy = q.y * y2;\n    float yz = q.y * z2;\n    float zz = q.z * z2;\n    float wx = q.w * x2;\n    float wy = q.w * y2;\n    float wz = q.w * z2;\n\n    return mat4(\n        1. - (yy + zz), xy + wz, xz - wy, 0,\n        xy - wz, 1. - (xx + zz), yz + wx, 0,\n        xz + wy, yz - wx, 1. - (xx + yy), 0,\n        p.x, p.y, p.z, 1\n    );\n}\n\nmat4 matFromRTS(vec4 q, vec3 t, vec3 s){\n    float x = q.x, y = q.y, z = q.z, w = q.w;\n    float x2 = x + x;\n    float y2 = y + y;\n    float z2 = z + z;\n\n    float xx = x * x2;\n    float xy = x * y2;\n    float xz = x * z2;\n    float yy = y * y2;\n    float yz = y * z2;\n    float zz = z * z2;\n    float wx = w * x2;\n    float wy = w * y2;\n    float wz = w * z2;\n    float sx = s.x;\n    float sy = s.y;\n    float sz = s.z;\n\n    return mat4((1. - (yy + zz)) * sx, (xy + wz) * sx, (xz - wy) * sx, 0,\n        (xy - wz) * sy, (1. - (xx + zz)) * sy, (yz + wx) * sy, 0,\n        (xz + wy) * sz, (yz - wx) * sz, (1. - (xx + yy)) * sz, 0,\n        t.x, t.y, t.z, 1);\n}\n\nvoid scaleMatrix(inout mat4 m, float s){\n    m[0].xyz *= s;\n    m[1].xyz *= s;\n    m[2].xyz *= s;\n}\n\nvec4 quatMultiply(vec4 a, vec4 b){\n    vec4 quat;\n    quat.x = a.x * b.w + a.w * b.x + a.y * b.z - a.z * b.y;\n    quat.y = a.y * b.w + a.w * b.y + a.z * b.x - a.x * b.z;\n    quat.z = a.z * b.w + a.w * b.z + a.x * b.y - a.y * b.x;\n    quat.w = a.w * b.w - a.x * b.x - a.y * b.y - a.z * b.z;\n    return quat;\n}\n\nvoid rotateVecFromQuat(inout vec3 v, vec4 q){\n    float ix = q.w * v.x + q.y * v.z - q.z * v.y;\n    float iy = q.w * v.y + q.z * v.x - q.x * v.z;\n    float iz = q.w * v.z + q.x * v.y - q.y * v.x;\n    float iw = -q.x * v.x - q.y * v.y - q.z * v.z;\n\n    v.x = ix * q.w + iw * -q.x + iy * -q.z - iz * -q.y;\n    v.y = iy * q.w + iw * -q.y + iz * -q.x - ix * -q.z;\n    v.z = iz * q.w + iw * -q.z + ix * -q.y - iy * -q.x;\n}\n\nvec3 rotateVecFromAxis(vec3 v, vec3 axis, float theta){\n    return cos(theta) * v + sin(theta) * cross(v, axis) + (1. - cos(theta)) * dot(v, axis) * axis;\n}\n\nvec3 rotateInLocalSpace(vec3 pos, vec3 xAxis, vec3 yAxis, vec3 zAxis, vec4 q){\n    vec4 viewQuat = quaternionFromAxis(xAxis, yAxis, zAxis);\n    vec4 rotQuat = quatMultiply(viewQuat, q);\n    rotateVecFromQuat(pos, rotQuat);\n    return pos;\n}\n\nvoid rotateCorner(inout vec2 corner, float angle){\n    float xOS = cos(angle) * corner.x - sin(angle) * corner.y;\n    float yOS = sin(angle) * corner.x + cos(angle) * corner.y;\n    corner.x = xOS;\n    corner.y = yOS;\n}\n\nout vec2 uv;\nout vec4 color;\n\nvoid computeVertPos(inout vec4 pos, vec2 vertOffset, vec4 q, vec3 s\n#if CC_USE_BILLBOARD || CC_USE_VERTICAL_BILLBOARD\n    , mat4 viewInv\n#endif\n#if CC_USE_STRETCHED_BILLBOARD\n    , vec3 eye\n    , vec4 velocity\n    , float velocityScale\n    , float lengthScale\n    , float xIndex\n#endif\n) {\n#if CC_USE_BILLBOARD\n    vec3 viewSpaceVert = vec3(vertOffset.x * s.x, vertOffset.y * s.y, 0.);\n    vec3 camX = normalize(vec3(viewInv[0][0], viewInv[1][0], viewInv[2][0]));\n    vec3 camY = normalize(vec3(viewInv[0][1], viewInv[1][1], viewInv[2][1]));\n    vec3 camZ = normalize(vec3(viewInv[0][2], viewInv[1][2], viewInv[2][2]));\n    pos.xyz += rotateInLocalSpace(viewSpaceVert, camX, camY, camZ, q);\n#elif CC_USE_STRETCHED_BILLBOARD\n    vec3 camRight = normalize(cross(pos.xyz - eye, velocity.xyz)) * s.x;\n    vec3 camUp = velocity.xyz * velocityScale + normalize(velocity.xyz) * lengthScale * s.y;\n    pos.xyz += (camRight * abs(vertOffset.x) * sign(vertOffset.y)) - camUp * xIndex;\n#elif CC_USE_HORIZONTAL_BILLBOARD\n    vec3 viewSpaceVert = vec3(vertOffset.x * s.x, vertOffset.y * s.y, 0.);\n    vec3 camX = vec3(1, 0, 0);\n    vec3 camY = vec3(0, 0, -1);\n    pos.xyz += rotateInLocalSpace(viewSpaceVert, camX, camY, cross(camX, camY), q);\n#elif CC_USE_VERTICAL_BILLBOARD\n    vec2 viewSpaceVert = vec2(vertOffset.x * s.x, vertOffset.y * s.y);\n    rotateCorner(viewSpaceVert, q.z);\n    vec3 camX = normalize(vec3(cc_matView[0][0], cc_matView[1][0], cc_matView[2][0]));\n    vec3 camY = vec3(0, 1, 0);\n    vec3 offset = camX * viewSpaceVert.x + camY * viewSpaceVert.y;\n    pos.xyz += offset;\n#else\n    pos.x += vertOffset.x;\n    pos.y += vertOffset.y;\n#endif\n}\n\nvec2 computeUV(float frameIndex, vec2 vertIndex, vec2 frameTile){\n    vec2 aniUV = vec2(0, floor(frameIndex * frameTile.y));\n    aniUV.x = floor(frameIndex * frameTile.x * frameTile.y - aniUV.y * frameTile.x);\n#if !CC_USE_MESH\n    vertIndex.y = 1. - vertIndex.y;\n\n#endif\n    return (aniUV.xy + vertIndex) / vec2(frameTile.x, frameTile.y);\n}\n\nin vec3 a_position;\n\nin vec4 a_texCoord;\n\nin vec3 a_texCoord1;\n\nin vec3 a_texCoord2;\nin vec4 a_color;\n\n#if CC_DRAW_WIRE_FRAME\n    out vec3 vBarycentric;\n#endif\n\nvec4 vs_main() {\n    highp vec4 pos = vec4(a_position, 1);\n    vec4 velocity = vec4(a_texCoord1.xyz, 0);\n\n#if !CC_USE_WORLD_SPACE\n    pos = cc_matWorld * pos;\n    velocity = cc_matWorld * velocity;\n#endif\n\n    float vertOffset = (a_texCoord.x - 0.5) * a_texCoord.y;\n    vec3 camUp = normalize(cross(pos.xyz - cc_cameraPos.xyz, velocity.xyz));\n    pos.xyz += camUp * vertOffset;\n    pos = cc_matViewProj * pos;\n    uv = a_texCoord.zw * mainTiling_Offset.xy + mainTiling_Offset.zw;;\n    color = a_color;\n#if CC_DRAW_WIRE_FRAME\n    vBarycentric = a_texCoord2;\n#endif\n    return pos;\n}\n\nvoid main() { gl_Position = vs_main(); }\n",
        "frag": "\n  precision mediump float;\nuniform CCGlobal {\n  vec4 cc_time;\n\n  vec4 cc_screenSize;\n\n  vec4 cc_screenScale;\n\n  vec4 cc_nativeSize;\n\n  mat4 cc_matView;\n\n  mat4 cc_matViewInv;\n\n  mat4 cc_matProj;\n\n  mat4 cc_matProjInv;\n\n  mat4 cc_matViewProj;\n\n  mat4 cc_matViewProjInv;\n\n  vec4 cc_cameraPos;\n\n  vec4 cc_exposure;\n\n  vec4 cc_mainLitDir;\n\n  vec4 cc_mainLitColor;\n\n  vec4 cc_ambientSky;\n\n  vec4 cc_ambientGround;\n\n};\n\nvec3 SRGBToLinear(vec3 gamma)\n{\n\treturn pow(gamma, vec3(2.2));\n\n}\n\nvec3 LinearToSRGB(vec3 linear)\n{\n\treturn pow(linear, vec3(0.454545));\n\n}\n\nvec4 CCFragOutput(vec4 color) {\n  #if CC_USE_HDR\n    color.rgb = mix(color.rgb, SRGBToLinear(color.rgb) * cc_exposure.w, vec3(cc_exposure.z));\n\t#endif\n\treturn color;\n}\n\n  in vec2 uv;\n  in vec4 color;\n  #if CC_DRAW_WIRE_FRAME\n    in vec3 vBarycentric;\n  #endif\n\n  uniform sampler2D mainTexture;\n  uniform FragConstants {\n    vec4 tintColor;\n  };\n\n  vec4 add () {\n    vec4 col = 2.0 * color * tintColor * texture(mainTexture, uv);\n#if CC_DRAW_WIRE_FRAME\n    if (any(lessThan(vBarycentric, vec3(0.02)))) {\n        col = vec4(0., 1., 1., 1.);\n    }\n#endif\n    return CCFragOutput(col);\n  }\n\n  vec4 multiply () {\n    vec4 col;\n    vec4 texColor = texture(mainTexture, uv);\n    col.rgb = tintColor.rgb * texColor.rgb * color.rgb * vec3(2.0);\n    col.a = (1.0 - texColor.a) * (tintColor.a * color.a * 2.0);\n#if CC_DRAW_WIRE_FRAME\n    if (any(lessThan(vBarycentric, vec3(0.02)))) {\n        col = vec4(0., 1., 1., col.a);\n    }\n#endif\n    return CCFragOutput(col);\n  }\n\nout vec4 cc_FragColor;\nvoid main() { cc_FragColor = add(); }\n"
      },
      "glsl1": {
        "vert": "\nprecision mediump float;\n\nuniform vec4 mainTiling_Offset;\nuniform mat4 cc_matView;\nuniform mat4 cc_matViewProj;\nuniform vec4 cc_cameraPos;\nuniform highp mat4 cc_matWorld;\n\nvec4 quaternionFromAxisAngle(float angle, vec3 axis){\n    angle /= 2.;\n    float s = sin(angle);\n    vec4 res;\n    res.xyz = s * axis;\n    res.w = cos(angle);\n    return res;\n}\n\nvec4 quaternionFromAxis(vec3 xAxis,vec3 yAxis,vec3 zAxis){\n    mat3 m = mat3(xAxis,yAxis,zAxis);\n    float trace = m[0][0] + m[1][1] + m[2][2];\n    vec4 quat;\n\n    if (trace > 0.) {\n        float s = 0.5 / sqrt(trace + 1.0);\n        quat.w = 0.25 / s;\n        quat.x = (m[2][1] - m[1][2]) * s;\n        quat.y = (m[0][2] - m[2][0]) * s;\n        quat.z = (m[1][0] - m[0][1]) * s;\n    } else if ((m[0][0] > m[1][1]) && (m[0][0] > m[2][2])) {\n        float s = 2.0 * sqrt(1.0 + m[0][0] - m[1][1] - m[2][2]);\n        quat.w = (m[2][1] - m[1][2]) / s;\n        quat.x = 0.25 * s;\n        quat.y = (m[0][1] + m[1][0]) / s;\n        quat.z = (m[0][2] + m[2][0]) / s;\n    } else if (m[1][1] > m[2][2]) {\n        float s = 2.0 * sqrt(1.0 + m[1][1] - m[0][0] - m[2][2]);\n        quat.w = (m[0][2] - m[2][0]) / s;\n        quat.x = (m[0][1] + m[1][0]) / s;\n        quat.y = 0.25 * s;\n        quat.z = (m[1][2] + m[2][1]) / s;\n    } else {\n        float s = 2.0 * sqrt(1.0 + m[2][2] - m[0][0] - m[1][1]);\n        quat.w = (m[1][0] - m[0][1]) / s;\n        quat.x = (m[0][2] + m[2][0]) / s;\n        quat.y = (m[1][2] + m[2][1]) / s;\n        quat.z = 0.25 * s;\n    }\n\n    float len = quat.x * quat.x + quat.y * quat.y + quat.z * quat.z + quat.w * quat.w;\n    if (len > 0.) {\n        len = 1. / sqrt(len);\n        quat.x = quat.x * len;\n        quat.y = quat.y * len;\n        quat.z = quat.z * len;\n        quat.w = quat.w * len;\n    }\n\n    return quat;\n}\n\nvec4 quaternionFromEuler(vec3 angle){\n    float x = angle.x / 2.;\n    float y = angle.y / 2.;\n    float z = angle.z / 2.;\n\n    float sx = sin(x);\n    float cx = cos(x);\n    float sy = sin(y);\n    float cy = cos(y);\n    float sz = sin(z);\n    float cz = cos(z);\n\n    vec4 quat = vec4(0);\n\n    quat.x = sx * cy * cz + cx * sy * sz;\n    quat.y = cx * sy * cz + sx * cy * sz;\n    quat.z = cx * cy * sz - sx * sy * cz;\n    quat.w = cx * cy * cz - sx * sy * sz;\n\n    return quat;\n}\n\nmat4 matrixFromRT(vec4 q, vec3 p){\n    float x2 = q.x + q.x;\n    float y2 = q.y + q.y;\n    float z2 = q.z + q.z;\n    float xx = q.x * x2;\n    float xy = q.x * y2;\n    float xz = q.x * z2;\n    float yy = q.y * y2;\n    float yz = q.y * z2;\n    float zz = q.z * z2;\n    float wx = q.w * x2;\n    float wy = q.w * y2;\n    float wz = q.w * z2;\n\n    return mat4(\n        1. - (yy + zz), xy + wz, xz - wy, 0,\n        xy - wz, 1. - (xx + zz), yz + wx, 0,\n        xz + wy, yz - wx, 1. - (xx + yy), 0,\n        p.x, p.y, p.z, 1\n    );\n}\n\nmat4 matFromRTS(vec4 q, vec3 t, vec3 s){\n    float x = q.x, y = q.y, z = q.z, w = q.w;\n    float x2 = x + x;\n    float y2 = y + y;\n    float z2 = z + z;\n\n    float xx = x * x2;\n    float xy = x * y2;\n    float xz = x * z2;\n    float yy = y * y2;\n    float yz = y * z2;\n    float zz = z * z2;\n    float wx = w * x2;\n    float wy = w * y2;\n    float wz = w * z2;\n    float sx = s.x;\n    float sy = s.y;\n    float sz = s.z;\n\n    return mat4((1. - (yy + zz)) * sx, (xy + wz) * sx, (xz - wy) * sx, 0,\n        (xy - wz) * sy, (1. - (xx + zz)) * sy, (yz + wx) * sy, 0,\n        (xz + wy) * sz, (yz - wx) * sz, (1. - (xx + yy)) * sz, 0,\n        t.x, t.y, t.z, 1);\n}\n\nvoid scaleMatrix(inout mat4 m, float s){\n    m[0].xyz *= s;\n    m[1].xyz *= s;\n    m[2].xyz *= s;\n}\n\nvec4 quatMultiply(vec4 a, vec4 b){\n    vec4 quat;\n    quat.x = a.x * b.w + a.w * b.x + a.y * b.z - a.z * b.y;\n    quat.y = a.y * b.w + a.w * b.y + a.z * b.x - a.x * b.z;\n    quat.z = a.z * b.w + a.w * b.z + a.x * b.y - a.y * b.x;\n    quat.w = a.w * b.w - a.x * b.x - a.y * b.y - a.z * b.z;\n    return quat;\n}\n\nvoid rotateVecFromQuat(inout vec3 v, vec4 q){\n    float ix = q.w * v.x + q.y * v.z - q.z * v.y;\n    float iy = q.w * v.y + q.z * v.x - q.x * v.z;\n    float iz = q.w * v.z + q.x * v.y - q.y * v.x;\n    float iw = -q.x * v.x - q.y * v.y - q.z * v.z;\n\n    v.x = ix * q.w + iw * -q.x + iy * -q.z - iz * -q.y;\n    v.y = iy * q.w + iw * -q.y + iz * -q.x - ix * -q.z;\n    v.z = iz * q.w + iw * -q.z + ix * -q.y - iy * -q.x;\n}\n\nvec3 rotateVecFromAxis(vec3 v, vec3 axis, float theta){\n    return cos(theta) * v + sin(theta) * cross(v, axis) + (1. - cos(theta)) * dot(v, axis) * axis;\n}\n\nvec3 rotateInLocalSpace(vec3 pos, vec3 xAxis, vec3 yAxis, vec3 zAxis, vec4 q){\n    vec4 viewQuat = quaternionFromAxis(xAxis, yAxis, zAxis);\n    vec4 rotQuat = quatMultiply(viewQuat, q);\n    rotateVecFromQuat(pos, rotQuat);\n    return pos;\n}\n\nvoid rotateCorner(inout vec2 corner, float angle){\n    float xOS = cos(angle) * corner.x - sin(angle) * corner.y;\n    float yOS = sin(angle) * corner.x + cos(angle) * corner.y;\n    corner.x = xOS;\n    corner.y = yOS;\n}\n\nvarying vec2 uv;\nvarying vec4 color;\n\nvoid computeVertPos(inout vec4 pos, vec2 vertOffset, vec4 q, vec3 s\n#if CC_USE_BILLBOARD || CC_USE_VERTICAL_BILLBOARD\n    , mat4 viewInv\n#endif\n#if CC_USE_STRETCHED_BILLBOARD\n    , vec3 eye\n    , vec4 velocity\n    , float velocityScale\n    , float lengthScale\n    , float xIndex\n#endif\n) {\n#if CC_USE_BILLBOARD\n    vec3 viewSpaceVert = vec3(vertOffset.x * s.x, vertOffset.y * s.y, 0.);\n    vec3 camX = normalize(vec3(viewInv[0][0], viewInv[1][0], viewInv[2][0]));\n    vec3 camY = normalize(vec3(viewInv[0][1], viewInv[1][1], viewInv[2][1]));\n    vec3 camZ = normalize(vec3(viewInv[0][2], viewInv[1][2], viewInv[2][2]));\n    pos.xyz += rotateInLocalSpace(viewSpaceVert, camX, camY, camZ, q);\n#elif CC_USE_STRETCHED_BILLBOARD\n    vec3 camRight = normalize(cross(pos.xyz - eye, velocity.xyz)) * s.x;\n    vec3 camUp = velocity.xyz * velocityScale + normalize(velocity.xyz) * lengthScale * s.y;\n    pos.xyz += (camRight * abs(vertOffset.x) * sign(vertOffset.y)) - camUp * xIndex;\n#elif CC_USE_HORIZONTAL_BILLBOARD\n    vec3 viewSpaceVert = vec3(vertOffset.x * s.x, vertOffset.y * s.y, 0.);\n    vec3 camX = vec3(1, 0, 0);\n    vec3 camY = vec3(0, 0, -1);\n    pos.xyz += rotateInLocalSpace(viewSpaceVert, camX, camY, cross(camX, camY), q);\n#elif CC_USE_VERTICAL_BILLBOARD\n    vec2 viewSpaceVert = vec2(vertOffset.x * s.x, vertOffset.y * s.y);\n    rotateCorner(viewSpaceVert, q.z);\n    vec3 camX = normalize(vec3(cc_matView[0][0], cc_matView[1][0], cc_matView[2][0]));\n    vec3 camY = vec3(0, 1, 0);\n    vec3 offset = camX * viewSpaceVert.x + camY * viewSpaceVert.y;\n    pos.xyz += offset;\n#else\n    pos.x += vertOffset.x;\n    pos.y += vertOffset.y;\n#endif\n}\n\nvec2 computeUV(float frameIndex, vec2 vertIndex, vec2 frameTile){\n    vec2 aniUV = vec2(0, floor(frameIndex * frameTile.y));\n    aniUV.x = floor(frameIndex * frameTile.x * frameTile.y - aniUV.y * frameTile.x);\n#if !CC_USE_MESH\n    vertIndex.y = 1. - vertIndex.y;\n\n#endif\n    return (aniUV.xy + vertIndex) / vec2(frameTile.x, frameTile.y);\n}\n\nattribute vec3 a_position;\n\nattribute vec4 a_texCoord;\n\nattribute vec3 a_texCoord1;\n\nattribute vec3 a_texCoord2;\nattribute vec4 a_color;\n\n#if CC_DRAW_WIRE_FRAME\n    varying vec3 vBarycentric;\n#endif\n\nvec4 vs_main() {\n    highp vec4 pos = vec4(a_position, 1);\n    vec4 velocity = vec4(a_texCoord1.xyz, 0);\n\n#if !CC_USE_WORLD_SPACE\n    pos = cc_matWorld * pos;\n    velocity = cc_matWorld * velocity;\n#endif\n\n    float vertOffset = (a_texCoord.x - 0.5) * a_texCoord.y;\n    vec3 camUp = normalize(cross(pos.xyz - cc_cameraPos.xyz, velocity.xyz));\n    pos.xyz += camUp * vertOffset;\n    pos = cc_matViewProj * pos;\n    uv = a_texCoord.zw * mainTiling_Offset.xy + mainTiling_Offset.zw;;\n    color = a_color;\n#if CC_DRAW_WIRE_FRAME\n    vBarycentric = a_texCoord2;\n#endif\n    return pos;\n}\n\nvoid main() { gl_Position = vs_main(); }\n",
        "frag": "\n  precision mediump float;\nuniform vec4 cc_exposure;\n\nvec3 SRGBToLinear(vec3 gamma)\n{\n\treturn pow(gamma, vec3(2.2));\n\n}\n\nvec3 LinearToSRGB(vec3 linear)\n{\n\treturn pow(linear, vec3(0.454545));\n\n}\n\nvec4 CCFragOutput(vec4 color) {\n  #if CC_USE_HDR\n    color.rgb = mix(color.rgb, SRGBToLinear(color.rgb) * cc_exposure.w, vec3(cc_exposure.z));\n\t#endif\n\treturn color;\n}\n\n  varying vec2 uv;\n  varying vec4 color;\n  #if CC_DRAW_WIRE_FRAME\n    varying vec3 vBarycentric;\n  #endif\n\n  uniform sampler2D mainTexture;\n  uniform vec4 tintColor;\n\n  vec4 add () {\n    vec4 col = 2.0 * color * tintColor * texture2D(mainTexture, uv);\n#if CC_DRAW_WIRE_FRAME\n    if (any(lessThan(vBarycentric, vec3(0.02)))) {\n        col = vec4(0., 1., 1., 1.);\n    }\n#endif\n    return CCFragOutput(col);\n  }\n\n  vec4 multiply () {\n    vec4 col;\n    vec4 texColor = texture2D(mainTexture, uv);\n    col.rgb = tintColor.rgb * texColor.rgb * color.rgb * vec3(2.0);\n    col.a = (1.0 - texColor.a) * (tintColor.a * color.a * 2.0);\n#if CC_DRAW_WIRE_FRAME\n    if (any(lessThan(vBarycentric, vec3(0.02)))) {\n        col = vec4(0., 1., 1., col.a);\n    }\n#endif\n    return CCFragOutput(col);\n  }\n\nvoid main() { gl_FragColor = add(); }\n"
      },
      "builtins": {
        "globals": {
          "blocks": [
            {
              "name": "CCGlobal",
              "defines": []
            }
          ],
          "samplers": []
        },
        "locals": {
          "blocks": [
            {
              "name": "CCLocal",
              "defines": []
            }
          ],
          "samplers": []
        }
      },
      "defines": [
        {
          "name": "CC_USE_BILLBOARD",
          "type": "boolean",
          "defines": []
        },
        {
          "name": "CC_USE_STRETCHED_BILLBOARD",
          "type": "boolean",
          "defines": []
        },
        {
          "name": "CC_USE_HORIZONTAL_BILLBOARD",
          "type": "boolean",
          "defines": []
        },
        {
          "name": "CC_USE_VERTICAL_BILLBOARD",
          "type": "boolean",
          "defines": []
        },
        {
          "name": "CC_USE_MESH",
          "type": "boolean",
          "defines": []
        },
        {
          "name": "CC_DRAW_WIRE_FRAME",
          "type": "boolean",
          "defines": []
        },
        {
          "name": "CC_USE_WORLD_SPACE",
          "type": "boolean",
          "defines": []
        },
        {
          "name": "CC_USE_HDR",
          "type": "boolean",
          "defines": []
        }
      ],
      "blocks": [
        {
          "name": "Constants",
          "members": [
            {
              "name": "mainTiling_Offset",
              "type": 16,
              "count": 1
            },
            {
              "name": "frameTile_velLenScale",
              "type": 16,
              "count": 1
            },
            {
              "name": "scale",
              "type": 16,
              "count": 1
            }
          ],
          "defines": [],
          "binding": 0
        },
        {
          "name": "FragConstants",
          "members": [
            {
              "name": "tintColor",
              "type": 16,
              "count": 1
            }
          ],
          "defines": [],
          "binding": 1
        }
      ],
      "samplers": [
        {
          "name": "mainTexture",
          "type": 28,
          "count": 1,
          "defines": [],
          "binding": 30
        }
      ],
      "name": "builtin-particle-trail|particle-trail:vs_main|tinted-fs:add"
    },
    {
      "hash": 2230884939,
      "glsl3": {
        "vert": "\nprecision mediump float;\n\nuniform Constants{\n    vec4 mainTiling_Offset;\n    vec4 frameTile_velLenScale;\n    vec4 scale;\n};\nuniform CCGlobal {\n  vec4 cc_time;\n\n  vec4 cc_screenSize;\n\n  vec4 cc_screenScale;\n\n  vec4 cc_nativeSize;\n\n  mat4 cc_matView;\n\n  mat4 cc_matViewInv;\n\n  mat4 cc_matProj;\n\n  mat4 cc_matProjInv;\n\n  mat4 cc_matViewProj;\n\n  mat4 cc_matViewProjInv;\n\n  vec4 cc_cameraPos;\n\n  vec4 cc_exposure;\n\n  vec4 cc_mainLitDir;\n\n  vec4 cc_mainLitColor;\n\n  vec4 cc_ambientSky;\n\n  vec4 cc_ambientGround;\n\n};\nuniform CCLocal {\n  highp mat4 cc_matWorld;\n  highp mat4 cc_matWorldIT;\n  highp mat4 cc_matWorlds[10];\n};\n\nvec4 quaternionFromAxisAngle(float angle, vec3 axis){\n    angle /= 2.;\n    float s = sin(angle);\n    vec4 res;\n    res.xyz = s * axis;\n    res.w = cos(angle);\n    return res;\n}\n\nvec4 quaternionFromAxis(vec3 xAxis,vec3 yAxis,vec3 zAxis){\n    mat3 m = mat3(xAxis,yAxis,zAxis);\n    float trace = m[0][0] + m[1][1] + m[2][2];\n    vec4 quat;\n\n    if (trace > 0.) {\n        float s = 0.5 / sqrt(trace + 1.0);\n        quat.w = 0.25 / s;\n        quat.x = (m[2][1] - m[1][2]) * s;\n        quat.y = (m[0][2] - m[2][0]) * s;\n        quat.z = (m[1][0] - m[0][1]) * s;\n    } else if ((m[0][0] > m[1][1]) && (m[0][0] > m[2][2])) {\n        float s = 2.0 * sqrt(1.0 + m[0][0] - m[1][1] - m[2][2]);\n        quat.w = (m[2][1] - m[1][2]) / s;\n        quat.x = 0.25 * s;\n        quat.y = (m[0][1] + m[1][0]) / s;\n        quat.z = (m[0][2] + m[2][0]) / s;\n    } else if (m[1][1] > m[2][2]) {\n        float s = 2.0 * sqrt(1.0 + m[1][1] - m[0][0] - m[2][2]);\n        quat.w = (m[0][2] - m[2][0]) / s;\n        quat.x = (m[0][1] + m[1][0]) / s;\n        quat.y = 0.25 * s;\n        quat.z = (m[1][2] + m[2][1]) / s;\n    } else {\n        float s = 2.0 * sqrt(1.0 + m[2][2] - m[0][0] - m[1][1]);\n        quat.w = (m[1][0] - m[0][1]) / s;\n        quat.x = (m[0][2] + m[2][0]) / s;\n        quat.y = (m[1][2] + m[2][1]) / s;\n        quat.z = 0.25 * s;\n    }\n\n    float len = quat.x * quat.x + quat.y * quat.y + quat.z * quat.z + quat.w * quat.w;\n    if (len > 0.) {\n        len = 1. / sqrt(len);\n        quat.x = quat.x * len;\n        quat.y = quat.y * len;\n        quat.z = quat.z * len;\n        quat.w = quat.w * len;\n    }\n\n    return quat;\n}\n\nvec4 quaternionFromEuler(vec3 angle){\n    float x = angle.x / 2.;\n    float y = angle.y / 2.;\n    float z = angle.z / 2.;\n\n    float sx = sin(x);\n    float cx = cos(x);\n    float sy = sin(y);\n    float cy = cos(y);\n    float sz = sin(z);\n    float cz = cos(z);\n\n    vec4 quat = vec4(0);\n\n    quat.x = sx * cy * cz + cx * sy * sz;\n    quat.y = cx * sy * cz + sx * cy * sz;\n    quat.z = cx * cy * sz - sx * sy * cz;\n    quat.w = cx * cy * cz - sx * sy * sz;\n\n    return quat;\n}\n\nmat4 matrixFromRT(vec4 q, vec3 p){\n    float x2 = q.x + q.x;\n    float y2 = q.y + q.y;\n    float z2 = q.z + q.z;\n    float xx = q.x * x2;\n    float xy = q.x * y2;\n    float xz = q.x * z2;\n    float yy = q.y * y2;\n    float yz = q.y * z2;\n    float zz = q.z * z2;\n    float wx = q.w * x2;\n    float wy = q.w * y2;\n    float wz = q.w * z2;\n\n    return mat4(\n        1. - (yy + zz), xy + wz, xz - wy, 0,\n        xy - wz, 1. - (xx + zz), yz + wx, 0,\n        xz + wy, yz - wx, 1. - (xx + yy), 0,\n        p.x, p.y, p.z, 1\n    );\n}\n\nmat4 matFromRTS(vec4 q, vec3 t, vec3 s){\n    float x = q.x, y = q.y, z = q.z, w = q.w;\n    float x2 = x + x;\n    float y2 = y + y;\n    float z2 = z + z;\n\n    float xx = x * x2;\n    float xy = x * y2;\n    float xz = x * z2;\n    float yy = y * y2;\n    float yz = y * z2;\n    float zz = z * z2;\n    float wx = w * x2;\n    float wy = w * y2;\n    float wz = w * z2;\n    float sx = s.x;\n    float sy = s.y;\n    float sz = s.z;\n\n    return mat4((1. - (yy + zz)) * sx, (xy + wz) * sx, (xz - wy) * sx, 0,\n        (xy - wz) * sy, (1. - (xx + zz)) * sy, (yz + wx) * sy, 0,\n        (xz + wy) * sz, (yz - wx) * sz, (1. - (xx + yy)) * sz, 0,\n        t.x, t.y, t.z, 1);\n}\n\nvoid scaleMatrix(inout mat4 m, float s){\n    m[0].xyz *= s;\n    m[1].xyz *= s;\n    m[2].xyz *= s;\n}\n\nvec4 quatMultiply(vec4 a, vec4 b){\n    vec4 quat;\n    quat.x = a.x * b.w + a.w * b.x + a.y * b.z - a.z * b.y;\n    quat.y = a.y * b.w + a.w * b.y + a.z * b.x - a.x * b.z;\n    quat.z = a.z * b.w + a.w * b.z + a.x * b.y - a.y * b.x;\n    quat.w = a.w * b.w - a.x * b.x - a.y * b.y - a.z * b.z;\n    return quat;\n}\n\nvoid rotateVecFromQuat(inout vec3 v, vec4 q){\n    float ix = q.w * v.x + q.y * v.z - q.z * v.y;\n    float iy = q.w * v.y + q.z * v.x - q.x * v.z;\n    float iz = q.w * v.z + q.x * v.y - q.y * v.x;\n    float iw = -q.x * v.x - q.y * v.y - q.z * v.z;\n\n    v.x = ix * q.w + iw * -q.x + iy * -q.z - iz * -q.y;\n    v.y = iy * q.w + iw * -q.y + iz * -q.x - ix * -q.z;\n    v.z = iz * q.w + iw * -q.z + ix * -q.y - iy * -q.x;\n}\n\nvec3 rotateVecFromAxis(vec3 v, vec3 axis, float theta){\n    return cos(theta) * v + sin(theta) * cross(v, axis) + (1. - cos(theta)) * dot(v, axis) * axis;\n}\n\nvec3 rotateInLocalSpace(vec3 pos, vec3 xAxis, vec3 yAxis, vec3 zAxis, vec4 q){\n    vec4 viewQuat = quaternionFromAxis(xAxis, yAxis, zAxis);\n    vec4 rotQuat = quatMultiply(viewQuat, q);\n    rotateVecFromQuat(pos, rotQuat);\n    return pos;\n}\n\nvoid rotateCorner(inout vec2 corner, float angle){\n    float xOS = cos(angle) * corner.x - sin(angle) * corner.y;\n    float yOS = sin(angle) * corner.x + cos(angle) * corner.y;\n    corner.x = xOS;\n    corner.y = yOS;\n}\n\nout vec2 uv;\nout vec4 color;\n\nvoid computeVertPos(inout vec4 pos, vec2 vertOffset, vec4 q, vec3 s\n#if CC_USE_BILLBOARD || CC_USE_VERTICAL_BILLBOARD\n    , mat4 viewInv\n#endif\n#if CC_USE_STRETCHED_BILLBOARD\n    , vec3 eye\n    , vec4 velocity\n    , float velocityScale\n    , float lengthScale\n    , float xIndex\n#endif\n) {\n#if CC_USE_BILLBOARD\n    vec3 viewSpaceVert = vec3(vertOffset.x * s.x, vertOffset.y * s.y, 0.);\n    vec3 camX = normalize(vec3(viewInv[0][0], viewInv[1][0], viewInv[2][0]));\n    vec3 camY = normalize(vec3(viewInv[0][1], viewInv[1][1], viewInv[2][1]));\n    vec3 camZ = normalize(vec3(viewInv[0][2], viewInv[1][2], viewInv[2][2]));\n    pos.xyz += rotateInLocalSpace(viewSpaceVert, camX, camY, camZ, q);\n#elif CC_USE_STRETCHED_BILLBOARD\n    vec3 camRight = normalize(cross(pos.xyz - eye, velocity.xyz)) * s.x;\n    vec3 camUp = velocity.xyz * velocityScale + normalize(velocity.xyz) * lengthScale * s.y;\n    pos.xyz += (camRight * abs(vertOffset.x) * sign(vertOffset.y)) - camUp * xIndex;\n#elif CC_USE_HORIZONTAL_BILLBOARD\n    vec3 viewSpaceVert = vec3(vertOffset.x * s.x, vertOffset.y * s.y, 0.);\n    vec3 camX = vec3(1, 0, 0);\n    vec3 camY = vec3(0, 0, -1);\n    pos.xyz += rotateInLocalSpace(viewSpaceVert, camX, camY, cross(camX, camY), q);\n#elif CC_USE_VERTICAL_BILLBOARD\n    vec2 viewSpaceVert = vec2(vertOffset.x * s.x, vertOffset.y * s.y);\n    rotateCorner(viewSpaceVert, q.z);\n    vec3 camX = normalize(vec3(cc_matView[0][0], cc_matView[1][0], cc_matView[2][0]));\n    vec3 camY = vec3(0, 1, 0);\n    vec3 offset = camX * viewSpaceVert.x + camY * viewSpaceVert.y;\n    pos.xyz += offset;\n#else\n    pos.x += vertOffset.x;\n    pos.y += vertOffset.y;\n#endif\n}\n\nvec2 computeUV(float frameIndex, vec2 vertIndex, vec2 frameTile){\n    vec2 aniUV = vec2(0, floor(frameIndex * frameTile.y));\n    aniUV.x = floor(frameIndex * frameTile.x * frameTile.y - aniUV.y * frameTile.x);\n#if !CC_USE_MESH\n    vertIndex.y = 1. - vertIndex.y;\n\n#endif\n    return (aniUV.xy + vertIndex) / vec2(frameTile.x, frameTile.y);\n}\n\nin vec3 a_position;\n\nin vec4 a_texCoord;\n\nin vec3 a_texCoord1;\n\nin vec3 a_texCoord2;\nin vec4 a_color;\n\n#if CC_DRAW_WIRE_FRAME\n    out vec3 vBarycentric;\n#endif\n\nvec4 vs_main() {\n    highp vec4 pos = vec4(a_position, 1);\n    vec4 velocity = vec4(a_texCoord1.xyz, 0);\n\n#if !CC_USE_WORLD_SPACE\n    pos = cc_matWorld * pos;\n    velocity = cc_matWorld * velocity;\n#endif\n\n    float vertOffset = (a_texCoord.x - 0.5) * a_texCoord.y;\n    vec3 camUp = normalize(cross(pos.xyz - cc_cameraPos.xyz, velocity.xyz));\n    pos.xyz += camUp * vertOffset;\n    pos = cc_matViewProj * pos;\n    uv = a_texCoord.zw * mainTiling_Offset.xy + mainTiling_Offset.zw;;\n    color = a_color;\n#if CC_DRAW_WIRE_FRAME\n    vBarycentric = a_texCoord2;\n#endif\n    return pos;\n}\n\nvoid main() { gl_Position = vs_main(); }\n",
        "frag": "\n  precision mediump float;\nuniform CCGlobal {\n  vec4 cc_time;\n\n  vec4 cc_screenSize;\n\n  vec4 cc_screenScale;\n\n  vec4 cc_nativeSize;\n\n  mat4 cc_matView;\n\n  mat4 cc_matViewInv;\n\n  mat4 cc_matProj;\n\n  mat4 cc_matProjInv;\n\n  mat4 cc_matViewProj;\n\n  mat4 cc_matViewProjInv;\n\n  vec4 cc_cameraPos;\n\n  vec4 cc_exposure;\n\n  vec4 cc_mainLitDir;\n\n  vec4 cc_mainLitColor;\n\n  vec4 cc_ambientSky;\n\n  vec4 cc_ambientGround;\n\n};\n\nvec3 SRGBToLinear(vec3 gamma)\n{\n\treturn pow(gamma, vec3(2.2));\n\n}\n\nvec3 LinearToSRGB(vec3 linear)\n{\n\treturn pow(linear, vec3(0.454545));\n\n}\n\nvec4 CCFragOutput(vec4 color) {\n  #if CC_USE_HDR\n    color.rgb = mix(color.rgb, SRGBToLinear(color.rgb) * cc_exposure.w, vec3(cc_exposure.z));\n\t#endif\n\treturn color;\n}\n\n  in vec2 uv;\n  in vec4 color;\n  #if CC_DRAW_WIRE_FRAME\n    in vec3 vBarycentric;\n  #endif\n\n  uniform sampler2D mainTexture;\n  uniform FragConstants {\n    vec4 tintColor;\n  };\n\n  vec4 add () {\n    vec4 col = 2.0 * color * tintColor * texture(mainTexture, uv);\n#if CC_DRAW_WIRE_FRAME\n    if (any(lessThan(vBarycentric, vec3(0.02)))) {\n        col = vec4(0., 1., 1., 1.);\n    }\n#endif\n    return CCFragOutput(col);\n  }\n\n  vec4 multiply () {\n    vec4 col;\n    vec4 texColor = texture(mainTexture, uv);\n    col.rgb = tintColor.rgb * texColor.rgb * color.rgb * vec3(2.0);\n    col.a = (1.0 - texColor.a) * (tintColor.a * color.a * 2.0);\n#if CC_DRAW_WIRE_FRAME\n    if (any(lessThan(vBarycentric, vec3(0.02)))) {\n        col = vec4(0., 1., 1., col.a);\n    }\n#endif\n    return CCFragOutput(col);\n  }\n\nout vec4 cc_FragColor;\nvoid main() { cc_FragColor = multiply(); }\n"
      },
      "glsl1": {
        "vert": "\nprecision mediump float;\n\nuniform vec4 mainTiling_Offset;\nuniform mat4 cc_matView;\nuniform mat4 cc_matViewProj;\nuniform vec4 cc_cameraPos;\nuniform highp mat4 cc_matWorld;\n\nvec4 quaternionFromAxisAngle(float angle, vec3 axis){\n    angle /= 2.;\n    float s = sin(angle);\n    vec4 res;\n    res.xyz = s * axis;\n    res.w = cos(angle);\n    return res;\n}\n\nvec4 quaternionFromAxis(vec3 xAxis,vec3 yAxis,vec3 zAxis){\n    mat3 m = mat3(xAxis,yAxis,zAxis);\n    float trace = m[0][0] + m[1][1] + m[2][2];\n    vec4 quat;\n\n    if (trace > 0.) {\n        float s = 0.5 / sqrt(trace + 1.0);\n        quat.w = 0.25 / s;\n        quat.x = (m[2][1] - m[1][2]) * s;\n        quat.y = (m[0][2] - m[2][0]) * s;\n        quat.z = (m[1][0] - m[0][1]) * s;\n    } else if ((m[0][0] > m[1][1]) && (m[0][0] > m[2][2])) {\n        float s = 2.0 * sqrt(1.0 + m[0][0] - m[1][1] - m[2][2]);\n        quat.w = (m[2][1] - m[1][2]) / s;\n        quat.x = 0.25 * s;\n        quat.y = (m[0][1] + m[1][0]) / s;\n        quat.z = (m[0][2] + m[2][0]) / s;\n    } else if (m[1][1] > m[2][2]) {\n        float s = 2.0 * sqrt(1.0 + m[1][1] - m[0][0] - m[2][2]);\n        quat.w = (m[0][2] - m[2][0]) / s;\n        quat.x = (m[0][1] + m[1][0]) / s;\n        quat.y = 0.25 * s;\n        quat.z = (m[1][2] + m[2][1]) / s;\n    } else {\n        float s = 2.0 * sqrt(1.0 + m[2][2] - m[0][0] - m[1][1]);\n        quat.w = (m[1][0] - m[0][1]) / s;\n        quat.x = (m[0][2] + m[2][0]) / s;\n        quat.y = (m[1][2] + m[2][1]) / s;\n        quat.z = 0.25 * s;\n    }\n\n    float len = quat.x * quat.x + quat.y * quat.y + quat.z * quat.z + quat.w * quat.w;\n    if (len > 0.) {\n        len = 1. / sqrt(len);\n        quat.x = quat.x * len;\n        quat.y = quat.y * len;\n        quat.z = quat.z * len;\n        quat.w = quat.w * len;\n    }\n\n    return quat;\n}\n\nvec4 quaternionFromEuler(vec3 angle){\n    float x = angle.x / 2.;\n    float y = angle.y / 2.;\n    float z = angle.z / 2.;\n\n    float sx = sin(x);\n    float cx = cos(x);\n    float sy = sin(y);\n    float cy = cos(y);\n    float sz = sin(z);\n    float cz = cos(z);\n\n    vec4 quat = vec4(0);\n\n    quat.x = sx * cy * cz + cx * sy * sz;\n    quat.y = cx * sy * cz + sx * cy * sz;\n    quat.z = cx * cy * sz - sx * sy * cz;\n    quat.w = cx * cy * cz - sx * sy * sz;\n\n    return quat;\n}\n\nmat4 matrixFromRT(vec4 q, vec3 p){\n    float x2 = q.x + q.x;\n    float y2 = q.y + q.y;\n    float z2 = q.z + q.z;\n    float xx = q.x * x2;\n    float xy = q.x * y2;\n    float xz = q.x * z2;\n    float yy = q.y * y2;\n    float yz = q.y * z2;\n    float zz = q.z * z2;\n    float wx = q.w * x2;\n    float wy = q.w * y2;\n    float wz = q.w * z2;\n\n    return mat4(\n        1. - (yy + zz), xy + wz, xz - wy, 0,\n        xy - wz, 1. - (xx + zz), yz + wx, 0,\n        xz + wy, yz - wx, 1. - (xx + yy), 0,\n        p.x, p.y, p.z, 1\n    );\n}\n\nmat4 matFromRTS(vec4 q, vec3 t, vec3 s){\n    float x = q.x, y = q.y, z = q.z, w = q.w;\n    float x2 = x + x;\n    float y2 = y + y;\n    float z2 = z + z;\n\n    float xx = x * x2;\n    float xy = x * y2;\n    float xz = x * z2;\n    float yy = y * y2;\n    float yz = y * z2;\n    float zz = z * z2;\n    float wx = w * x2;\n    float wy = w * y2;\n    float wz = w * z2;\n    float sx = s.x;\n    float sy = s.y;\n    float sz = s.z;\n\n    return mat4((1. - (yy + zz)) * sx, (xy + wz) * sx, (xz - wy) * sx, 0,\n        (xy - wz) * sy, (1. - (xx + zz)) * sy, (yz + wx) * sy, 0,\n        (xz + wy) * sz, (yz - wx) * sz, (1. - (xx + yy)) * sz, 0,\n        t.x, t.y, t.z, 1);\n}\n\nvoid scaleMatrix(inout mat4 m, float s){\n    m[0].xyz *= s;\n    m[1].xyz *= s;\n    m[2].xyz *= s;\n}\n\nvec4 quatMultiply(vec4 a, vec4 b){\n    vec4 quat;\n    quat.x = a.x * b.w + a.w * b.x + a.y * b.z - a.z * b.y;\n    quat.y = a.y * b.w + a.w * b.y + a.z * b.x - a.x * b.z;\n    quat.z = a.z * b.w + a.w * b.z + a.x * b.y - a.y * b.x;\n    quat.w = a.w * b.w - a.x * b.x - a.y * b.y - a.z * b.z;\n    return quat;\n}\n\nvoid rotateVecFromQuat(inout vec3 v, vec4 q){\n    float ix = q.w * v.x + q.y * v.z - q.z * v.y;\n    float iy = q.w * v.y + q.z * v.x - q.x * v.z;\n    float iz = q.w * v.z + q.x * v.y - q.y * v.x;\n    float iw = -q.x * v.x - q.y * v.y - q.z * v.z;\n\n    v.x = ix * q.w + iw * -q.x + iy * -q.z - iz * -q.y;\n    v.y = iy * q.w + iw * -q.y + iz * -q.x - ix * -q.z;\n    v.z = iz * q.w + iw * -q.z + ix * -q.y - iy * -q.x;\n}\n\nvec3 rotateVecFromAxis(vec3 v, vec3 axis, float theta){\n    return cos(theta) * v + sin(theta) * cross(v, axis) + (1. - cos(theta)) * dot(v, axis) * axis;\n}\n\nvec3 rotateInLocalSpace(vec3 pos, vec3 xAxis, vec3 yAxis, vec3 zAxis, vec4 q){\n    vec4 viewQuat = quaternionFromAxis(xAxis, yAxis, zAxis);\n    vec4 rotQuat = quatMultiply(viewQuat, q);\n    rotateVecFromQuat(pos, rotQuat);\n    return pos;\n}\n\nvoid rotateCorner(inout vec2 corner, float angle){\n    float xOS = cos(angle) * corner.x - sin(angle) * corner.y;\n    float yOS = sin(angle) * corner.x + cos(angle) * corner.y;\n    corner.x = xOS;\n    corner.y = yOS;\n}\n\nvarying vec2 uv;\nvarying vec4 color;\n\nvoid computeVertPos(inout vec4 pos, vec2 vertOffset, vec4 q, vec3 s\n#if CC_USE_BILLBOARD || CC_USE_VERTICAL_BILLBOARD\n    , mat4 viewInv\n#endif\n#if CC_USE_STRETCHED_BILLBOARD\n    , vec3 eye\n    , vec4 velocity\n    , float velocityScale\n    , float lengthScale\n    , float xIndex\n#endif\n) {\n#if CC_USE_BILLBOARD\n    vec3 viewSpaceVert = vec3(vertOffset.x * s.x, vertOffset.y * s.y, 0.);\n    vec3 camX = normalize(vec3(viewInv[0][0], viewInv[1][0], viewInv[2][0]));\n    vec3 camY = normalize(vec3(viewInv[0][1], viewInv[1][1], viewInv[2][1]));\n    vec3 camZ = normalize(vec3(viewInv[0][2], viewInv[1][2], viewInv[2][2]));\n    pos.xyz += rotateInLocalSpace(viewSpaceVert, camX, camY, camZ, q);\n#elif CC_USE_STRETCHED_BILLBOARD\n    vec3 camRight = normalize(cross(pos.xyz - eye, velocity.xyz)) * s.x;\n    vec3 camUp = velocity.xyz * velocityScale + normalize(velocity.xyz) * lengthScale * s.y;\n    pos.xyz += (camRight * abs(vertOffset.x) * sign(vertOffset.y)) - camUp * xIndex;\n#elif CC_USE_HORIZONTAL_BILLBOARD\n    vec3 viewSpaceVert = vec3(vertOffset.x * s.x, vertOffset.y * s.y, 0.);\n    vec3 camX = vec3(1, 0, 0);\n    vec3 camY = vec3(0, 0, -1);\n    pos.xyz += rotateInLocalSpace(viewSpaceVert, camX, camY, cross(camX, camY), q);\n#elif CC_USE_VERTICAL_BILLBOARD\n    vec2 viewSpaceVert = vec2(vertOffset.x * s.x, vertOffset.y * s.y);\n    rotateCorner(viewSpaceVert, q.z);\n    vec3 camX = normalize(vec3(cc_matView[0][0], cc_matView[1][0], cc_matView[2][0]));\n    vec3 camY = vec3(0, 1, 0);\n    vec3 offset = camX * viewSpaceVert.x + camY * viewSpaceVert.y;\n    pos.xyz += offset;\n#else\n    pos.x += vertOffset.x;\n    pos.y += vertOffset.y;\n#endif\n}\n\nvec2 computeUV(float frameIndex, vec2 vertIndex, vec2 frameTile){\n    vec2 aniUV = vec2(0, floor(frameIndex * frameTile.y));\n    aniUV.x = floor(frameIndex * frameTile.x * frameTile.y - aniUV.y * frameTile.x);\n#if !CC_USE_MESH\n    vertIndex.y = 1. - vertIndex.y;\n\n#endif\n    return (aniUV.xy + vertIndex) / vec2(frameTile.x, frameTile.y);\n}\n\nattribute vec3 a_position;\n\nattribute vec4 a_texCoord;\n\nattribute vec3 a_texCoord1;\n\nattribute vec3 a_texCoord2;\nattribute vec4 a_color;\n\n#if CC_DRAW_WIRE_FRAME\n    varying vec3 vBarycentric;\n#endif\n\nvec4 vs_main() {\n    highp vec4 pos = vec4(a_position, 1);\n    vec4 velocity = vec4(a_texCoord1.xyz, 0);\n\n#if !CC_USE_WORLD_SPACE\n    pos = cc_matWorld * pos;\n    velocity = cc_matWorld * velocity;\n#endif\n\n    float vertOffset = (a_texCoord.x - 0.5) * a_texCoord.y;\n    vec3 camUp = normalize(cross(pos.xyz - cc_cameraPos.xyz, velocity.xyz));\n    pos.xyz += camUp * vertOffset;\n    pos = cc_matViewProj * pos;\n    uv = a_texCoord.zw * mainTiling_Offset.xy + mainTiling_Offset.zw;;\n    color = a_color;\n#if CC_DRAW_WIRE_FRAME\n    vBarycentric = a_texCoord2;\n#endif\n    return pos;\n}\n\nvoid main() { gl_Position = vs_main(); }\n",
        "frag": "\n  precision mediump float;\nuniform vec4 cc_exposure;\n\nvec3 SRGBToLinear(vec3 gamma)\n{\n\treturn pow(gamma, vec3(2.2));\n\n}\n\nvec3 LinearToSRGB(vec3 linear)\n{\n\treturn pow(linear, vec3(0.454545));\n\n}\n\nvec4 CCFragOutput(vec4 color) {\n  #if CC_USE_HDR\n    color.rgb = mix(color.rgb, SRGBToLinear(color.rgb) * cc_exposure.w, vec3(cc_exposure.z));\n\t#endif\n\treturn color;\n}\n\n  varying vec2 uv;\n  varying vec4 color;\n  #if CC_DRAW_WIRE_FRAME\n    varying vec3 vBarycentric;\n  #endif\n\n  uniform sampler2D mainTexture;\n  uniform vec4 tintColor;\n\n  vec4 add () {\n    vec4 col = 2.0 * color * tintColor * texture2D(mainTexture, uv);\n#if CC_DRAW_WIRE_FRAME\n    if (any(lessThan(vBarycentric, vec3(0.02)))) {\n        col = vec4(0., 1., 1., 1.);\n    }\n#endif\n    return CCFragOutput(col);\n  }\n\n  vec4 multiply () {\n    vec4 col;\n    vec4 texColor = texture2D(mainTexture, uv);\n    col.rgb = tintColor.rgb * texColor.rgb * color.rgb * vec3(2.0);\n    col.a = (1.0 - texColor.a) * (tintColor.a * color.a * 2.0);\n#if CC_DRAW_WIRE_FRAME\n    if (any(lessThan(vBarycentric, vec3(0.02)))) {\n        col = vec4(0., 1., 1., col.a);\n    }\n#endif\n    return CCFragOutput(col);\n  }\n\nvoid main() { gl_FragColor = multiply(); }\n"
      },
      "builtins": {
        "globals": {
          "blocks": [
            {
              "name": "CCGlobal",
              "defines": []
            }
          ],
          "samplers": []
        },
        "locals": {
          "blocks": [
            {
              "name": "CCLocal",
              "defines": []
            }
          ],
          "samplers": []
        }
      },
      "defines": [
        {
          "name": "CC_USE_BILLBOARD",
          "type": "boolean",
          "defines": []
        },
        {
          "name": "CC_USE_STRETCHED_BILLBOARD",
          "type": "boolean",
          "defines": []
        },
        {
          "name": "CC_USE_HORIZONTAL_BILLBOARD",
          "type": "boolean",
          "defines": []
        },
        {
          "name": "CC_USE_VERTICAL_BILLBOARD",
          "type": "boolean",
          "defines": []
        },
        {
          "name": "CC_USE_MESH",
          "type": "boolean",
          "defines": []
        },
        {
          "name": "CC_DRAW_WIRE_FRAME",
          "type": "boolean",
          "defines": []
        },
        {
          "name": "CC_USE_WORLD_SPACE",
          "type": "boolean",
          "defines": []
        },
        {
          "name": "CC_USE_HDR",
          "type": "boolean",
          "defines": []
        }
      ],
      "blocks": [
        {
          "name": "Constants",
          "members": [
            {
              "name": "mainTiling_Offset",
              "type": 16,
              "count": 1
            },
            {
              "name": "frameTile_velLenScale",
              "type": 16,
              "count": 1
            },
            {
              "name": "scale",
              "type": 16,
              "count": 1
            }
          ],
          "defines": [],
          "binding": 0
        },
        {
          "name": "FragConstants",
          "members": [
            {
              "name": "tintColor",
              "type": 16,
              "count": 1
            }
          ],
          "defines": [],
          "binding": 1
        }
      ],
      "samplers": [
        {
          "name": "mainTexture",
          "type": 28,
          "count": 1,
          "defines": [],
          "binding": 30
        }
      ],
      "name": "builtin-particle-trail|particle-trail:vs_main|tinted-fs:multiply"
    },
    {
      "hash": 3844371899,
      "glsl3": {
        "vert": "\nprecision mediump float;\n\nuniform Constants{\n    vec4 mainTiling_Offset;\n    vec4 frameTile_velLenScale;\n    vec4 scale;\n};\nuniform CCGlobal {\n  vec4 cc_time;\n\n  vec4 cc_screenSize;\n\n  vec4 cc_screenScale;\n\n  vec4 cc_nativeSize;\n\n  mat4 cc_matView;\n\n  mat4 cc_matViewInv;\n\n  mat4 cc_matProj;\n\n  mat4 cc_matProjInv;\n\n  mat4 cc_matViewProj;\n\n  mat4 cc_matViewProjInv;\n\n  vec4 cc_cameraPos;\n\n  vec4 cc_exposure;\n\n  vec4 cc_mainLitDir;\n\n  vec4 cc_mainLitColor;\n\n  vec4 cc_ambientSky;\n\n  vec4 cc_ambientGround;\n\n};\nuniform CCLocal {\n  highp mat4 cc_matWorld;\n  highp mat4 cc_matWorldIT;\n  highp mat4 cc_matWorlds[10];\n};\n\nvec4 quaternionFromAxisAngle(float angle, vec3 axis){\n    angle /= 2.;\n    float s = sin(angle);\n    vec4 res;\n    res.xyz = s * axis;\n    res.w = cos(angle);\n    return res;\n}\n\nvec4 quaternionFromAxis(vec3 xAxis,vec3 yAxis,vec3 zAxis){\n    mat3 m = mat3(xAxis,yAxis,zAxis);\n    float trace = m[0][0] + m[1][1] + m[2][2];\n    vec4 quat;\n\n    if (trace > 0.) {\n        float s = 0.5 / sqrt(trace + 1.0);\n        quat.w = 0.25 / s;\n        quat.x = (m[2][1] - m[1][2]) * s;\n        quat.y = (m[0][2] - m[2][0]) * s;\n        quat.z = (m[1][0] - m[0][1]) * s;\n    } else if ((m[0][0] > m[1][1]) && (m[0][0] > m[2][2])) {\n        float s = 2.0 * sqrt(1.0 + m[0][0] - m[1][1] - m[2][2]);\n        quat.w = (m[2][1] - m[1][2]) / s;\n        quat.x = 0.25 * s;\n        quat.y = (m[0][1] + m[1][0]) / s;\n        quat.z = (m[0][2] + m[2][0]) / s;\n    } else if (m[1][1] > m[2][2]) {\n        float s = 2.0 * sqrt(1.0 + m[1][1] - m[0][0] - m[2][2]);\n        quat.w = (m[0][2] - m[2][0]) / s;\n        quat.x = (m[0][1] + m[1][0]) / s;\n        quat.y = 0.25 * s;\n        quat.z = (m[1][2] + m[2][1]) / s;\n    } else {\n        float s = 2.0 * sqrt(1.0 + m[2][2] - m[0][0] - m[1][1]);\n        quat.w = (m[1][0] - m[0][1]) / s;\n        quat.x = (m[0][2] + m[2][0]) / s;\n        quat.y = (m[1][2] + m[2][1]) / s;\n        quat.z = 0.25 * s;\n    }\n\n    float len = quat.x * quat.x + quat.y * quat.y + quat.z * quat.z + quat.w * quat.w;\n    if (len > 0.) {\n        len = 1. / sqrt(len);\n        quat.x = quat.x * len;\n        quat.y = quat.y * len;\n        quat.z = quat.z * len;\n        quat.w = quat.w * len;\n    }\n\n    return quat;\n}\n\nvec4 quaternionFromEuler(vec3 angle){\n    float x = angle.x / 2.;\n    float y = angle.y / 2.;\n    float z = angle.z / 2.;\n\n    float sx = sin(x);\n    float cx = cos(x);\n    float sy = sin(y);\n    float cy = cos(y);\n    float sz = sin(z);\n    float cz = cos(z);\n\n    vec4 quat = vec4(0);\n\n    quat.x = sx * cy * cz + cx * sy * sz;\n    quat.y = cx * sy * cz + sx * cy * sz;\n    quat.z = cx * cy * sz - sx * sy * cz;\n    quat.w = cx * cy * cz - sx * sy * sz;\n\n    return quat;\n}\n\nmat4 matrixFromRT(vec4 q, vec3 p){\n    float x2 = q.x + q.x;\n    float y2 = q.y + q.y;\n    float z2 = q.z + q.z;\n    float xx = q.x * x2;\n    float xy = q.x * y2;\n    float xz = q.x * z2;\n    float yy = q.y * y2;\n    float yz = q.y * z2;\n    float zz = q.z * z2;\n    float wx = q.w * x2;\n    float wy = q.w * y2;\n    float wz = q.w * z2;\n\n    return mat4(\n        1. - (yy + zz), xy + wz, xz - wy, 0,\n        xy - wz, 1. - (xx + zz), yz + wx, 0,\n        xz + wy, yz - wx, 1. - (xx + yy), 0,\n        p.x, p.y, p.z, 1\n    );\n}\n\nmat4 matFromRTS(vec4 q, vec3 t, vec3 s){\n    float x = q.x, y = q.y, z = q.z, w = q.w;\n    float x2 = x + x;\n    float y2 = y + y;\n    float z2 = z + z;\n\n    float xx = x * x2;\n    float xy = x * y2;\n    float xz = x * z2;\n    float yy = y * y2;\n    float yz = y * z2;\n    float zz = z * z2;\n    float wx = w * x2;\n    float wy = w * y2;\n    float wz = w * z2;\n    float sx = s.x;\n    float sy = s.y;\n    float sz = s.z;\n\n    return mat4((1. - (yy + zz)) * sx, (xy + wz) * sx, (xz - wy) * sx, 0,\n        (xy - wz) * sy, (1. - (xx + zz)) * sy, (yz + wx) * sy, 0,\n        (xz + wy) * sz, (yz - wx) * sz, (1. - (xx + yy)) * sz, 0,\n        t.x, t.y, t.z, 1);\n}\n\nvoid scaleMatrix(inout mat4 m, float s){\n    m[0].xyz *= s;\n    m[1].xyz *= s;\n    m[2].xyz *= s;\n}\n\nvec4 quatMultiply(vec4 a, vec4 b){\n    vec4 quat;\n    quat.x = a.x * b.w + a.w * b.x + a.y * b.z - a.z * b.y;\n    quat.y = a.y * b.w + a.w * b.y + a.z * b.x - a.x * b.z;\n    quat.z = a.z * b.w + a.w * b.z + a.x * b.y - a.y * b.x;\n    quat.w = a.w * b.w - a.x * b.x - a.y * b.y - a.z * b.z;\n    return quat;\n}\n\nvoid rotateVecFromQuat(inout vec3 v, vec4 q){\n    float ix = q.w * v.x + q.y * v.z - q.z * v.y;\n    float iy = q.w * v.y + q.z * v.x - q.x * v.z;\n    float iz = q.w * v.z + q.x * v.y - q.y * v.x;\n    float iw = -q.x * v.x - q.y * v.y - q.z * v.z;\n\n    v.x = ix * q.w + iw * -q.x + iy * -q.z - iz * -q.y;\n    v.y = iy * q.w + iw * -q.y + iz * -q.x - ix * -q.z;\n    v.z = iz * q.w + iw * -q.z + ix * -q.y - iy * -q.x;\n}\n\nvec3 rotateVecFromAxis(vec3 v, vec3 axis, float theta){\n    return cos(theta) * v + sin(theta) * cross(v, axis) + (1. - cos(theta)) * dot(v, axis) * axis;\n}\n\nvec3 rotateInLocalSpace(vec3 pos, vec3 xAxis, vec3 yAxis, vec3 zAxis, vec4 q){\n    vec4 viewQuat = quaternionFromAxis(xAxis, yAxis, zAxis);\n    vec4 rotQuat = quatMultiply(viewQuat, q);\n    rotateVecFromQuat(pos, rotQuat);\n    return pos;\n}\n\nvoid rotateCorner(inout vec2 corner, float angle){\n    float xOS = cos(angle) * corner.x - sin(angle) * corner.y;\n    float yOS = sin(angle) * corner.x + cos(angle) * corner.y;\n    corner.x = xOS;\n    corner.y = yOS;\n}\n\nout vec2 uv;\nout vec4 color;\n\nvoid computeVertPos(inout vec4 pos, vec2 vertOffset, vec4 q, vec3 s\n#if CC_USE_BILLBOARD || CC_USE_VERTICAL_BILLBOARD\n    , mat4 viewInv\n#endif\n#if CC_USE_STRETCHED_BILLBOARD\n    , vec3 eye\n    , vec4 velocity\n    , float velocityScale\n    , float lengthScale\n    , float xIndex\n#endif\n) {\n#if CC_USE_BILLBOARD\n    vec3 viewSpaceVert = vec3(vertOffset.x * s.x, vertOffset.y * s.y, 0.);\n    vec3 camX = normalize(vec3(viewInv[0][0], viewInv[1][0], viewInv[2][0]));\n    vec3 camY = normalize(vec3(viewInv[0][1], viewInv[1][1], viewInv[2][1]));\n    vec3 camZ = normalize(vec3(viewInv[0][2], viewInv[1][2], viewInv[2][2]));\n    pos.xyz += rotateInLocalSpace(viewSpaceVert, camX, camY, camZ, q);\n#elif CC_USE_STRETCHED_BILLBOARD\n    vec3 camRight = normalize(cross(pos.xyz - eye, velocity.xyz)) * s.x;\n    vec3 camUp = velocity.xyz * velocityScale + normalize(velocity.xyz) * lengthScale * s.y;\n    pos.xyz += (camRight * abs(vertOffset.x) * sign(vertOffset.y)) - camUp * xIndex;\n#elif CC_USE_HORIZONTAL_BILLBOARD\n    vec3 viewSpaceVert = vec3(vertOffset.x * s.x, vertOffset.y * s.y, 0.);\n    vec3 camX = vec3(1, 0, 0);\n    vec3 camY = vec3(0, 0, -1);\n    pos.xyz += rotateInLocalSpace(viewSpaceVert, camX, camY, cross(camX, camY), q);\n#elif CC_USE_VERTICAL_BILLBOARD\n    vec2 viewSpaceVert = vec2(vertOffset.x * s.x, vertOffset.y * s.y);\n    rotateCorner(viewSpaceVert, q.z);\n    vec3 camX = normalize(vec3(cc_matView[0][0], cc_matView[1][0], cc_matView[2][0]));\n    vec3 camY = vec3(0, 1, 0);\n    vec3 offset = camX * viewSpaceVert.x + camY * viewSpaceVert.y;\n    pos.xyz += offset;\n#else\n    pos.x += vertOffset.x;\n    pos.y += vertOffset.y;\n#endif\n}\n\nvec2 computeUV(float frameIndex, vec2 vertIndex, vec2 frameTile){\n    vec2 aniUV = vec2(0, floor(frameIndex * frameTile.y));\n    aniUV.x = floor(frameIndex * frameTile.x * frameTile.y - aniUV.y * frameTile.x);\n#if !CC_USE_MESH\n    vertIndex.y = 1. - vertIndex.y;\n\n#endif\n    return (aniUV.xy + vertIndex) / vec2(frameTile.x, frameTile.y);\n}\n\nin vec3 a_position;\n\nin vec4 a_texCoord;\n\nin vec3 a_texCoord1;\n\nin vec3 a_texCoord2;\nin vec4 a_color;\n\n#if CC_DRAW_WIRE_FRAME\n    out vec3 vBarycentric;\n#endif\n\nvec4 vs_main() {\n    highp vec4 pos = vec4(a_position, 1);\n    vec4 velocity = vec4(a_texCoord1.xyz, 0);\n\n#if !CC_USE_WORLD_SPACE\n    pos = cc_matWorld * pos;\n    velocity = cc_matWorld * velocity;\n#endif\n\n    float vertOffset = (a_texCoord.x - 0.5) * a_texCoord.y;\n    vec3 camUp = normalize(cross(pos.xyz - cc_cameraPos.xyz, velocity.xyz));\n    pos.xyz += camUp * vertOffset;\n    pos = cc_matViewProj * pos;\n    uv = a_texCoord.zw * mainTiling_Offset.xy + mainTiling_Offset.zw;;\n    color = a_color;\n#if CC_DRAW_WIRE_FRAME\n    vBarycentric = a_texCoord2;\n#endif\n    return pos;\n}\n\nvoid main() { gl_Position = vs_main(); }\n",
        "frag": "\nprecision mediump float;\nuniform CCGlobal {\n  vec4 cc_time;\n\n  vec4 cc_screenSize;\n\n  vec4 cc_screenScale;\n\n  vec4 cc_nativeSize;\n\n  mat4 cc_matView;\n\n  mat4 cc_matViewInv;\n\n  mat4 cc_matProj;\n\n  mat4 cc_matProjInv;\n\n  mat4 cc_matViewProj;\n\n  mat4 cc_matViewProjInv;\n\n  vec4 cc_cameraPos;\n\n  vec4 cc_exposure;\n\n  vec4 cc_mainLitDir;\n\n  vec4 cc_mainLitColor;\n\n  vec4 cc_ambientSky;\n\n  vec4 cc_ambientGround;\n\n};\n\nvec3 SRGBToLinear(vec3 gamma)\n{\n\treturn pow(gamma, vec3(2.2));\n\n}\n\nvec3 LinearToSRGB(vec3 linear)\n{\n\treturn pow(linear, vec3(0.454545));\n\n}\n\nvec4 CCFragOutput(vec4 color) {\n  #if CC_USE_HDR\n    color.rgb = mix(color.rgb, SRGBToLinear(color.rgb) * cc_exposure.w, vec3(cc_exposure.z));\n\t#endif\n\treturn color;\n}\n\nin vec2 uv;\nin vec4 color;\n\nuniform sampler2D mainTexture;\n\nvec4 addSmooth () {\n  vec4 col = color * texture(mainTexture, uv);\n  col.rgb *= col.a;\n  return CCFragOutput(col);\n}\n\nvec4 premultiplied () {\n  vec4 col = color * texture(mainTexture, uv) * color.a;\n  return CCFragOutput(col);\n}\n\nout vec4 cc_FragColor;\nvoid main() { cc_FragColor = addSmooth(); }\n"
      },
      "glsl1": {
        "vert": "\nprecision mediump float;\n\nuniform vec4 mainTiling_Offset;\nuniform mat4 cc_matView;\nuniform mat4 cc_matViewProj;\nuniform vec4 cc_cameraPos;\nuniform highp mat4 cc_matWorld;\n\nvec4 quaternionFromAxisAngle(float angle, vec3 axis){\n    angle /= 2.;\n    float s = sin(angle);\n    vec4 res;\n    res.xyz = s * axis;\n    res.w = cos(angle);\n    return res;\n}\n\nvec4 quaternionFromAxis(vec3 xAxis,vec3 yAxis,vec3 zAxis){\n    mat3 m = mat3(xAxis,yAxis,zAxis);\n    float trace = m[0][0] + m[1][1] + m[2][2];\n    vec4 quat;\n\n    if (trace > 0.) {\n        float s = 0.5 / sqrt(trace + 1.0);\n        quat.w = 0.25 / s;\n        quat.x = (m[2][1] - m[1][2]) * s;\n        quat.y = (m[0][2] - m[2][0]) * s;\n        quat.z = (m[1][0] - m[0][1]) * s;\n    } else if ((m[0][0] > m[1][1]) && (m[0][0] > m[2][2])) {\n        float s = 2.0 * sqrt(1.0 + m[0][0] - m[1][1] - m[2][2]);\n        quat.w = (m[2][1] - m[1][2]) / s;\n        quat.x = 0.25 * s;\n        quat.y = (m[0][1] + m[1][0]) / s;\n        quat.z = (m[0][2] + m[2][0]) / s;\n    } else if (m[1][1] > m[2][2]) {\n        float s = 2.0 * sqrt(1.0 + m[1][1] - m[0][0] - m[2][2]);\n        quat.w = (m[0][2] - m[2][0]) / s;\n        quat.x = (m[0][1] + m[1][0]) / s;\n        quat.y = 0.25 * s;\n        quat.z = (m[1][2] + m[2][1]) / s;\n    } else {\n        float s = 2.0 * sqrt(1.0 + m[2][2] - m[0][0] - m[1][1]);\n        quat.w = (m[1][0] - m[0][1]) / s;\n        quat.x = (m[0][2] + m[2][0]) / s;\n        quat.y = (m[1][2] + m[2][1]) / s;\n        quat.z = 0.25 * s;\n    }\n\n    float len = quat.x * quat.x + quat.y * quat.y + quat.z * quat.z + quat.w * quat.w;\n    if (len > 0.) {\n        len = 1. / sqrt(len);\n        quat.x = quat.x * len;\n        quat.y = quat.y * len;\n        quat.z = quat.z * len;\n        quat.w = quat.w * len;\n    }\n\n    return quat;\n}\n\nvec4 quaternionFromEuler(vec3 angle){\n    float x = angle.x / 2.;\n    float y = angle.y / 2.;\n    float z = angle.z / 2.;\n\n    float sx = sin(x);\n    float cx = cos(x);\n    float sy = sin(y);\n    float cy = cos(y);\n    float sz = sin(z);\n    float cz = cos(z);\n\n    vec4 quat = vec4(0);\n\n    quat.x = sx * cy * cz + cx * sy * sz;\n    quat.y = cx * sy * cz + sx * cy * sz;\n    quat.z = cx * cy * sz - sx * sy * cz;\n    quat.w = cx * cy * cz - sx * sy * sz;\n\n    return quat;\n}\n\nmat4 matrixFromRT(vec4 q, vec3 p){\n    float x2 = q.x + q.x;\n    float y2 = q.y + q.y;\n    float z2 = q.z + q.z;\n    float xx = q.x * x2;\n    float xy = q.x * y2;\n    float xz = q.x * z2;\n    float yy = q.y * y2;\n    float yz = q.y * z2;\n    float zz = q.z * z2;\n    float wx = q.w * x2;\n    float wy = q.w * y2;\n    float wz = q.w * z2;\n\n    return mat4(\n        1. - (yy + zz), xy + wz, xz - wy, 0,\n        xy - wz, 1. - (xx + zz), yz + wx, 0,\n        xz + wy, yz - wx, 1. - (xx + yy), 0,\n        p.x, p.y, p.z, 1\n    );\n}\n\nmat4 matFromRTS(vec4 q, vec3 t, vec3 s){\n    float x = q.x, y = q.y, z = q.z, w = q.w;\n    float x2 = x + x;\n    float y2 = y + y;\n    float z2 = z + z;\n\n    float xx = x * x2;\n    float xy = x * y2;\n    float xz = x * z2;\n    float yy = y * y2;\n    float yz = y * z2;\n    float zz = z * z2;\n    float wx = w * x2;\n    float wy = w * y2;\n    float wz = w * z2;\n    float sx = s.x;\n    float sy = s.y;\n    float sz = s.z;\n\n    return mat4((1. - (yy + zz)) * sx, (xy + wz) * sx, (xz - wy) * sx, 0,\n        (xy - wz) * sy, (1. - (xx + zz)) * sy, (yz + wx) * sy, 0,\n        (xz + wy) * sz, (yz - wx) * sz, (1. - (xx + yy)) * sz, 0,\n        t.x, t.y, t.z, 1);\n}\n\nvoid scaleMatrix(inout mat4 m, float s){\n    m[0].xyz *= s;\n    m[1].xyz *= s;\n    m[2].xyz *= s;\n}\n\nvec4 quatMultiply(vec4 a, vec4 b){\n    vec4 quat;\n    quat.x = a.x * b.w + a.w * b.x + a.y * b.z - a.z * b.y;\n    quat.y = a.y * b.w + a.w * b.y + a.z * b.x - a.x * b.z;\n    quat.z = a.z * b.w + a.w * b.z + a.x * b.y - a.y * b.x;\n    quat.w = a.w * b.w - a.x * b.x - a.y * b.y - a.z * b.z;\n    return quat;\n}\n\nvoid rotateVecFromQuat(inout vec3 v, vec4 q){\n    float ix = q.w * v.x + q.y * v.z - q.z * v.y;\n    float iy = q.w * v.y + q.z * v.x - q.x * v.z;\n    float iz = q.w * v.z + q.x * v.y - q.y * v.x;\n    float iw = -q.x * v.x - q.y * v.y - q.z * v.z;\n\n    v.x = ix * q.w + iw * -q.x + iy * -q.z - iz * -q.y;\n    v.y = iy * q.w + iw * -q.y + iz * -q.x - ix * -q.z;\n    v.z = iz * q.w + iw * -q.z + ix * -q.y - iy * -q.x;\n}\n\nvec3 rotateVecFromAxis(vec3 v, vec3 axis, float theta){\n    return cos(theta) * v + sin(theta) * cross(v, axis) + (1. - cos(theta)) * dot(v, axis) * axis;\n}\n\nvec3 rotateInLocalSpace(vec3 pos, vec3 xAxis, vec3 yAxis, vec3 zAxis, vec4 q){\n    vec4 viewQuat = quaternionFromAxis(xAxis, yAxis, zAxis);\n    vec4 rotQuat = quatMultiply(viewQuat, q);\n    rotateVecFromQuat(pos, rotQuat);\n    return pos;\n}\n\nvoid rotateCorner(inout vec2 corner, float angle){\n    float xOS = cos(angle) * corner.x - sin(angle) * corner.y;\n    float yOS = sin(angle) * corner.x + cos(angle) * corner.y;\n    corner.x = xOS;\n    corner.y = yOS;\n}\n\nvarying vec2 uv;\nvarying vec4 color;\n\nvoid computeVertPos(inout vec4 pos, vec2 vertOffset, vec4 q, vec3 s\n#if CC_USE_BILLBOARD || CC_USE_VERTICAL_BILLBOARD\n    , mat4 viewInv\n#endif\n#if CC_USE_STRETCHED_BILLBOARD\n    , vec3 eye\n    , vec4 velocity\n    , float velocityScale\n    , float lengthScale\n    , float xIndex\n#endif\n) {\n#if CC_USE_BILLBOARD\n    vec3 viewSpaceVert = vec3(vertOffset.x * s.x, vertOffset.y * s.y, 0.);\n    vec3 camX = normalize(vec3(viewInv[0][0], viewInv[1][0], viewInv[2][0]));\n    vec3 camY = normalize(vec3(viewInv[0][1], viewInv[1][1], viewInv[2][1]));\n    vec3 camZ = normalize(vec3(viewInv[0][2], viewInv[1][2], viewInv[2][2]));\n    pos.xyz += rotateInLocalSpace(viewSpaceVert, camX, camY, camZ, q);\n#elif CC_USE_STRETCHED_BILLBOARD\n    vec3 camRight = normalize(cross(pos.xyz - eye, velocity.xyz)) * s.x;\n    vec3 camUp = velocity.xyz * velocityScale + normalize(velocity.xyz) * lengthScale * s.y;\n    pos.xyz += (camRight * abs(vertOffset.x) * sign(vertOffset.y)) - camUp * xIndex;\n#elif CC_USE_HORIZONTAL_BILLBOARD\n    vec3 viewSpaceVert = vec3(vertOffset.x * s.x, vertOffset.y * s.y, 0.);\n    vec3 camX = vec3(1, 0, 0);\n    vec3 camY = vec3(0, 0, -1);\n    pos.xyz += rotateInLocalSpace(viewSpaceVert, camX, camY, cross(camX, camY), q);\n#elif CC_USE_VERTICAL_BILLBOARD\n    vec2 viewSpaceVert = vec2(vertOffset.x * s.x, vertOffset.y * s.y);\n    rotateCorner(viewSpaceVert, q.z);\n    vec3 camX = normalize(vec3(cc_matView[0][0], cc_matView[1][0], cc_matView[2][0]));\n    vec3 camY = vec3(0, 1, 0);\n    vec3 offset = camX * viewSpaceVert.x + camY * viewSpaceVert.y;\n    pos.xyz += offset;\n#else\n    pos.x += vertOffset.x;\n    pos.y += vertOffset.y;\n#endif\n}\n\nvec2 computeUV(float frameIndex, vec2 vertIndex, vec2 frameTile){\n    vec2 aniUV = vec2(0, floor(frameIndex * frameTile.y));\n    aniUV.x = floor(frameIndex * frameTile.x * frameTile.y - aniUV.y * frameTile.x);\n#if !CC_USE_MESH\n    vertIndex.y = 1. - vertIndex.y;\n\n#endif\n    return (aniUV.xy + vertIndex) / vec2(frameTile.x, frameTile.y);\n}\n\nattribute vec3 a_position;\n\nattribute vec4 a_texCoord;\n\nattribute vec3 a_texCoord1;\n\nattribute vec3 a_texCoord2;\nattribute vec4 a_color;\n\n#if CC_DRAW_WIRE_FRAME\n    varying vec3 vBarycentric;\n#endif\n\nvec4 vs_main() {\n    highp vec4 pos = vec4(a_position, 1);\n    vec4 velocity = vec4(a_texCoord1.xyz, 0);\n\n#if !CC_USE_WORLD_SPACE\n    pos = cc_matWorld * pos;\n    velocity = cc_matWorld * velocity;\n#endif\n\n    float vertOffset = (a_texCoord.x - 0.5) * a_texCoord.y;\n    vec3 camUp = normalize(cross(pos.xyz - cc_cameraPos.xyz, velocity.xyz));\n    pos.xyz += camUp * vertOffset;\n    pos = cc_matViewProj * pos;\n    uv = a_texCoord.zw * mainTiling_Offset.xy + mainTiling_Offset.zw;;\n    color = a_color;\n#if CC_DRAW_WIRE_FRAME\n    vBarycentric = a_texCoord2;\n#endif\n    return pos;\n}\n\nvoid main() { gl_Position = vs_main(); }\n",
        "frag": "\nprecision mediump float;\nuniform vec4 cc_exposure;\n\nvec3 SRGBToLinear(vec3 gamma)\n{\n\treturn pow(gamma, vec3(2.2));\n\n}\n\nvec3 LinearToSRGB(vec3 linear)\n{\n\treturn pow(linear, vec3(0.454545));\n\n}\n\nvec4 CCFragOutput(vec4 color) {\n  #if CC_USE_HDR\n    color.rgb = mix(color.rgb, SRGBToLinear(color.rgb) * cc_exposure.w, vec3(cc_exposure.z));\n\t#endif\n\treturn color;\n}\n\nvarying vec2 uv;\nvarying vec4 color;\n\nuniform sampler2D mainTexture;\n\nvec4 addSmooth () {\n  vec4 col = color * texture2D(mainTexture, uv);\n  col.rgb *= col.a;\n  return CCFragOutput(col);\n}\n\nvec4 premultiplied () {\n  vec4 col = color * texture2D(mainTexture, uv) * color.a;\n  return CCFragOutput(col);\n}\n\nvoid main() { gl_FragColor = addSmooth(); }\n"
      },
      "builtins": {
        "globals": {
          "blocks": [
            {
              "name": "CCGlobal",
              "defines": []
            }
          ],
          "samplers": []
        },
        "locals": {
          "blocks": [
            {
              "name": "CCLocal",
              "defines": []
            }
          ],
          "samplers": []
        }
      },
      "defines": [
        {
          "name": "CC_USE_BILLBOARD",
          "type": "boolean",
          "defines": []
        },
        {
          "name": "CC_USE_STRETCHED_BILLBOARD",
          "type": "boolean",
          "defines": []
        },
        {
          "name": "CC_USE_HORIZONTAL_BILLBOARD",
          "type": "boolean",
          "defines": []
        },
        {
          "name": "CC_USE_VERTICAL_BILLBOARD",
          "type": "boolean",
          "defines": []
        },
        {
          "name": "CC_USE_MESH",
          "type": "boolean",
          "defines": []
        },
        {
          "name": "CC_DRAW_WIRE_FRAME",
          "type": "boolean",
          "defines": []
        },
        {
          "name": "CC_USE_WORLD_SPACE",
          "type": "boolean",
          "defines": []
        },
        {
          "name": "CC_USE_HDR",
          "type": "boolean",
          "defines": []
        }
      ],
      "blocks": [
        {
          "name": "Constants",
          "members": [
            {
              "name": "mainTiling_Offset",
              "type": 16,
              "count": 1
            },
            {
              "name": "frameTile_velLenScale",
              "type": 16,
              "count": 1
            },
            {
              "name": "scale",
              "type": 16,
              "count": 1
            }
          ],
          "defines": [],
          "binding": 0
        }
      ],
      "samplers": [
        {
          "name": "mainTexture",
          "type": 28,
          "count": 1,
          "defines": [],
          "binding": 30
        }
      ],
      "name": "builtin-particle-trail|particle-trail:vs_main|no-tint-fs:addSmooth"
    },
    {
      "hash": 3023702282,
      "glsl3": {
        "vert": "\nprecision mediump float;\n\nuniform Constants{\n    vec4 mainTiling_Offset;\n    vec4 frameTile_velLenScale;\n    vec4 scale;\n};\nuniform CCGlobal {\n  vec4 cc_time;\n\n  vec4 cc_screenSize;\n\n  vec4 cc_screenScale;\n\n  vec4 cc_nativeSize;\n\n  mat4 cc_matView;\n\n  mat4 cc_matViewInv;\n\n  mat4 cc_matProj;\n\n  mat4 cc_matProjInv;\n\n  mat4 cc_matViewProj;\n\n  mat4 cc_matViewProjInv;\n\n  vec4 cc_cameraPos;\n\n  vec4 cc_exposure;\n\n  vec4 cc_mainLitDir;\n\n  vec4 cc_mainLitColor;\n\n  vec4 cc_ambientSky;\n\n  vec4 cc_ambientGround;\n\n};\nuniform CCLocal {\n  highp mat4 cc_matWorld;\n  highp mat4 cc_matWorldIT;\n  highp mat4 cc_matWorlds[10];\n};\n\nvec4 quaternionFromAxisAngle(float angle, vec3 axis){\n    angle /= 2.;\n    float s = sin(angle);\n    vec4 res;\n    res.xyz = s * axis;\n    res.w = cos(angle);\n    return res;\n}\n\nvec4 quaternionFromAxis(vec3 xAxis,vec3 yAxis,vec3 zAxis){\n    mat3 m = mat3(xAxis,yAxis,zAxis);\n    float trace = m[0][0] + m[1][1] + m[2][2];\n    vec4 quat;\n\n    if (trace > 0.) {\n        float s = 0.5 / sqrt(trace + 1.0);\n        quat.w = 0.25 / s;\n        quat.x = (m[2][1] - m[1][2]) * s;\n        quat.y = (m[0][2] - m[2][0]) * s;\n        quat.z = (m[1][0] - m[0][1]) * s;\n    } else if ((m[0][0] > m[1][1]) && (m[0][0] > m[2][2])) {\n        float s = 2.0 * sqrt(1.0 + m[0][0] - m[1][1] - m[2][2]);\n        quat.w = (m[2][1] - m[1][2]) / s;\n        quat.x = 0.25 * s;\n        quat.y = (m[0][1] + m[1][0]) / s;\n        quat.z = (m[0][2] + m[2][0]) / s;\n    } else if (m[1][1] > m[2][2]) {\n        float s = 2.0 * sqrt(1.0 + m[1][1] - m[0][0] - m[2][2]);\n        quat.w = (m[0][2] - m[2][0]) / s;\n        quat.x = (m[0][1] + m[1][0]) / s;\n        quat.y = 0.25 * s;\n        quat.z = (m[1][2] + m[2][1]) / s;\n    } else {\n        float s = 2.0 * sqrt(1.0 + m[2][2] - m[0][0] - m[1][1]);\n        quat.w = (m[1][0] - m[0][1]) / s;\n        quat.x = (m[0][2] + m[2][0]) / s;\n        quat.y = (m[1][2] + m[2][1]) / s;\n        quat.z = 0.25 * s;\n    }\n\n    float len = quat.x * quat.x + quat.y * quat.y + quat.z * quat.z + quat.w * quat.w;\n    if (len > 0.) {\n        len = 1. / sqrt(len);\n        quat.x = quat.x * len;\n        quat.y = quat.y * len;\n        quat.z = quat.z * len;\n        quat.w = quat.w * len;\n    }\n\n    return quat;\n}\n\nvec4 quaternionFromEuler(vec3 angle){\n    float x = angle.x / 2.;\n    float y = angle.y / 2.;\n    float z = angle.z / 2.;\n\n    float sx = sin(x);\n    float cx = cos(x);\n    float sy = sin(y);\n    float cy = cos(y);\n    float sz = sin(z);\n    float cz = cos(z);\n\n    vec4 quat = vec4(0);\n\n    quat.x = sx * cy * cz + cx * sy * sz;\n    quat.y = cx * sy * cz + sx * cy * sz;\n    quat.z = cx * cy * sz - sx * sy * cz;\n    quat.w = cx * cy * cz - sx * sy * sz;\n\n    return quat;\n}\n\nmat4 matrixFromRT(vec4 q, vec3 p){\n    float x2 = q.x + q.x;\n    float y2 = q.y + q.y;\n    float z2 = q.z + q.z;\n    float xx = q.x * x2;\n    float xy = q.x * y2;\n    float xz = q.x * z2;\n    float yy = q.y * y2;\n    float yz = q.y * z2;\n    float zz = q.z * z2;\n    float wx = q.w * x2;\n    float wy = q.w * y2;\n    float wz = q.w * z2;\n\n    return mat4(\n        1. - (yy + zz), xy + wz, xz - wy, 0,\n        xy - wz, 1. - (xx + zz), yz + wx, 0,\n        xz + wy, yz - wx, 1. - (xx + yy), 0,\n        p.x, p.y, p.z, 1\n    );\n}\n\nmat4 matFromRTS(vec4 q, vec3 t, vec3 s){\n    float x = q.x, y = q.y, z = q.z, w = q.w;\n    float x2 = x + x;\n    float y2 = y + y;\n    float z2 = z + z;\n\n    float xx = x * x2;\n    float xy = x * y2;\n    float xz = x * z2;\n    float yy = y * y2;\n    float yz = y * z2;\n    float zz = z * z2;\n    float wx = w * x2;\n    float wy = w * y2;\n    float wz = w * z2;\n    float sx = s.x;\n    float sy = s.y;\n    float sz = s.z;\n\n    return mat4((1. - (yy + zz)) * sx, (xy + wz) * sx, (xz - wy) * sx, 0,\n        (xy - wz) * sy, (1. - (xx + zz)) * sy, (yz + wx) * sy, 0,\n        (xz + wy) * sz, (yz - wx) * sz, (1. - (xx + yy)) * sz, 0,\n        t.x, t.y, t.z, 1);\n}\n\nvoid scaleMatrix(inout mat4 m, float s){\n    m[0].xyz *= s;\n    m[1].xyz *= s;\n    m[2].xyz *= s;\n}\n\nvec4 quatMultiply(vec4 a, vec4 b){\n    vec4 quat;\n    quat.x = a.x * b.w + a.w * b.x + a.y * b.z - a.z * b.y;\n    quat.y = a.y * b.w + a.w * b.y + a.z * b.x - a.x * b.z;\n    quat.z = a.z * b.w + a.w * b.z + a.x * b.y - a.y * b.x;\n    quat.w = a.w * b.w - a.x * b.x - a.y * b.y - a.z * b.z;\n    return quat;\n}\n\nvoid rotateVecFromQuat(inout vec3 v, vec4 q){\n    float ix = q.w * v.x + q.y * v.z - q.z * v.y;\n    float iy = q.w * v.y + q.z * v.x - q.x * v.z;\n    float iz = q.w * v.z + q.x * v.y - q.y * v.x;\n    float iw = -q.x * v.x - q.y * v.y - q.z * v.z;\n\n    v.x = ix * q.w + iw * -q.x + iy * -q.z - iz * -q.y;\n    v.y = iy * q.w + iw * -q.y + iz * -q.x - ix * -q.z;\n    v.z = iz * q.w + iw * -q.z + ix * -q.y - iy * -q.x;\n}\n\nvec3 rotateVecFromAxis(vec3 v, vec3 axis, float theta){\n    return cos(theta) * v + sin(theta) * cross(v, axis) + (1. - cos(theta)) * dot(v, axis) * axis;\n}\n\nvec3 rotateInLocalSpace(vec3 pos, vec3 xAxis, vec3 yAxis, vec3 zAxis, vec4 q){\n    vec4 viewQuat = quaternionFromAxis(xAxis, yAxis, zAxis);\n    vec4 rotQuat = quatMultiply(viewQuat, q);\n    rotateVecFromQuat(pos, rotQuat);\n    return pos;\n}\n\nvoid rotateCorner(inout vec2 corner, float angle){\n    float xOS = cos(angle) * corner.x - sin(angle) * corner.y;\n    float yOS = sin(angle) * corner.x + cos(angle) * corner.y;\n    corner.x = xOS;\n    corner.y = yOS;\n}\n\nout vec2 uv;\nout vec4 color;\n\nvoid computeVertPos(inout vec4 pos, vec2 vertOffset, vec4 q, vec3 s\n#if CC_USE_BILLBOARD || CC_USE_VERTICAL_BILLBOARD\n    , mat4 viewInv\n#endif\n#if CC_USE_STRETCHED_BILLBOARD\n    , vec3 eye\n    , vec4 velocity\n    , float velocityScale\n    , float lengthScale\n    , float xIndex\n#endif\n) {\n#if CC_USE_BILLBOARD\n    vec3 viewSpaceVert = vec3(vertOffset.x * s.x, vertOffset.y * s.y, 0.);\n    vec3 camX = normalize(vec3(viewInv[0][0], viewInv[1][0], viewInv[2][0]));\n    vec3 camY = normalize(vec3(viewInv[0][1], viewInv[1][1], viewInv[2][1]));\n    vec3 camZ = normalize(vec3(viewInv[0][2], viewInv[1][2], viewInv[2][2]));\n    pos.xyz += rotateInLocalSpace(viewSpaceVert, camX, camY, camZ, q);\n#elif CC_USE_STRETCHED_BILLBOARD\n    vec3 camRight = normalize(cross(pos.xyz - eye, velocity.xyz)) * s.x;\n    vec3 camUp = velocity.xyz * velocityScale + normalize(velocity.xyz) * lengthScale * s.y;\n    pos.xyz += (camRight * abs(vertOffset.x) * sign(vertOffset.y)) - camUp * xIndex;\n#elif CC_USE_HORIZONTAL_BILLBOARD\n    vec3 viewSpaceVert = vec3(vertOffset.x * s.x, vertOffset.y * s.y, 0.);\n    vec3 camX = vec3(1, 0, 0);\n    vec3 camY = vec3(0, 0, -1);\n    pos.xyz += rotateInLocalSpace(viewSpaceVert, camX, camY, cross(camX, camY), q);\n#elif CC_USE_VERTICAL_BILLBOARD\n    vec2 viewSpaceVert = vec2(vertOffset.x * s.x, vertOffset.y * s.y);\n    rotateCorner(viewSpaceVert, q.z);\n    vec3 camX = normalize(vec3(cc_matView[0][0], cc_matView[1][0], cc_matView[2][0]));\n    vec3 camY = vec3(0, 1, 0);\n    vec3 offset = camX * viewSpaceVert.x + camY * viewSpaceVert.y;\n    pos.xyz += offset;\n#else\n    pos.x += vertOffset.x;\n    pos.y += vertOffset.y;\n#endif\n}\n\nvec2 computeUV(float frameIndex, vec2 vertIndex, vec2 frameTile){\n    vec2 aniUV = vec2(0, floor(frameIndex * frameTile.y));\n    aniUV.x = floor(frameIndex * frameTile.x * frameTile.y - aniUV.y * frameTile.x);\n#if !CC_USE_MESH\n    vertIndex.y = 1. - vertIndex.y;\n\n#endif\n    return (aniUV.xy + vertIndex) / vec2(frameTile.x, frameTile.y);\n}\n\nin vec3 a_position;\n\nin vec4 a_texCoord;\n\nin vec3 a_texCoord1;\n\nin vec3 a_texCoord2;\nin vec4 a_color;\n\n#if CC_DRAW_WIRE_FRAME\n    out vec3 vBarycentric;\n#endif\n\nvec4 vs_main() {\n    highp vec4 pos = vec4(a_position, 1);\n    vec4 velocity = vec4(a_texCoord1.xyz, 0);\n\n#if !CC_USE_WORLD_SPACE\n    pos = cc_matWorld * pos;\n    velocity = cc_matWorld * velocity;\n#endif\n\n    float vertOffset = (a_texCoord.x - 0.5) * a_texCoord.y;\n    vec3 camUp = normalize(cross(pos.xyz - cc_cameraPos.xyz, velocity.xyz));\n    pos.xyz += camUp * vertOffset;\n    pos = cc_matViewProj * pos;\n    uv = a_texCoord.zw * mainTiling_Offset.xy + mainTiling_Offset.zw;;\n    color = a_color;\n#if CC_DRAW_WIRE_FRAME\n    vBarycentric = a_texCoord2;\n#endif\n    return pos;\n}\n\nvoid main() { gl_Position = vs_main(); }\n",
        "frag": "\nprecision mediump float;\nuniform CCGlobal {\n  vec4 cc_time;\n\n  vec4 cc_screenSize;\n\n  vec4 cc_screenScale;\n\n  vec4 cc_nativeSize;\n\n  mat4 cc_matView;\n\n  mat4 cc_matViewInv;\n\n  mat4 cc_matProj;\n\n  mat4 cc_matProjInv;\n\n  mat4 cc_matViewProj;\n\n  mat4 cc_matViewProjInv;\n\n  vec4 cc_cameraPos;\n\n  vec4 cc_exposure;\n\n  vec4 cc_mainLitDir;\n\n  vec4 cc_mainLitColor;\n\n  vec4 cc_ambientSky;\n\n  vec4 cc_ambientGround;\n\n};\n\nvec3 SRGBToLinear(vec3 gamma)\n{\n\treturn pow(gamma, vec3(2.2));\n\n}\n\nvec3 LinearToSRGB(vec3 linear)\n{\n\treturn pow(linear, vec3(0.454545));\n\n}\n\nvec4 CCFragOutput(vec4 color) {\n  #if CC_USE_HDR\n    color.rgb = mix(color.rgb, SRGBToLinear(color.rgb) * cc_exposure.w, vec3(cc_exposure.z));\n\t#endif\n\treturn color;\n}\n\nin vec2 uv;\nin vec4 color;\n\nuniform sampler2D mainTexture;\n\nvec4 addSmooth () {\n  vec4 col = color * texture(mainTexture, uv);\n  col.rgb *= col.a;\n  return CCFragOutput(col);\n}\n\nvec4 premultiplied () {\n  vec4 col = color * texture(mainTexture, uv) * color.a;\n  return CCFragOutput(col);\n}\n\nout vec4 cc_FragColor;\nvoid main() { cc_FragColor = premultiplied(); }\n"
      },
      "glsl1": {
        "vert": "\nprecision mediump float;\n\nuniform vec4 mainTiling_Offset;\nuniform mat4 cc_matView;\nuniform mat4 cc_matViewProj;\nuniform vec4 cc_cameraPos;\nuniform highp mat4 cc_matWorld;\n\nvec4 quaternionFromAxisAngle(float angle, vec3 axis){\n    angle /= 2.;\n    float s = sin(angle);\n    vec4 res;\n    res.xyz = s * axis;\n    res.w = cos(angle);\n    return res;\n}\n\nvec4 quaternionFromAxis(vec3 xAxis,vec3 yAxis,vec3 zAxis){\n    mat3 m = mat3(xAxis,yAxis,zAxis);\n    float trace = m[0][0] + m[1][1] + m[2][2];\n    vec4 quat;\n\n    if (trace > 0.) {\n        float s = 0.5 / sqrt(trace + 1.0);\n        quat.w = 0.25 / s;\n        quat.x = (m[2][1] - m[1][2]) * s;\n        quat.y = (m[0][2] - m[2][0]) * s;\n        quat.z = (m[1][0] - m[0][1]) * s;\n    } else if ((m[0][0] > m[1][1]) && (m[0][0] > m[2][2])) {\n        float s = 2.0 * sqrt(1.0 + m[0][0] - m[1][1] - m[2][2]);\n        quat.w = (m[2][1] - m[1][2]) / s;\n        quat.x = 0.25 * s;\n        quat.y = (m[0][1] + m[1][0]) / s;\n        quat.z = (m[0][2] + m[2][0]) / s;\n    } else if (m[1][1] > m[2][2]) {\n        float s = 2.0 * sqrt(1.0 + m[1][1] - m[0][0] - m[2][2]);\n        quat.w = (m[0][2] - m[2][0]) / s;\n        quat.x = (m[0][1] + m[1][0]) / s;\n        quat.y = 0.25 * s;\n        quat.z = (m[1][2] + m[2][1]) / s;\n    } else {\n        float s = 2.0 * sqrt(1.0 + m[2][2] - m[0][0] - m[1][1]);\n        quat.w = (m[1][0] - m[0][1]) / s;\n        quat.x = (m[0][2] + m[2][0]) / s;\n        quat.y = (m[1][2] + m[2][1]) / s;\n        quat.z = 0.25 * s;\n    }\n\n    float len = quat.x * quat.x + quat.y * quat.y + quat.z * quat.z + quat.w * quat.w;\n    if (len > 0.) {\n        len = 1. / sqrt(len);\n        quat.x = quat.x * len;\n        quat.y = quat.y * len;\n        quat.z = quat.z * len;\n        quat.w = quat.w * len;\n    }\n\n    return quat;\n}\n\nvec4 quaternionFromEuler(vec3 angle){\n    float x = angle.x / 2.;\n    float y = angle.y / 2.;\n    float z = angle.z / 2.;\n\n    float sx = sin(x);\n    float cx = cos(x);\n    float sy = sin(y);\n    float cy = cos(y);\n    float sz = sin(z);\n    float cz = cos(z);\n\n    vec4 quat = vec4(0);\n\n    quat.x = sx * cy * cz + cx * sy * sz;\n    quat.y = cx * sy * cz + sx * cy * sz;\n    quat.z = cx * cy * sz - sx * sy * cz;\n    quat.w = cx * cy * cz - sx * sy * sz;\n\n    return quat;\n}\n\nmat4 matrixFromRT(vec4 q, vec3 p){\n    float x2 = q.x + q.x;\n    float y2 = q.y + q.y;\n    float z2 = q.z + q.z;\n    float xx = q.x * x2;\n    float xy = q.x * y2;\n    float xz = q.x * z2;\n    float yy = q.y * y2;\n    float yz = q.y * z2;\n    float zz = q.z * z2;\n    float wx = q.w * x2;\n    float wy = q.w * y2;\n    float wz = q.w * z2;\n\n    return mat4(\n        1. - (yy + zz), xy + wz, xz - wy, 0,\n        xy - wz, 1. - (xx + zz), yz + wx, 0,\n        xz + wy, yz - wx, 1. - (xx + yy), 0,\n        p.x, p.y, p.z, 1\n    );\n}\n\nmat4 matFromRTS(vec4 q, vec3 t, vec3 s){\n    float x = q.x, y = q.y, z = q.z, w = q.w;\n    float x2 = x + x;\n    float y2 = y + y;\n    float z2 = z + z;\n\n    float xx = x * x2;\n    float xy = x * y2;\n    float xz = x * z2;\n    float yy = y * y2;\n    float yz = y * z2;\n    float zz = z * z2;\n    float wx = w * x2;\n    float wy = w * y2;\n    float wz = w * z2;\n    float sx = s.x;\n    float sy = s.y;\n    float sz = s.z;\n\n    return mat4((1. - (yy + zz)) * sx, (xy + wz) * sx, (xz - wy) * sx, 0,\n        (xy - wz) * sy, (1. - (xx + zz)) * sy, (yz + wx) * sy, 0,\n        (xz + wy) * sz, (yz - wx) * sz, (1. - (xx + yy)) * sz, 0,\n        t.x, t.y, t.z, 1);\n}\n\nvoid scaleMatrix(inout mat4 m, float s){\n    m[0].xyz *= s;\n    m[1].xyz *= s;\n    m[2].xyz *= s;\n}\n\nvec4 quatMultiply(vec4 a, vec4 b){\n    vec4 quat;\n    quat.x = a.x * b.w + a.w * b.x + a.y * b.z - a.z * b.y;\n    quat.y = a.y * b.w + a.w * b.y + a.z * b.x - a.x * b.z;\n    quat.z = a.z * b.w + a.w * b.z + a.x * b.y - a.y * b.x;\n    quat.w = a.w * b.w - a.x * b.x - a.y * b.y - a.z * b.z;\n    return quat;\n}\n\nvoid rotateVecFromQuat(inout vec3 v, vec4 q){\n    float ix = q.w * v.x + q.y * v.z - q.z * v.y;\n    float iy = q.w * v.y + q.z * v.x - q.x * v.z;\n    float iz = q.w * v.z + q.x * v.y - q.y * v.x;\n    float iw = -q.x * v.x - q.y * v.y - q.z * v.z;\n\n    v.x = ix * q.w + iw * -q.x + iy * -q.z - iz * -q.y;\n    v.y = iy * q.w + iw * -q.y + iz * -q.x - ix * -q.z;\n    v.z = iz * q.w + iw * -q.z + ix * -q.y - iy * -q.x;\n}\n\nvec3 rotateVecFromAxis(vec3 v, vec3 axis, float theta){\n    return cos(theta) * v + sin(theta) * cross(v, axis) + (1. - cos(theta)) * dot(v, axis) * axis;\n}\n\nvec3 rotateInLocalSpace(vec3 pos, vec3 xAxis, vec3 yAxis, vec3 zAxis, vec4 q){\n    vec4 viewQuat = quaternionFromAxis(xAxis, yAxis, zAxis);\n    vec4 rotQuat = quatMultiply(viewQuat, q);\n    rotateVecFromQuat(pos, rotQuat);\n    return pos;\n}\n\nvoid rotateCorner(inout vec2 corner, float angle){\n    float xOS = cos(angle) * corner.x - sin(angle) * corner.y;\n    float yOS = sin(angle) * corner.x + cos(angle) * corner.y;\n    corner.x = xOS;\n    corner.y = yOS;\n}\n\nvarying vec2 uv;\nvarying vec4 color;\n\nvoid computeVertPos(inout vec4 pos, vec2 vertOffset, vec4 q, vec3 s\n#if CC_USE_BILLBOARD || CC_USE_VERTICAL_BILLBOARD\n    , mat4 viewInv\n#endif\n#if CC_USE_STRETCHED_BILLBOARD\n    , vec3 eye\n    , vec4 velocity\n    , float velocityScale\n    , float lengthScale\n    , float xIndex\n#endif\n) {\n#if CC_USE_BILLBOARD\n    vec3 viewSpaceVert = vec3(vertOffset.x * s.x, vertOffset.y * s.y, 0.);\n    vec3 camX = normalize(vec3(viewInv[0][0], viewInv[1][0], viewInv[2][0]));\n    vec3 camY = normalize(vec3(viewInv[0][1], viewInv[1][1], viewInv[2][1]));\n    vec3 camZ = normalize(vec3(viewInv[0][2], viewInv[1][2], viewInv[2][2]));\n    pos.xyz += rotateInLocalSpace(viewSpaceVert, camX, camY, camZ, q);\n#elif CC_USE_STRETCHED_BILLBOARD\n    vec3 camRight = normalize(cross(pos.xyz - eye, velocity.xyz)) * s.x;\n    vec3 camUp = velocity.xyz * velocityScale + normalize(velocity.xyz) * lengthScale * s.y;\n    pos.xyz += (camRight * abs(vertOffset.x) * sign(vertOffset.y)) - camUp * xIndex;\n#elif CC_USE_HORIZONTAL_BILLBOARD\n    vec3 viewSpaceVert = vec3(vertOffset.x * s.x, vertOffset.y * s.y, 0.);\n    vec3 camX = vec3(1, 0, 0);\n    vec3 camY = vec3(0, 0, -1);\n    pos.xyz += rotateInLocalSpace(viewSpaceVert, camX, camY, cross(camX, camY), q);\n#elif CC_USE_VERTICAL_BILLBOARD\n    vec2 viewSpaceVert = vec2(vertOffset.x * s.x, vertOffset.y * s.y);\n    rotateCorner(viewSpaceVert, q.z);\n    vec3 camX = normalize(vec3(cc_matView[0][0], cc_matView[1][0], cc_matView[2][0]));\n    vec3 camY = vec3(0, 1, 0);\n    vec3 offset = camX * viewSpaceVert.x + camY * viewSpaceVert.y;\n    pos.xyz += offset;\n#else\n    pos.x += vertOffset.x;\n    pos.y += vertOffset.y;\n#endif\n}\n\nvec2 computeUV(float frameIndex, vec2 vertIndex, vec2 frameTile){\n    vec2 aniUV = vec2(0, floor(frameIndex * frameTile.y));\n    aniUV.x = floor(frameIndex * frameTile.x * frameTile.y - aniUV.y * frameTile.x);\n#if !CC_USE_MESH\n    vertIndex.y = 1. - vertIndex.y;\n\n#endif\n    return (aniUV.xy + vertIndex) / vec2(frameTile.x, frameTile.y);\n}\n\nattribute vec3 a_position;\n\nattribute vec4 a_texCoord;\n\nattribute vec3 a_texCoord1;\n\nattribute vec3 a_texCoord2;\nattribute vec4 a_color;\n\n#if CC_DRAW_WIRE_FRAME\n    varying vec3 vBarycentric;\n#endif\n\nvec4 vs_main() {\n    highp vec4 pos = vec4(a_position, 1);\n    vec4 velocity = vec4(a_texCoord1.xyz, 0);\n\n#if !CC_USE_WORLD_SPACE\n    pos = cc_matWorld * pos;\n    velocity = cc_matWorld * velocity;\n#endif\n\n    float vertOffset = (a_texCoord.x - 0.5) * a_texCoord.y;\n    vec3 camUp = normalize(cross(pos.xyz - cc_cameraPos.xyz, velocity.xyz));\n    pos.xyz += camUp * vertOffset;\n    pos = cc_matViewProj * pos;\n    uv = a_texCoord.zw * mainTiling_Offset.xy + mainTiling_Offset.zw;;\n    color = a_color;\n#if CC_DRAW_WIRE_FRAME\n    vBarycentric = a_texCoord2;\n#endif\n    return pos;\n}\n\nvoid main() { gl_Position = vs_main(); }\n",
        "frag": "\nprecision mediump float;\nuniform vec4 cc_exposure;\n\nvec3 SRGBToLinear(vec3 gamma)\n{\n\treturn pow(gamma, vec3(2.2));\n\n}\n\nvec3 LinearToSRGB(vec3 linear)\n{\n\treturn pow(linear, vec3(0.454545));\n\n}\n\nvec4 CCFragOutput(vec4 color) {\n  #if CC_USE_HDR\n    color.rgb = mix(color.rgb, SRGBToLinear(color.rgb) * cc_exposure.w, vec3(cc_exposure.z));\n\t#endif\n\treturn color;\n}\n\nvarying vec2 uv;\nvarying vec4 color;\n\nuniform sampler2D mainTexture;\n\nvec4 addSmooth () {\n  vec4 col = color * texture2D(mainTexture, uv);\n  col.rgb *= col.a;\n  return CCFragOutput(col);\n}\n\nvec4 premultiplied () {\n  vec4 col = color * texture2D(mainTexture, uv) * color.a;\n  return CCFragOutput(col);\n}\n\nvoid main() { gl_FragColor = premultiplied(); }\n"
      },
      "builtins": {
        "globals": {
          "blocks": [
            {
              "name": "CCGlobal",
              "defines": []
            }
          ],
          "samplers": []
        },
        "locals": {
          "blocks": [
            {
              "name": "CCLocal",
              "defines": []
            }
          ],
          "samplers": []
        }
      },
      "defines": [
        {
          "name": "CC_USE_BILLBOARD",
          "type": "boolean",
          "defines": []
        },
        {
          "name": "CC_USE_STRETCHED_BILLBOARD",
          "type": "boolean",
          "defines": []
        },
        {
          "name": "CC_USE_HORIZONTAL_BILLBOARD",
          "type": "boolean",
          "defines": []
        },
        {
          "name": "CC_USE_VERTICAL_BILLBOARD",
          "type": "boolean",
          "defines": []
        },
        {
          "name": "CC_USE_MESH",
          "type": "boolean",
          "defines": []
        },
        {
          "name": "CC_DRAW_WIRE_FRAME",
          "type": "boolean",
          "defines": []
        },
        {
          "name": "CC_USE_WORLD_SPACE",
          "type": "boolean",
          "defines": []
        },
        {
          "name": "CC_USE_HDR",
          "type": "boolean",
          "defines": []
        }
      ],
      "blocks": [
        {
          "name": "Constants",
          "members": [
            {
              "name": "mainTiling_Offset",
              "type": 16,
              "count": 1
            },
            {
              "name": "frameTile_velLenScale",
              "type": 16,
              "count": 1
            },
            {
              "name": "scale",
              "type": 16,
              "count": 1
            }
          ],
          "defines": [],
          "binding": 0
        }
      ],
      "samplers": [
        {
          "name": "mainTexture",
          "type": 28,
          "count": 1,
          "defines": [],
          "binding": 30
        }
      ],
      "name": "builtin-particle-trail|particle-trail:vs_main|no-tint-fs:premultiplied"
    }
  ],
  "combinations": []
}