[{"__type__":"cc.Prefab","_name":"LobbyUI","data":{"__id__":1}},{"__type__":"cc.Node","_name":"LobbyUI","_children":[{"__id__":2},{"__id__":3},{"__id__":17},{"__id__":28}],"_level":1,"_components":[{"__type__":"cc.Widget","node":{"__id__":1},"_alignFlags":45}],"_prefab":{"__type__":"cc.PrefabInfo","root":{"__id__":1},"asset":{"__uuid__":"99HZwOhIpCcaKBCMZwBRxe"},"fileId":"919izvyfhNpbCSIsuGnioC"},"_contentSize":{"__type__":"cc.Size","width":1080,"height":1920.0000000000002},"_position":{"__type__":"cc.Vec3","x":540,"y":960.0000000000001}},{"__type__":"cc.Node","_name":"KW_IMG_BG","_parent":{"__id__":1},"_level":3,"_components":[{"__type__":"cc.Sprite","node":{"__id__":2},"_materials":[{"__uuid__":"ecpdLyjvZBwrvm+cedCcQy"}],"_spriteFrame":{"__uuid__":"83BgBgtptHc5XRzX+ymFUm"},"_sizeMode":0},{"__type__":"cc.Widget","node":{"__id__":2},"_alignFlags":45,"_originalWidth":1280,"_originalHeight":720}],"_prefab":{"__type__":"cc.PrefabInfo","root":{"__id__":1},"asset":{"__uuid__":"99HZwOhIpCcaKBCMZwBRxe"},"fileId":"73CTllynBAILrEuRfo1PPy"},"_contentSize":{"__type__":"cc.Size","width":1080,"height":1920.0000000000002}},{"__type__":"cc.Node","_name":"KW_LOBBY_TOP_BG","_parent":{"__id__":1},"_children":[{"__id__":4},{"__id__":11},{"__id__":13},{"__id__":15}],"_level":2,"_components":[{"__type__":"cc.Sprite","node":{"__id__":3},"_materials":[{"__uuid__":"ecpdLyjvZBwrvm+cedCcQy"}],"_spriteFrame":{"__uuid__":"46Y/0ONytJyondQ6iMI1QA"},"_sizeMode":0},{"__type__":"cc.Widget","node":{"__id__":3},"_alignFlags":41,"_originalWidth":1024}],"_prefab":{"__type__":"cc.PrefabInfo","root":{"__id__":1},"asset":{"__uuid__":"99HZwOhIpCcaKBCMZwBRxe"},"fileId":"bdaqOJ3CBCr7xB3TQoPEwU"},"_contentSize":{"__type__":"cc.Size","width":1080,"height":200},"_anchorPoint":{"__type__":"cc.Vec2","x":0.5,"y":1},"_position":{"__type__":"cc.Vec3","y":960.0000000000001}},{"__type__":"cc.Node","_name":"IMG_USER_INFO_BG","_parent":{"__id__":3},"_children":[{"__id__":5},{"__id__":6},{"__id__":7},{"__id__":8}],"_level":3,"_components":[{"__type__":"cc.Widget","node":{"__id__":4},"_alignFlags":9,"_left":87.918,"_top":81.196}],"_prefab":{"__type__":"cc.PrefabInfo","root":{"__id__":1},"asset":{"__uuid__":"99HZwOhIpCcaKBCMZwBRxe"},"fileId":"94bpUstJRJ6q8xyRjtNVAB"},"_anchorPoint":{"__type__":"cc.Vec2","y":0.5},"_position":{"__type__":"cc.Vec3","x":-452.082,"y":-81.196}},{"__type__":"cc.Node","_name":"IMG_HEAD","_parent":{"__id__":4},"_level":4,"_components":[{"__type__":"cc.Sprite","node":{"__id__":5},"_materials":[{"__uuid__":"ecpdLyjvZBwrvm+cedCcQy"}],"_spriteFrame":{"__uuid__":"c0VWDBACVOtbhLmvMvadlt"}},{"__type__":"cc.Button","node":{"__id__":5},"zoomScale":0.9,"_N$transition":3,"transition":3}],"_prefab":{"__type__":"cc.PrefabInfo","root":{"__id__":1},"asset":{"__uuid__":"99HZwOhIpCcaKBCMZwBRxe"},"fileId":"a02YLskCFE/65IfboZi0/L"},"_contentSize":{"__type__":"cc.Size","width":103,"height":103},"_position":{"__type__":"cc.Vec3","x":33.026,"y":-2.718},"_scale":{"__type__":"cc.Vec3","x":1.3,"y":1.3,"z":1}},{"__type__":"cc.Node","_name":"TEXT_USER_NAME","_parent":{"__id__":4},"_level":4,"_components":[{"__type__":"cc.Label","node":{"__id__":6},"_materials":[{"__uuid__":"ecpdLyjvZBwrvm+cedCcQy"}],"_useOriginalSize":false,"_string":"名字:小玩家","_N$string":"名字:小玩家","_fontSize":35,"_N$horizontalAlign":1,"_N$verticalAlign":1}],"_prefab":{"__type__":"cc.PrefabInfo","root":{"__id__":1},"asset":{"__uuid__":"99HZwOhIpCcaKBCMZwBRxe"},"fileId":"b5KmAvVAFLdIPhLwt8wkNG"},"_contentSize":{"__type__":"cc.Size","width":184.72,"height":50.4},"_anchorPoint":{"__type__":"cc.Vec2","y":0.5},"_position":{"__type__":"cc.Vec3","x":106,"y":29.045}},{"__type__":"cc.Node","_name":"TEXT_USER_ID","_parent":{"__id__":4},"_level":4,"_components":[{"__type__":"cc.Label","node":{"__id__":7},"_materials":[{"__uuid__":"ecpdLyjvZBwrvm+cedCcQy"}],"_useOriginalSize":false,"_string":"ID:000000","_N$string":"ID:000000","_fontSize":35,"_N$horizontalAlign":1,"_N$verticalAlign":1}],"_prefab":{"__type__":"cc.PrefabInfo","root":{"__id__":1},"asset":{"__uuid__":"99HZwOhIpCcaKBCMZwBRxe"},"fileId":"b987WtmgVICo3ACxbnREl9"},"_contentSize":{"__type__":"cc.Size","width":161.52,"height":50.4},"_anchorPoint":{"__type__":"cc.Vec2","y":0.5},"_position":{"__type__":"cc.Vec3","x":106,"y":-18.798}},{"__type__":"cc.Node","_name":"IMG_COIN_BG","_parent":{"__id__":4},"_children":[{"__id__":9},{"__id__":10}],"_level":4,"_prefab":{"__type__":"cc.PrefabInfo","root":{"__id__":1},"asset":{"__uuid__":"99HZwOhIpCcaKBCMZwBRxe"},"fileId":"a6WCI+gbRJnrKmPnejE5V1"},"_anchorPoint":{"__type__":"cc.Vec2","y":0.5},"_position":{"__type__":"cc.Vec3","x":104.269,"y":-59.125}},{"__type__":"cc.Node","_name":"IMG_COIN","_parent":{"__id__":8},"_level":4,"_components":[{"__type__":"cc.Sprite","node":{"__id__":9},"_materials":[{"__uuid__":"ecpdLyjvZBwrvm+cedCcQy"}],"_spriteFrame":{"__uuid__":"0a8RsBvhlArph72WX7U1Jg"},"_sizeMode":0}],"_prefab":{"__type__":"cc.PrefabInfo","root":{"__id__":1},"asset":{"__uuid__":"99HZwOhIpCcaKBCMZwBRxe"},"fileId":"7aDu7F3mRLL5rUt2eEFhgt"},"_contentSize":{"__type__":"cc.Size","width":30,"height":32},"_position":{"__type__":"cc.Vec3","x":17.027,"y":-0.77}},{"__type__":"cc.Node","_name":"TEXT_COIN","_parent":{"__id__":8},"_level":4,"_components":[{"__type__":"cc.Label","node":{"__id__":10},"_materials":[{"__uuid__":"ecpdLyjvZBwrvm+cedCcQy"}],"_useOriginalSize":false,"_string":"0","_N$string":"0","_fontSize":35,"_N$horizontalAlign":1,"_N$verticalAlign":1}],"_prefab":{"__type__":"cc.PrefabInfo","root":{"__id__":1},"asset":{"__uuid__":"99HZwOhIpCcaKBCMZwBRxe"},"fileId":"45PDmESrdNf7nGBpqhPXLm"},"_contentSize":{"__type__":"cc.Size","width":19.47,"height":50.4},"_position":{"__type__":"cc.Vec3","x":86.671,"y":2.311}},{"__type__":"cc.Node","_name":"KW_BTN_SET","_parent":{"__id__":3},"_children":[{"__id__":12}],"_level":3,"_components":[{"__type__":"cc.Button","node":{"__id__":11},"zoomScale":0.8,"_N$enableAutoGrayEffect":true,"_N$transition":3,"transition":3,"_N$normalColor":{"__type__":"cc.Color","r":230,"g":230,"b":230},"_N$pressedColor":{"__type__":"cc.Color","r":200,"g":200,"b":200},"pressedColor":{"__type__":"cc.Color","r":200,"g":200,"b":200},"_N$disabledColor":{"__type__":"cc.Color","r":120,"g":120,"b":120,"a":200}},{"__type__":"cc.Sprite","node":{"__id__":11},"_materials":[{"__uuid__":"ecpdLyjvZBwrvm+cedCcQy"}],"_spriteFrame":{"__uuid__":"56siVL3rZI170Xdr87Qa7O"},"_sizeMode":0},{"__type__":"cc.Widget","node":{"__id__":11},"_alignFlags":36,"_left":868.7239999999999,"_right":39,"_top":1577.67,"_bottom":-1604,"_originalWidth":57}],"_prefab":{"__type__":"cc.PrefabInfo","root":{"__id__":1},"asset":{"__uuid__":"99HZwOhIpCcaKBCMZwBRxe"},"fileId":"86tN3xurtMGaIsVnjE4QlH"},"_contentSize":{"__type__":"cc.Size","width":150,"height":150},"_position":{"__type__":"cc.Vec3","x":426,"y":-1729}},{"__type__":"cc.Node","_name":"KW_TEXT_SETTING","_parent":{"__id__":11},"_level":4,"_components":[{"__type__":"cc.Label","node":{"__id__":12},"_materials":[{"__uuid__":"ecpdLyjvZBwrvm+cedCcQy"}],"_useOriginalSize":false,"_string":"设置","_N$string":"设置","_N$horizontalAlign":1,"_N$verticalAlign":1}],"_prefab":{"__type__":"cc.PrefabInfo","root":{"__id__":1},"asset":{"__uuid__":"99HZwOhIpCcaKBCMZwBRxe"},"fileId":"9eenFHLQ1HMYukgkJvW/Pc"},"_contentSize":{"__type__":"cc.Size","width":80,"height":50.4},"_position":{"__type__":"cc.Vec3","y":-99.253}},{"__type__":"cc.Node","_name":"KW_BTN_BALL_COMPOSE","_parent":{"__id__":3},"_children":[{"__id__":14}],"_level":3,"_components":[{"__type__":"cc.Button","node":{"__id__":13},"zoomScale":0.8,"_N$enableAutoGrayEffect":true,"_N$transition":3,"transition":3,"_N$normalColor":{"__type__":"cc.Color","r":230,"g":230,"b":230},"_N$pressedColor":{"__type__":"cc.Color","r":200,"g":200,"b":200},"pressedColor":{"__type__":"cc.Color","r":200,"g":200,"b":200},"_N$disabledColor":{"__type__":"cc.Color","r":120,"g":120,"b":120,"a":200}},{"__type__":"cc.Sprite","node":{"__id__":13},"_materials":[{"__uuid__":"ecpdLyjvZBwrvm+cedCcQy"}],"_spriteFrame":{"__uuid__":"d6gSc/rYZGCblrC6GkeA3+"},"_sizeMode":0},{"__type__":"cc.Widget","node":{"__id__":13},"_alignFlags":36,"_left":868.7239999999999,"_right":247.00000000000003,"_top":1577.67,"_bottom":-1598.764,"_originalWidth":57}],"_prefab":{"__type__":"cc.PrefabInfo","root":{"__id__":1},"asset":{"__uuid__":"99HZwOhIpCcaKBCMZwBRxe"},"fileId":"81yNt4gYlHLqMJDhnBUDNd"},"_contentSize":{"__type__":"cc.Size","width":150,"height":150},"_position":{"__type__":"cc.Vec3","x":218,"y":-1723.764}},{"__type__":"cc.Node","_name":"KW_TEXT_COMPOSE","_parent":{"__id__":13},"_level":4,"_components":[{"__type__":"cc.Label","node":{"__id__":14},"_materials":[{"__uuid__":"ecpdLyjvZBwrvm+cedCcQy"}],"_useOriginalSize":false,"_string":"合成","_N$string":"合成","_N$horizontalAlign":1,"_N$verticalAlign":1}],"_prefab":{"__type__":"cc.PrefabInfo","root":{"__id__":1},"asset":{"__uuid__":"99HZwOhIpCcaKBCMZwBRxe"},"fileId":"92PdJGW9pKrKfCv/NCfJZ6"},"_contentSize":{"__type__":"cc.Size","width":80,"height":50.4},"_position":{"__type__":"cc.Vec3","x":4.563,"y":-101.029}},{"__type__":"cc.Node","_name":"KW_BTN_STORE","_parent":{"__id__":3},"_children":[{"__id__":16}],"_level":3,"_components":[{"__type__":"cc.Button","node":{"__id__":15},"zoomScale":0.8,"_N$enableAutoGrayEffect":true,"_N$transition":3,"transition":3,"_N$normalColor":{"__type__":"cc.Color","r":230,"g":230,"b":230},"_N$pressedColor":{"__type__":"cc.Color","r":200,"g":200,"b":200},"pressedColor":{"__type__":"cc.Color","r":200,"g":200,"b":200},"_N$disabledColor":{"__type__":"cc.Color","r":120,"g":120,"b":120,"a":200}},{"__type__":"cc.Sprite","node":{"__id__":15},"_materials":[{"__uuid__":"ecpdLyjvZBwrvm+cedCcQy"}],"_spriteFrame":{"__uuid__":"d6gSc/rYZGCblrC6GkeA3+"},"_sizeMode":0},{"__type__":"cc.Widget","node":{"__id__":15},"_alignFlags":36,"_left":868.7239999999999,"_right":450,"_top":1577.67,"_bottom":-1612.96,"_originalWidth":57}],"_prefab":{"__type__":"cc.PrefabInfo","root":{"__id__":1},"asset":{"__uuid__":"99HZwOhIpCcaKBCMZwBRxe"},"fileId":"82+MMspBVFmL1DmWnboheW"},"_contentSize":{"__type__":"cc.Size","width":150,"height":150},"_position":{"__type__":"cc.Vec3","x":15,"y":-1737.96}},{"__type__":"cc.Node","_name":"KW_TEXT_STORE","_parent":{"__id__":15},"_level":4,"_components":[{"__type__":"cc.Label","node":{"__id__":16},"_materials":[{"__uuid__":"ecpdLyjvZBwrvm+cedCcQy"}],"_useOriginalSize":false,"_string":"商城","_N$string":"商城","_N$horizontalAlign":1,"_N$verticalAlign":1}],"_prefab":{"__type__":"cc.PrefabInfo","root":{"__id__":1},"asset":{"__uuid__":"99HZwOhIpCcaKBCMZwBRxe"},"fileId":"41By9Nz+VCrbRgQlFhDszS"},"_contentSize":{"__type__":"cc.Size","width":80,"height":50.4},"_position":{"__type__":"cc.Vec3","x":4.563,"y":-101.029}},{"__type__":"cc.Node","_name":"KW_PANEL_MIDDLE","_parent":{"__id__":1},"_children":[{"__id__":18},{"__id__":20},{"__id__":22},{"__id__":24},{"__id__":26}],"_level":2,"_components":[{"__type__":"cc.Sprite","node":{"__id__":17},"_materials":[{"__uuid__":"ecpdLyjvZBwrvm+cedCcQy"}],"_spriteFrame":{"__uuid__":"9bvaMerUlDyary99mJa6xp"},"_type":3,"_sizeMode":0},{"__type__":"cc.Layout","node":{"__id__":17},"_layoutSize":{"__type__":"cc.Size","width":1080,"height":1580.0000000000002}},{"__type__":"cc.Widget","node":{"__id__":17},"_alignFlags":45,"_top":55.50999999999995,"_bottom":284.49,"_originalWidth":960,"_originalHeight":300}],"_prefab":{"__type__":"cc.PrefabInfo","root":{"__id__":1},"asset":{"__uuid__":"99HZwOhIpCcaKBCMZwBRxe"},"fileId":"ecF8JnPXVPeKnEdRBxe2TW"},"_contentSize":{"__type__":"cc.Size","width":1080,"height":1580.0000000000002},"_position":{"__type__":"cc.Vec3","y":114.49000000000001}},{"__type__":"cc.Node","_name":"BTN_CREATE_ROOM","_parent":{"__id__":17},"_children":[{"__id__":19}],"_level":3,"_components":[{"__type__":"cc.Sprite","node":{"__id__":18},"_materials":[{"__uuid__":"ecpdLyjvZBwrvm+cedCcQy"}],"_spriteFrame":{"__uuid__":"77SPGoyoNKlp+GQiLAELCE"},"_sizeMode":0},{"__type__":"cc.Button","node":{"__id__":18},"zoomScale":0.9,"_N$enableAutoGrayEffect":true,"_N$transition":3,"transition":3}],"_prefab":{"__type__":"cc.PrefabInfo","root":{"__id__":1},"asset":{"__uuid__":"99HZwOhIpCcaKBCMZwBRxe"},"fileId":"b17ymrqU1F5pGyZtLtn2I6"},"_contentSize":{"__type__":"cc.Size","width":300,"height":350},"_position":{"__type__":"cc.Vec3","x":-185.669,"y":-211.913}},{"__type__":"cc.Node","_name":"KW_TEXT_CREATE_ROOM","_parent":{"__id__":18},"_level":4,"_components":[{"__type__":"cc.Label","node":{"__id__":19},"_materials":[{"__uuid__":"ecpdLyjvZBwrvm+cedCcQy"}],"_useOriginalSize":false,"_string":"创建房间","_N$string":"创建房间","_fontSize":50,"_N$horizontalAlign":1,"_N$verticalAlign":1}],"_prefab":{"__type__":"cc.PrefabInfo","root":{"__id__":1},"asset":{"__uuid__":"99HZwOhIpCcaKBCMZwBRxe"},"fileId":"5bLIUTRUdEYqAePLdBWWRv"},"_contentSize":{"__type__":"cc.Size","width":200,"height":50.4}},{"__type__":"cc.Node","_name":"BTN_BACK_ROOM","_parent":{"__id__":17},"_children":[{"__id__":21}],"_level":3,"_components":[{"__type__":"cc.Sprite","node":{"__id__":20},"_materials":[{"__uuid__":"ecpdLyjvZBwrvm+cedCcQy"}],"_spriteFrame":{"__uuid__":"77SPGoyoNKlp+GQiLAELCE"},"_sizeMode":0},{"__type__":"cc.Button","node":{"__id__":20},"zoomScale":0.9,"_N$enableAutoGrayEffect":true,"_N$transition":3,"transition":3}],"_prefab":{"__type__":"cc.PrefabInfo","root":{"__id__":1},"asset":{"__uuid__":"99HZwOhIpCcaKBCMZwBRxe"},"fileId":"00HQEh/HJB4a4wOfbWzCcw"},"_contentSize":{"__type__":"cc.Size","width":300,"height":350},"_position":{"__type__":"cc.Vec3","x":200,"y":200}},{"__type__":"cc.Node","_name":"KW_TEXT_BACK_ROOM","_parent":{"__id__":20},"_level":4,"_components":[{"__type__":"cc.Label","node":{"__id__":21},"_materials":[{"__uuid__":"ecpdLyjvZBwrvm+cedCcQy"}],"_useOriginalSize":false,"_string":"返回房间","_N$string":"返回房间","_fontSize":50,"_N$horizontalAlign":1,"_N$verticalAlign":1}],"_prefab":{"__type__":"cc.PrefabInfo","root":{"__id__":1},"asset":{"__uuid__":"99HZwOhIpCcaKBCMZwBRxe"},"fileId":"aaH0a2ZDNDBI6qUn0i9/wx"},"_contentSize":{"__type__":"cc.Size","width":200,"height":50.4}},{"__type__":"cc.Node","_name":"BTN_JOIN_ROOM","_parent":{"__id__":17},"_children":[{"__id__":23}],"_level":3,"_components":[{"__type__":"cc.Sprite","node":{"__id__":22},"_materials":[{"__uuid__":"ecpdLyjvZBwrvm+cedCcQy"}],"_spriteFrame":{"__uuid__":"77SPGoyoNKlp+GQiLAELCE"},"_sizeMode":0},{"__type__":"cc.Button","node":{"__id__":22},"zoomScale":0.9,"_N$enableAutoGrayEffect":true,"_N$transition":3,"transition":3}],"_prefab":{"__type__":"cc.PrefabInfo","root":{"__id__":1},"asset":{"__uuid__":"99HZwOhIpCcaKBCMZwBRxe"},"fileId":"cbLeQHV4NJeKPUkWYgAhOk"},"_contentSize":{"__type__":"cc.Size","width":300,"height":350},"_position":{"__type__":"cc.Vec3","x":-200,"y":200}},{"__type__":"cc.Node","_name":"KW_TEXT_JOIN_ROOM","_parent":{"__id__":22},"_level":4,"_components":[{"__type__":"cc.Label","node":{"__id__":23},"_materials":[{"__uuid__":"ecpdLyjvZBwrvm+cedCcQy"}],"_useOriginalSize":false,"_string":"加入房间","_N$string":"加入房间","_fontSize":50,"_N$horizontalAlign":1,"_N$verticalAlign":1}],"_prefab":{"__type__":"cc.PrefabInfo","root":{"__id__":1},"asset":{"__uuid__":"99HZwOhIpCcaKBCMZwBRxe"},"fileId":"49OfefoVJASZylG9aGt4A2"},"_contentSize":{"__type__":"cc.Size","width":200,"height":50.4}},{"__type__":"cc.Node","_name":"BTN_MATCH_ROOM","_parent":{"__id__":17},"_children":[{"__id__":25}],"_level":3,"_components":[{"__type__":"cc.Sprite","node":{"__id__":24},"_materials":[{"__uuid__":"ecpdLyjvZBwrvm+cedCcQy"}],"_spriteFrame":{"__uuid__":"77SPGoyoNKlp+GQiLAELCE"},"_sizeMode":0},{"__type__":"cc.Button","node":{"__id__":24},"zoomScale":0.9,"_N$enableAutoGrayEffect":true,"_N$transition":3,"transition":3}],"_prefab":{"__type__":"cc.PrefabInfo","root":{"__id__":1},"asset":{"__uuid__":"99HZwOhIpCcaKBCMZwBRxe"},"fileId":"b5fo5ndshOX780oTA+cxMs"},"_contentSize":{"__type__":"cc.Size","width":300,"height":350},"_position":{"__type__":"cc.Vec3","x":202.936,"y":-211.913}},{"__type__":"cc.Node","_name":"KW_TEXT_MATCH_ROOM","_parent":{"__id__":24},"_level":4,"_components":[{"__type__":"cc.Label","node":{"__id__":25},"_materials":[{"__uuid__":"ecpdLyjvZBwrvm+cedCcQy"}],"_useOriginalSize":false,"_string":"开始匹配","_N$string":"开始匹配","_fontSize":50,"_N$horizontalAlign":1,"_N$verticalAlign":1}],"_prefab":{"__type__":"cc.PrefabInfo","root":{"__id__":1},"asset":{"__uuid__":"99HZwOhIpCcaKBCMZwBRxe"},"fileId":"e5ovtZM+ZBnqZU0ja2B/iH"},"_contentSize":{"__type__":"cc.Size","width":200,"height":50.4}},{"__type__":"cc.Node","_name":"BTN_MATCH_STOP","_parent":{"__id__":17},"_children":[{"__id__":27}],"_active":false,"_level":3,"_components":[{"__type__":"cc.Sprite","node":{"__id__":26},"_materials":[{"__uuid__":"ecpdLyjvZBwrvm+cedCcQy"}],"_spriteFrame":{"__uuid__":"77SPGoyoNKlp+GQiLAELCE"},"_sizeMode":0},{"__type__":"cc.Button","node":{"__id__":26},"zoomScale":0.9,"_N$enableAutoGrayEffect":true,"_N$transition":3,"transition":3}],"_prefab":{"__type__":"cc.PrefabInfo","root":{"__id__":1},"asset":{"__uuid__":"99HZwOhIpCcaKBCMZwBRxe"},"fileId":"e22uN2851FLLC2be8dDVL1"},"_contentSize":{"__type__":"cc.Size","width":300,"height":200},"_position":{"__type__":"cc.Vec3","x":10.26,"y":-604.026}},{"__type__":"cc.Node","_name":"KW_TEXT_STOP","_parent":{"__id__":26},"_level":4,"_components":[{"__type__":"cc.Label","node":{"__id__":27},"_materials":[{"__uuid__":"ecpdLyjvZBwrvm+cedCcQy"}],"_useOriginalSize":false,"_string":"取消匹配","_N$string":"取消匹配","_fontSize":50,"_N$horizontalAlign":1,"_N$verticalAlign":1}],"_prefab":{"__type__":"cc.PrefabInfo","root":{"__id__":1},"asset":{"__uuid__":"99HZwOhIpCcaKBCMZwBRxe"},"fileId":"a0H3V//thLAKljfxbI78bH"},"_contentSize":{"__type__":"cc.Size","width":200,"height":50.4}},{"__type__":"cc.Node","_name":"KW_TEXT_VERSION","_parent":{"__id__":1},"_level":2,"_components":[{"__type__":"cc.Label","node":{"__id__":28},"_materials":[{"__uuid__":"ecpdLyjvZBwrvm+cedCcQy"}],"_useOriginalSize":false,"_string":"1.0.0.0","_N$string":"1.0.0.0","_fontSize":50,"_N$horizontalAlign":1,"_N$verticalAlign":1},{"__type__":"cc.Widget","node":{"__id__":28},"_alignFlags":12,"_left":5.018000000000029,"_bottom":8.218000000000075}],"_prefab":{"__type__":"cc.PrefabInfo","root":{"__id__":1},"asset":{"__uuid__":"99HZwOhIpCcaKBCMZwBRxe"},"fileId":"15rUx7LdRF9rwrNQPZcLg7"},"_contentSize":{"__type__":"cc.Size","width":152.91,"height":50.4},"_anchorPoint":{"__type__":"cc.Vec2","y":0.5},"_position":{"__type__":"cc.Vec3","x":-534.982,"y":-926.582}}]