{"frameRate":24,"name":"Level_2","version":"5.5","compatibleVersion":"5.5","armature":[{"type":"Armature","frameRate":24,"name":"Level_2","aabb":{"x":-133.24,"y":-431.46,"width":273,"height":431},"bone":[{"name":"root","transform":{"y":-126.44}},{"name":"Shine3","parent":"root","transform":{"x":15.6918,"y":36.9632}},{"name":"Shine11","parent":"root","transform":{"x":-62.9125,"y":-211.5211}},{"name":"Shine21","parent":"root","transform":{"x":-13.6514,"y":-103.1618}}],"slot":[{"name":"Body","parent":"root"},{"name":"Shine3","parent":"Shine3"},{"name":"Shine11","parent":"Shine11"},{"name":"Shine21","parent":"Shine21"}],"skin":[{"slot":[{"name":"Shine21","display":[{"name":"Shine","transform":{"x":0.01,"y":-0.4,"scX":0.8,"scY":0.8}}]},{"name":"Shine11","display":[{"name":"Shine","transform":{"x":-0.46,"y":0.07,"scX":0.6,"scY":0.6}}]},{"name":"Shine3","display":[{"name":"Shine","transform":{"x":-0.66,"y":-0.12}}]},{"name":"Body","display":[{"name":"1","transform":{"x":3.26,"y":-89.52},"path":"Body"}]}]}],"animation":[{"duration":36,"playTimes":0,"name":"Idle","bone":[{"name":"Shine3","scaleFrame":[{"duration":6},{"duration":6,"tweenEasing":0,"x":1.2,"y":1.2},{"duration":6,"tweenEasing":0},{"duration":6,"tweenEasing":0,"x":0.9,"y":0.9},{"duration":6,"tweenEasing":0,"x":0.8,"y":0.8},{"duration":6,"tweenEasing":0,"x":0.9,"y":0.9},{"duration":0}]},{"name":"Shine11","scaleFrame":[{"duration":6},{"duration":6,"tweenEasing":0,"x":1.1,"y":1.1},{"duration":6,"tweenEasing":0,"x":0.9,"y":0.9},{"duration":6,"tweenEasing":0,"x":0.8,"y":0.8},{"duration":6,"tweenEasing":0,"x":0.6,"y":0.6},{"duration":6,"tweenEasing":0,"x":0.8,"y":0.8},{"duration":0}]},{"name":"Shine21","scaleFrame":[{"duration":6},{"duration":6,"tweenEasing":0,"x":0.7,"y":0.7},{"duration":6,"tweenEasing":0,"x":0.5,"y":0.5},{"duration":6,"tweenEasing":0,"x":0.4,"y":0.4},{"duration":6,"tweenEasing":0,"x":0.6,"y":0.6},{"duration":6,"tweenEasing":0,"x":0.8,"y":0.8},{"duration":0}]}]}],"defaultActions":[{"gotoAndPlay":"Idle"}]}]}