{"frameRate":24,"name":"Level_1","version":"5.5","compatibleVersion":"5.5","armature":[{"type":"Armature","frameRate":24,"name":"Level_1","aabb":{"x":-133.24,"y":-431.46,"width":273,"height":431},"bone":[{"name":"root","transform":{"y":-126.4441}},{"name":"Shine","parent":"root","transform":{"x":74.802,"y":-138.2234}},{"name":"Shine1","parent":"root","transform":{"x":-88.0765,"y":-135.3147}},{"name":"Shine2","parent":"root","transform":{"x":97.0484,"y":-227.5326}}],"slot":[{"name":"Body","parent":"root"},{"name":"Shine","parent":"Shine"},{"name":"Shine1","parent":"Shine1"},{"name":"Shine2","parent":"Shine2"}],"skin":[{"slot":[{"name":"Shine","display":[{"name":"Shine","transform":{"x":-0.66,"y":-0.12}}]},{"name":"Body","display":[{"name":"1","transform":{"x":3.26,"y":-89.52},"path":"Body"}]},{"name":"Shine2","display":[{"name":"Shine","transform":{"x":0.01,"y":-0.4,"scX":0.8,"scY":0.8}}]},{"name":"Shine1","display":[{"name":"Shine","transform":{"x":-0.46,"y":0.07,"scX":0.6,"scY":0.6}}]}]}],"animation":[{"duration":36,"playTimes":0,"name":"Idle","bone":[{"name":"Shine","scaleFrame":[{"duration":6},{"duration":6,"tweenEasing":0,"x":1.2,"y":1.2},{"duration":6,"tweenEasing":0},{"duration":6,"tweenEasing":0,"x":0.9,"y":0.9},{"duration":6,"tweenEasing":0,"x":0.8,"y":0.8},{"duration":6,"tweenEasing":0,"x":0.9,"y":0.9},{"duration":0}]},{"name":"Shine1","scaleFrame":[{"duration":6},{"duration":6,"tweenEasing":0,"x":1.1,"y":1.1},{"duration":6,"tweenEasing":0,"x":0.9,"y":0.9},{"duration":6,"tweenEasing":0,"x":0.8,"y":0.8},{"duration":6,"tweenEasing":0,"x":0.6,"y":0.6},{"duration":6,"tweenEasing":0,"x":0.8,"y":0.8},{"duration":0}]},{"name":"Shine2","scaleFrame":[{"duration":6},{"duration":6,"tweenEasing":0,"x":0.7,"y":0.7},{"duration":6,"tweenEasing":0,"x":0.5,"y":0.5},{"duration":6,"tweenEasing":0,"x":0.4,"y":0.4},{"duration":6,"tweenEasing":0,"x":0.6,"y":0.6},{"duration":6,"tweenEasing":0,"x":0.8,"y":0.8},{"duration":0}]}]}],"defaultActions":[{"gotoAndPlay":"Idle"}]}]}