{
  "RET_CODE": {
    "__comment__":"基础",
    "OK": 1000,
    "UNKNOWN_ERROR":1001,
    "INVALID_REQUEST_PARAM":1002,
    "IS_TEST_ACC":1003,
    "MYSQL_ERROR":1004,
    "NONEXISTENT_ACT": 1005,
    "LACK_OF_DIAMOND": 1006,
    "LACK_OF_GOLD": 1007,
    "LACK_OF_ENERGY": 1008,

    "__comment__":"SMS",
    "SMS_CAPTCHA_REQUESTED_TOO_FREQUENTLY": 5001,
    "SMS_CAPTCHA_NOT_MATCH": 5002,
    "GET_SMS_CAPTCHA_RESP_ERROR_CODE": 5003,
    "GET_EMAIL_CAPTCHA_RESP_ERROR_CODE": 5004,
    "INVALID_TOKEN": 2001,

    "DUPLICATED": 2002,
    "INCORRECT_HANDLE": 2004,

    "INCORRECT_PASSWORD": 2006,
    "INCORRECT_CAPTCHA": 2007,
    "INVALID_EMAIL_LITERAL": 2008,
    "NO_ASSOCIATED_EMAIL": 2009,
    "SEND_EMAIL_TIMEOUT": 2010,
    "INCORRECT_PHONE_COUNTRY_CODE": 2011,
    "NEW_HANDLE_CONFLICT": 2013,
    "FAILED_TO_UPDATE": 2014,
    "FAILED_TO_DELETE": 2015,
    "FAILED_TO_CREATE": 2016,
    "INCORRECT_PHONE_NUMBER": 2018,
    "NONEXISTENT_RECIPE": 2019,
    "RECIPE_NOT_UNLOCKED": 2020,
    "SUCCESSFUL_KNOWN_RECIPE_AND_KNOWN_INGREDIENT": 2021,
    "SUCCESSFUL_NEW_RECIPE_AND_KNOWN_INGREDIENT": 2022,
    "SUCCESSFUL_KNOWN_RECIPE_AND_NEW_INGREDIENT": 2023,
    "SUCCESSFUL_NEW_RECIPE_AND_NEW_INGREDIENT": 2024,
    "INGREDIENT_PROGRESS_MAX_PER_PLAYER_EXCEEDED": 2025,
    "INGREDIENT_PROGRESS_MAX_PER_PLAYER_BUILDABLE_BINDING_EXCEEDED": 2026,
    "RECIPE_NAME_UNKNOWN": 2027,
    "WECHAT_SERVER_ERROR": 2028,
    "REDIS_ERROR": 2029,
    "NO_ENOUGH_DIAMOND": 2030,
    "NO_ENOUGH_STAR": 2031,
    "STAGE_STILL_LOCKED": 2032,
    "API_CALL_LIMIT_EXCEEDED": 2033,
    "POPULATION_LIMIT_EXCEEDED": 2034,
    "ALREADY_OBTAINED": 2035,
    "RESEARCH_IN_PROGRESS": 2036,
    "NONEXISTENT_UUID_CHANNEL_AUTH_PAIR": 2037,

    "INSUFFICIENT_MEM_TO_ALLOCATE_CONNECTION": 3001,
    "PASSWORD_RESET_CODE_GENERATION_PER_EMAIL_TOO_FREQUENTLY": 4000,
    "TRADE_CREATION_TOO_FREQUENTLY": 4002,
    "MAP_NOT_UNLOCKED": 4003,

    "NOT_IMPLEMENTED_YET": 65535,
    "VICTIM_RESTAURANT_IS_ATTACKING": 65536, 
    "VICTIM_RESTAURANT_IS_WORKING": 65537 
  },
  "AUTH_CHANNEL": {
    "SMS": 0,
    "GameCenter": 1,
    "DARWIN_DEVICE_UUID": 2,
    "WECHAT_PUBSRV": 3,
    "WECHAT_GAME": 4,
    "GOOGLE_AUTH": 5,
    "BYTE_DANCE": 6
  },
  "PLAYER": {
    "DIAMOND": 1,
    "GOLD": 2,
    "ENERGY": 3,
    "ENERGY_LIMIT_ADD": 1000,
    "GOLD_LIMIT_ADD": 1000,
    "SMS_EXPIRED_SECONDS":120,
    "SMS_VALID_RESEND_PERIOD_SECONDS":30,
    "INT_AUTH_TOKEN_TTL_SECONDS":604800
  },
  "WS": {
    "INTERVAL_TO_PING": 2000,
    "WILL_KICK_IF_INACTIVE_FOR": 2000000
  },
  "MAGIC_MISSION_OPEN_MAP" :{
    "MAP01": -1,
    "MAP02": 2,
    "MAP03": 3
  },
  "NOTIFICATION_TYPE" :{
    "RESTAURANT": "restaurant",
    "ATTACK": "attack"
  },
  "INITIAL_DIAMOND_PER_PLAYER": 30
}
