{"frameRate":24,"name":"UpgradableIndicator","version":"5.5","compatibleVersion":"5.5","armature":[{"type":"Armature","frameRate":24,"name":"UpgradableIndicator","aabb":{"x":-26.5,"y":-74.1,"width":53,"height":73.62},"bone":[{"name":"root","transform":{"y":-8.3609}}],"slot":[{"name":"Arrow_1","parent":"root"},{"name":"Arrow_2","parent":"root"},{"name":"Arrow","parent":"root"}],"skin":[{"slot":[{"name":"Arrow","display":[{"name":"Arrow","transform":{"y":-41.24}},{"name":"Arrow_DependencyMetOnly","transform":{"y":-41.24}}]},{"name":"Arrow_2","display":[{"name":"Arrow_2","transform":{"y":3.88}},{"name":"Arrow_2_DependencyMetOnly","transform":{"y":3.88}}]},{"name":"Arrow_1","display":[{"name":"Arrow_1","transform":{"y":-8.52}},{"name":"Arrow_1_DependencyMetOnly","transform":{"y":-8.52}}]}]}],"animation":[{"duration":42,"playTimes":0,"name":"UpgradeAvailable","bone":[{"name":"root","translateFrame":[{"duration":10,"tweenEasing":0},{"duration":10,"tweenEasing":0,"y":-3.17},{"duration":10,"tweenEasing":0,"y":-6.36},{"duration":2,"tweenEasing":0,"y":-7.78},{"duration":10,"tweenEasing":0,"y":-7.78},{"duration":0}]}],"slot":[{"name":"Arrow_1","displayFrame":[{"duration":20},{"duration":22,"value":-1},{"duration":0}]},{"name":"Arrow_2","displayFrame":[{"duration":10},{"duration":32,"value":-1},{"duration":0}]},{"name":"Arrow","displayFrame":[{"duration":30},{"duration":12,"value":-1},{"duration":0}]}]},{"duration":42,"playTimes":0,"name":"DependencyMetOnly","bone":[{"name":"root","translateFrame":[{"duration":10,"tweenEasing":0},{"duration":10,"tweenEasing":0,"y":-3.17},{"duration":10,"tweenEasing":0,"y":-6.36},{"duration":2,"tweenEasing":0,"y":-7.78},{"duration":10,"tweenEasing":0,"y":-7.78},{"duration":0}]}],"slot":[{"name":"Arrow_1","displayFrame":[{"duration":20,"value":1},{"duration":22,"value":-1},{"duration":0,"value":1}]},{"name":"Arrow_2","displayFrame":[{"duration":10,"value":1},{"duration":32,"value":-1},{"duration":0,"value":1}]},{"name":"Arrow","displayFrame":[{"duration":30,"value":1},{"duration":12,"value":-1},{"duration":0,"value":1}]}]}],"defaultActions":[{"gotoAndPlay":"UpgradeAvailable"}]}]}