{"SubTexture":[{"x":1,"y":1,"width":236,"name":"1_1","height":203},{"x":239,"y":1,"width":131,"name":"1_2","height":180},{"x":1,"y":358,"width":116,"name":"1_3","height":137},{"x":239,"y":183,"width":155,"name":"1_4","height":149},{"x":303,"y":334,"width":88,"name":"2","height":93},{"x":372,"y":1,"width":105,"name":"3","height":122},{"x":457,"y":125,"width":39,"name":"4","height":76},{"x":152,"y":206,"width":75,"name":"Logo","height":102},{"x":416,"y":125,"width":33,"name":"Food","height":41},{"frameY":0,"y":125,"frameWidth":42,"height":51,"frameHeight":51,"width":42,"name":"Tomato","frameX":0,"x":372},{"x":152,"y":334,"width":149,"name":"1_5","height":110},{"frameY":0,"y":1,"frameWidth":33,"height":46,"frameHeight":46,"width":32,"name":"Logo_1","frameX":0,"x":479},{"frameY":-2,"y":206,"frameWidth":152,"height":150,"frameHeight":154,"width":149,"name":"Led_1","frameX":-2,"x":1},{"frameY":-1,"y":334,"frameWidth":64,"height":117,"frameHeight":119,"width":62,"name":"Led_2","frameX":-1,"x":393},{"frameY":-1,"y":429,"frameWidth":60,"height":58,"frameHeight":60,"width":58,"name":"Led_4","frameX":-1,"x":303}],"width":512,"name":"Level_2","imagePath":"Level_2_tex.png","height":512}