{"frameRate":24,"name":"Level_2","version":"5.5","compatibleVersion":"5.5","armature":[{"type":"Armature","frameRate":24,"name":"Level_2","aabb":{"x":-232.91,"y":-159.53,"width":406.17,"height":339.97},"bone":[{"name":"root","transform":{"y":-20.929049999999997}},{"length":66.89999999999999,"name":"4","parent":"root","transform":{"x":-61.206,"y":200.907,"skX":-96.6597,"skY":-96.6597}}],"slot":[{"name":"1_1","parent":"root"},{"name":"1_2","parent":"root"},{"name":"1_3","parent":"root"},{"name":"1_4","parent":"root"},{"name":"2","parent":"root"},{"name":"3","parent":"root"},{"name":"4","parent":"4"},{"name":"Logo","parent":"root"},{"name":"Food","parent":"4"},{"name":"Tomato","parent":"root"},{"name":"1_5","parent":"root"},{"name":"Logo_1","parent":"root"},{"name":"Led_1","parent":"root"},{"name":"Led_2","parent":"root"},{"name":"Logo_11","parent":"root"},{"name":"Led_4","parent":"4"}],"skin":[{"slot":[{"name":"Logo_11","display":[{"name":"Logo_1","transform":{"x":55.53,"y":-38.38}}]},{"name":"1_2","display":[{"name":"1_2","transform":{"x":-122.25,"y":29.4}}]},{"name":"3","display":[{"name":"3","transform":{"x":120.77,"y":17.19,"scX":0.9,"scY":0.9}}]},{"name":"2","display":[{"name":"2","transform":{"x":-189.11,"y":60.06,"scX":0.9,"scY":0.9}}]},{"name":"1_3","display":[{"name":"1_3","transform":{"x":-18.15,"y":50.85}}]},{"name":"Logo","display":[{"name":"Logo","transform":{"y":-1.65}}]},{"name":"1_1","display":[{"name":"1_1","transform":{"x":-51.15,"y":-36.9}}]},{"name":"Led_4","display":[{"name":"Led_4","transform":{"x":66.75,"y":-0.52,"skX":96.66,"skY":96.66}}]},{"name":"Tomato","display":[{"name":"Tomato","transform":{"x":2.4,"y":-45.45}}]},{"name":"Food","display":[{"name":"Food","transform":{"x":43.15,"y":14.49,"skX":96.66,"skY":96.66}}]},{"name":"4","display":[{"name":"4","transform":{"x":36.79,"y":8.16,"skX":96.66,"skY":96.66}}]},{"name":"Led_1","display":[{"name":"Led_1","transform":{"x":-136.5,"y":-4.05}}]},{"name":"Logo_1","display":[{"name":"Logo_1","transform":{"x":-50.55,"y":18.3}}]},{"name":"Led_2","display":[{"name":"Led_2","transform":{"x":99.26,"y":13.94,"scX":0.9,"scY":0.9}}]},{"name":"1_5","display":[{"name":"1_5","transform":{"x":0.75,"y":33.6}}]},{"name":"1_4","display":[{"name":"1_4","transform":{"x":-7.65,"y":-12}}]}]}],"animation":[{"duration":30,"playTimes":0,"name":"Idle","bone":[{"name":"4","rotateFrame":[{"duration":8,"tweenEasing":0},{"duration":4,"tweenEasing":0,"rotate":-8.9},{"duration":8,"tweenEasing":0},{"duration":4,"tweenEasing":0,"rotate":10.48},{"duration":6}]}],"slot":[{"name":"Logo","displayFrame":[{"duration":5},{"duration":5,"value":-1},{"duration":15},{"duration":5,"value":-1},{"duration":0}]},{"name":"Tomato","displayFrame":[{"duration":5},{"duration":5,"value":-1},{"duration":15},{"duration":5,"value":-1},{"duration":0}]},{"name":"Logo_1","displayFrame":[{"duration":5},{"duration":5,"value":-1},{"duration":20}]},{"name":"Led_1","displayFrame":[{"duration":10},{"duration":10,"value":-1},{"duration":10}]},{"name":"Led_2","displayFrame":[{"duration":20},{"duration":10,"value":-1},{"duration":0}]},{"name":"Logo_11","displayFrame":[{"duration":5},{"duration":5,"value":-1},{"duration":20}]},{"name":"Led_4","displayFrame":[{"duration":20},{"duration":10,"value":-1},{"duration":0}]}]}],"defaultActions":[{"gotoAndPlay":"Idle"}]}]}