{"SubTexture":[{"x":1,"y":1,"width":236,"name":"1_1","height":203},{"x":239,"y":201,"width":131,"name":"1_2","height":180},{"x":372,"y":357,"width":116,"name":"1_3","height":137},{"x":1,"y":206,"width":155,"name":"1_4","height":149},{"x":259,"y":495,"width":88,"name":"2","height":93},{"x":152,"y":495,"width":105,"name":"3","height":122},{"x":426,"y":120,"width":39,"name":"4","height":76},{"x":239,"y":1,"width":185,"name":"5_2","height":198},{"x":1,"y":509,"width":113,"name":"5_1","height":102},{"x":158,"y":206,"width":75,"name":"Logo","height":102},{"x":337,"y":383,"width":33,"name":"Food","height":41},{"frameY":0,"y":120,"frameWidth":42,"height":51,"frameHeight":51,"width":42,"name":"Tomato","frameX":0,"x":467},{"x":152,"y":383,"width":149,"name":"1_5","height":110},{"frameY":0,"y":383,"frameWidth":33,"height":46,"frameHeight":46,"width":32,"name":"Logo_1","frameX":0,"x":303},{"frameY":-2,"y":357,"frameWidth":152,"height":150,"frameHeight":154,"width":149,"name":"Led_1","frameX":-2,"x":1},{"frameY":-2,"y":201,"frameWidth":112,"height":154,"frameHeight":158,"width":108,"name":"Led_3","frameX":-2,"x":372},{"frameY":-1,"y":1,"frameWidth":64,"height":117,"frameHeight":119,"width":62,"name":"Led_2","frameX":-1,"x":426},{"frameY":-1,"y":310,"frameWidth":60,"height":58,"frameHeight":60,"width":58,"name":"Led_4","frameX":-1,"x":158}],"width":512,"name":"Level_3","imagePath":"Level_3_tex.png","height":1024}