[{"__type__":"cc.Prefab","_name":"GameHoodle","data":{"__id__":1}},{"__type__":"cc.Node","_name":"GameHoodle","_children":[{"__id__":2},{"__id__":3},{"__id__":10},{"__id__":11}],"_level":1,"_components":[{"__type__":"cc.Widget","node":{"__id__":1},"_left":540,"_right":540,"_top":960,"_bottom":960}],"_prefab":{"__type__":"cc.PrefabInfo","root":{"__id__":1},"asset":{"__uuid__":"7bHEhySYhDM5XnRHO3VSki"},"fileId":"919izvyfhNpbCSIsuGnioC"},"_contentSize":{"__type__":"cc.Size","width":1080,"height":1920}},{"__type__":"cc.Node","_name":"KW_IMG_BG","_parent":{"__id__":1},"_level":3,"_components":[{"__type__":"cc.Sprite","node":{"__id__":2},"_materials":[{"__uuid__":"ecpdLyjvZBwrvm+cedCcQy"}],"_spriteFrame":{"__uuid__":"83BgBgtptHc5XRzX+ymFUm"},"_sizeMode":0},{"__type__":"cc.Widget","node":{"__id__":2},"_alignFlags":45,"_originalWidth":1280,"_originalHeight":720}],"_prefab":{"__type__":"cc.PrefabInfo","root":{"__id__":1},"asset":{"__uuid__":"7bHEhySYhDM5XnRHO3VSki"},"fileId":"73CTllynBAILrEuRfo1PPy"},"_opacity":150,"_color":{"__type__":"cc.Color","g":243,"b":243},"_contentSize":{"__type__":"cc.Size","width":1080,"height":1920}},{"__type__":"cc.Node","_name":"KW_GAME_TABLE","_parent":{"__id__":1},"_children":[{"__id__":4},{"__id__":5},{"__id__":6},{"__id__":7},{"__id__":8},{"__id__":9}],"_level":2,"_components":[{"__type__":"cc.Widget","node":{"__id__":3},"_alignFlags":45,"_originalWidth":1080,"_originalHeight":1920}],"_prefab":{"__type__":"cc.PrefabInfo","root":{"__id__":1},"asset":{"__uuid__":"7bHEhySYhDM5XnRHO3VSki"},"fileId":"76FNiAfm9Ovq0du18/qwVW"},"_contentSize":{"__type__":"cc.Size","width":1080,"height":1920}},{"__type__":"cc.Node","_name":"KW_PHY_EDGE","_parent":{"__id__":3},"_level":3,"_components":[{"__type__":"cc.RigidBody","node":{"__id__":4},"_type":0},{"__type__":"cc.PhysicsBoxCollider","node":{"__id__":4},"_friction":0,"_offset":{"__type__":"cc.Vec2","x":-520},"_size":{"__type__":"cc.Size","width":40,"height":1920}},{"__type__":"cc.PhysicsBoxCollider","node":{"__id__":4},"_friction":0,"_offset":{"__type__":"cc.Vec2","x":520},"_size":{"__type__":"cc.Size","width":40,"height":1920}},{"__type__":"cc.PhysicsBoxCollider","node":{"__id__":4},"_friction":0,"_offset":{"__type__":"cc.Vec2","y":940},"_size":{"__type__":"cc.Size","width":1000,"height":40}},{"__type__":"cc.PhysicsBoxCollider","node":{"__id__":4},"_friction":0,"_offset":{"__type__":"cc.Vec2","y":-940},"_size":{"__type__":"cc.Size","width":1000,"height":40}},{"__type__":"cc.Widget","node":{"__id__":4},"_alignFlags":45},{"__type__":"cc.PhysicsBoxCollider","node":{"__id__":4},"_friction":0,"_size":{"__type__":"cc.Size","width":40,"height":800}}],"_prefab":{"__type__":"cc.PrefabInfo","root":{"__id__":1},"asset":{"__uuid__":"7bHEhySYhDM5XnRHO3VSki"},"fileId":"ce0/U3/EtJdY9s8cMi0NFA"},"_contentSize":{"__type__":"cc.Size","width":1080,"height":1920},"groupIndex":1},{"__type__":"cc.Node","_name":"KW_IMG_EDGE_LEFT","_parent":{"__id__":3},"_level":3,"_components":[{"__type__":"cc.Sprite","node":{"__id__":5},"_materials":[{"__uuid__":"ecpdLyjvZBwrvm+cedCcQy"}],"_spriteFrame":{"__uuid__":"14BNiwRFFFqrSzrIDV5GUF"},"_type":1,"_sizeMode":0}],"_prefab":{"__type__":"cc.PrefabInfo","root":{"__id__":1},"asset":{"__uuid__":"7bHEhySYhDM5XnRHO3VSki"},"fileId":"06har3DTNLE53gS4eD6ioz"},"_contentSize":{"__type__":"cc.Size","width":40,"height":1920},"_position":{"__type__":"cc.Vec3","x":-517.881}},{"__type__":"cc.Node","_name":"KW_IMG_EDGE_RIGHT","_parent":{"__id__":3},"_level":3,"_components":[{"__type__":"cc.Sprite","node":{"__id__":6},"_materials":[{"__uuid__":"ecpdLyjvZBwrvm+cedCcQy"}],"_spriteFrame":{"__uuid__":"14BNiwRFFFqrSzrIDV5GUF"},"_type":1,"_sizeMode":0}],"_prefab":{"__type__":"cc.PrefabInfo","root":{"__id__":1},"asset":{"__uuid__":"7bHEhySYhDM5XnRHO3VSki"},"fileId":"42ZUdD8+FNPJtGhQf0RGIz"},"_contentSize":{"__type__":"cc.Size","width":40,"height":1920},"_position":{"__type__":"cc.Vec3","x":513.812}},{"__type__":"cc.Node","_name":"KW_IMG_EDGE_TOP","_parent":{"__id__":3},"_level":3,"_components":[{"__type__":"cc.Sprite","node":{"__id__":7},"_materials":[{"__uuid__":"ecpdLyjvZBwrvm+cedCcQy"}],"_spriteFrame":{"__uuid__":"14BNiwRFFFqrSzrIDV5GUF"},"_type":1,"_sizeMode":0}],"_prefab":{"__type__":"cc.PrefabInfo","root":{"__id__":1},"asset":{"__uuid__":"7bHEhySYhDM5XnRHO3VSki"},"fileId":"10zLZL5+lK7occKS2lWlTt"},"_contentSize":{"__type__":"cc.Size","width":1000,"height":40},"_position":{"__type__":"cc.Vec3","y":936.841}},{"__type__":"cc.Node","_name":"KW_IMG_EDGE_BOTTOM","_parent":{"__id__":3},"_level":3,"_components":[{"__type__":"cc.Sprite","node":{"__id__":8},"_materials":[{"__uuid__":"ecpdLyjvZBwrvm+cedCcQy"}],"_spriteFrame":{"__uuid__":"14BNiwRFFFqrSzrIDV5GUF"},"_type":1,"_sizeMode":0}],"_prefab":{"__type__":"cc.PrefabInfo","root":{"__id__":1},"asset":{"__uuid__":"7bHEhySYhDM5XnRHO3VSki"},"fileId":"28QoFx8J5Pma7e7DEGawZz"},"_contentSize":{"__type__":"cc.Size","width":1000,"height":40},"_position":{"__type__":"cc.Vec3","y":-938.496}},{"__type__":"cc.Node","_name":"KW_IMG_EDGE_MIDDLE","_parent":{"__id__":3},"_level":3,"_components":[{"__type__":"cc.Sprite","node":{"__id__":9},"_materials":[{"__uuid__":"ecpdLyjvZBwrvm+cedCcQy"}],"_spriteFrame":{"__uuid__":"14BNiwRFFFqrSzrIDV5GUF"},"_type":1,"_sizeMode":0}],"_prefab":{"__type__":"cc.PrefabInfo","root":{"__id__":1},"asset":{"__uuid__":"7bHEhySYhDM5XnRHO3VSki"},"fileId":"c9bXKy7s5HYrwMGMgfC/e2"},"_contentSize":{"__type__":"cc.Size","width":40,"height":800}},{"__type__":"cc.Node","_name":"GRAPHICS","_parent":{"__id__":1},"_level":2,"_components":[{"__type__":"cc.Graphics","node":{"__id__":10},"_materials":[{"__uuid__":"6fgBCSDDdPMInvyNlggls2"}],"_lineWidth":5,"_strokeColor":{"__type__":"cc.Color","r":255,"g":242,"b":242},"_lineJoin":1,"_lineCap":1},{"__type__":"cc.Widget","node":{"__id__":10},"_alignFlags":45,"_originalWidth":1080,"_originalHeight":1920}],"_prefab":{"__type__":"cc.PrefabInfo","root":{"__id__":1},"asset":{"__uuid__":"7bHEhySYhDM5XnRHO3VSki"},"fileId":"4dkh/wVj9PiJadMenuv2Tj"},"_contentSize":{"__type__":"cc.Size","width":1080,"height":1920}},{"__type__":"cc.Node","_name":"KW_POWER_PROGRESS","_parent":{"__id__":1},"_children":[{"__id__":12},{"__id__":14}],"_level":2,"_components":[{"__type__":"cc.Sprite","node":{"__id__":11},"_materials":[{"__uuid__":"ecpdLyjvZBwrvm+cedCcQy"}],"_spriteFrame":{"__uuid__":"8855/VlrRKd6H0MSRnFxAU"},"_type":1,"_sizeMode":0},{"__type__":"cc.ProgressBar","node":{"__id__":11},"_N$totalLength":300,"_N$barSprite":{"__id__":13},"_N$mode":1,"_N$progress":0},{"__type__":"cc.Widget","node":{"__id__":11},"_alignFlags":33,"_right":81.58699999999999,"_top":60.301000000000045}],"_prefab":{"__type__":"cc.PrefabInfo","root":{"__id__":1},"asset":{"__uuid__":"7bHEhySYhDM5XnRHO3VSki"},"fileId":"85MutEGrxFnY6pAq5EsHSZ"},"_contentSize":{"__type__":"cc.Size","width":60,"height":300},"_anchorPoint":{"__type__":"cc.Vec2","x":0.5},"_position":{"__type__":"cc.Vec3","x":428.413,"y":599.699}},{"__type__":"cc.Node","_name":"bar","_parent":{"__id__":11},"_components":[{"__id__":13}],"_prefab":{"__type__":"cc.PrefabInfo","root":{"__id__":1},"asset":{"__uuid__":"7bHEhySYhDM5XnRHO3VSki"},"fileId":"c4v/vKJHtIk57TQq7I88kQ"},"_contentSize":{"__type__":"cc.Size","width":60},"_anchorPoint":{"__type__":"cc.Vec2","x":0.5}},{"__type__":"cc.Sprite","node":{"__id__":12},"_materials":[{"__uuid__":"ecpdLyjvZBwrvm+cedCcQy"}],"_spriteFrame":{"__uuid__":"675ovJ2tVK2aLYfgPUWOMv"},"_type":1,"_sizeMode":0},{"__type__":"cc.Node","_name":"KW_TEXT_PERCENT","_parent":{"__id__":11},"_level":3,"_components":[{"__type__":"cc.Label","node":{"__id__":14},"_materials":[{"__uuid__":"ecpdLyjvZBwrvm+cedCcQy"}],"_useOriginalSize":false,"_string":"100%","_N$string":"100%","_N$horizontalAlign":1,"_N$verticalAlign":1}],"_prefab":{"__type__":"cc.PrefabInfo","root":{"__id__":1},"asset":{"__uuid__":"7bHEhySYhDM5XnRHO3VSki"},"fileId":"d9aYJT1SVPaZ4CbpnLQChC"},"_contentSize":{"__type__":"cc.Size","width":102.3,"height":50.4},"_position":{"__type__":"cc.Vec3","y":-26.56}}]