{"width":1025,"SubTexture":[{"y":1,"frameX":0,"frameHeight":188,"frameY":0,"width":268,"frameWidth":269,"height":188,"name":"Level_1_10","x":742},{"y":885,"frameX":0,"frameHeight":102,"frameY":0,"width":122,"frameWidth":122,"height":101,"name":"Level_1_102","x":885},{"width":39,"y":1143,"height":24,"name":"Level_1_9","x":980},{"width":29,"y":1257,"height":21,"name":"Level_1_8","x":822},{"width":77,"y":1194,"height":80,"name":"Level_1_7","x":946},{"width":153,"y":1043,"height":128,"name":"Level_1_5","x":156},{"width":235,"y":895,"height":146,"name":"Level_1_41","x":238},{"y":1043,"frameX":0,"frameHeight":119,"frameY":-1,"width":151,"frameWidth":151,"height":118,"name":"Level_1_Headquarter","x":311},{"y":724,"frameX":-1,"frameHeight":166,"frameY":-1,"width":238,"frameWidth":240,"height":164,"name":"Level_1_Led_2","x":492},{"y":381,"frameX":-2,"frameHeight":172,"frameY":-2,"width":252,"frameWidth":255,"height":169,"name":"Level_1_Led_1","x":522},{"width":265,"y":191,"height":188,"name":"Level_2_10","x":720},{"y":1091,"frameX":0,"frameHeight":102,"frameY":0,"width":122,"frameWidth":122,"height":101,"name":"Level_2_102","x":856},{"width":39,"y":1384,"height":24,"name":"Level_2_9","x":977},{"width":29,"y":1333,"height":21,"name":"Level_2_8","x":901},{"width":77,"y":1276,"height":80,"name":"Level_2_7","x":946},{"width":153,"y":1026,"height":128,"name":"Level_2_5","x":1},{"width":235,"y":381,"height":170,"name":"Level_2_41","x":776},{"y":1173,"frameX":0,"frameHeight":119,"frameY":-1,"width":151,"frameWidth":151,"height":118,"name":"Level_2_Headquarter","x":156},{"y":1056,"frameX":-1,"frameHeight":166,"frameY":-1,"width":238,"frameWidth":240,"height":164,"name":"Level_2_Led_2","x":492},{"y":382,"frameX":-2,"frameHeight":172,"frameY":-2,"width":252,"frameWidth":255,"height":169,"name":"Level_2_Led_1","x":1},{"width":265,"y":191,"height":188,"name":"Level_3_10","x":453},{"y":988,"frameX":0,"frameHeight":102,"frameY":0,"width":122,"frameWidth":122,"height":101,"name":"Level_3_102","x":885},{"width":39,"y":1358,"height":24,"name":"Level_3_9","x":977},{"width":29,"y":1211,"height":21,"name":"Level_3_8","x":822},{"width":77,"y":1283,"height":80,"name":"Level_3_7","x":822},{"width":153,"y":896,"height":128,"name":"Level_3_5","x":1},{"width":235,"y":723,"height":170,"name":"Level_3_41","x":255},{"y":1286,"frameX":0,"frameHeight":119,"frameY":-1,"width":151,"frameWidth":151,"height":118,"name":"Level_3_Headquarter","x":1},{"y":890,"frameX":-1,"frameHeight":166,"frameY":-1,"width":238,"frameWidth":240,"height":164,"name":"Level_3_Led_2","x":492},{"y":552,"frameX":-2,"frameHeight":172,"frameY":-2,"width":252,"frameWidth":255,"height":169,"name":"Level_3_Led_1","x":255},{"y":192,"frameX":-22,"frameHeight":188,"frameY":0,"width":265,"frameWidth":287,"height":188,"name":"Level_4_10","x":1},{"y":1108,"frameX":0,"frameHeight":102,"frameY":0,"width":122,"frameWidth":122,"height":101,"name":"Level_4_102","x":732},{"width":39,"y":1117,"height":24,"name":"Level_4_9","x":980},{"width":29,"y":1234,"height":21,"name":"Level_4_8","x":822},{"width":77,"y":896,"height":80,"name":"Level_4_7","x":156},{"width":153,"y":1156,"height":128,"name":"Level_4_5","x":1},{"width":235,"y":552,"height":170,"name":"Level_4_41","x":509},{"width":88,"y":1194,"height":87,"name":"Level_4_1","x":856},{"width":74,"y":978,"height":57,"name":"Level_4_6","x":156},{"y":885,"frameX":0,"frameHeight":119,"frameY":-1,"width":151,"frameWidth":151,"height":118,"name":"Level_4_Headquarter","x":732},{"y":553,"frameX":-1,"frameHeight":166,"frameY":-1,"width":238,"frameWidth":240,"height":164,"name":"Level_4_Led_2","x":746},{"y":381,"frameX":-2,"frameHeight":172,"frameY":-2,"width":252,"frameWidth":255,"height":169,"name":"Level_4_Led_1","x":268},{"y":322,"frameX":0,"frameHeight":58,"frameY":0,"width":36,"frameWidth":37,"height":57,"name":"Level_5_11","x":413},{"width":287,"y":1,"height":188,"name":"Level_5_10","x":453},{"y":1005,"frameX":0,"frameHeight":102,"frameY":0,"width":122,"frameWidth":122,"height":101,"name":"Level_5_102","x":732},{"width":39,"y":1091,"height":24,"name":"Level_5_9","x":980},{"width":29,"y":1169,"height":21,"name":"Level_5_8","x":980},{"width":77,"y":1365,"height":80,"name":"Level_5_7","x":822},{"width":153,"y":192,"height":128,"name":"Level_5_5","x":268},{"width":235,"y":724,"height":170,"name":"Level_5_41","x":1},{"width":34,"y":1283,"height":48,"name":"Level_5_3","x":901},{"width":143,"y":322,"height":57,"name":"Level_5_2","x":268},{"width":88,"y":1211,"height":87,"name":"Level_5_1","x":732},{"width":74,"y":1358,"height":57,"name":"Level_5_6","x":901},{"y":1163,"frameX":0,"frameHeight":119,"frameY":-1,"width":151,"frameWidth":151,"height":118,"name":"Level_5_Headquarter","x":311},{"y":719,"frameX":-1,"frameHeight":166,"frameY":-1,"width":238,"frameWidth":240,"height":164,"name":"Level_5_Led_2","x":746},{"y":553,"frameX":-2,"frameHeight":172,"frameY":-2,"width":252,"frameWidth":255,"height":169,"name":"Level_5_Led_1","x":1},{"width":450,"y":1,"height":189,"name":"BuildableUpgrading/Dirt_Site","x":1},{"width":56,"y":1417,"height":75,"name":"BuildableUpgrading/铲","x":901},{"width":1,"y":1280,"height":1,"name":"BuildableUpgrading/倒","x":822}],"height":1494,"name":"Fortress","imagePath":"Fortress_tex.png"}