{"width":1024,"SubTexture":[{"width":450,"y":841,"height":189,"name":"BuildableUpgrading/Dirt_Site","x":1},{"width":56,"y":1035,"height":75,"name":"BuildableUpgrading/铲","x":956},{"width":89,"y":1146,"height":80,"name":"BuildableUpgrading/倒","x":765},{"width":252,"y":421,"height":395,"name":"Level_1_Body","x":511},{"frameX":-1,"frameHeight":45,"y":1079,"frameY":0,"frameWidth":46,"width":45,"height":45,"name":"Level_1_Shine","x":198},{"width":253,"y":405,"height":396,"name":"Level_2_Body","x":767},{"frameX":-1,"frameHeight":45,"y":975,"frameY":-1,"frameWidth":46,"width":44,"height":43,"name":"Level_2_Shine","x":453},{"width":252,"y":818,"height":395,"name":"Level_3_Body","x":511},{"frameX":-1,"frameHeight":45,"y":1078,"frameY":-1,"frameWidth":46,"width":44,"height":43,"name":"Level_3_Shine","x":452},{"width":253,"y":1,"height":402,"name":"Level_4_Body","x":767},{"frameX":-1,"frameHeight":45,"y":885,"frameY":-1,"frameWidth":46,"width":45,"height":43,"name":"Level_4_Shine","x":453},{"width":252,"y":423,"height":416,"name":"Level_5_Body","x":1},{"frameX":0,"frameHeight":45,"y":839,"frameY":0,"frameWidth":46,"width":46,"height":44,"name":"Level_5_Shine","x":453},{"width":195,"y":919,"height":114,"name":"Level_5_Light","x":765},{"width":253,"y":1,"height":420,"name":"Level_6_Body","x":1},{"frameX":0,"frameHeight":45,"y":1032,"frameY":0,"frameWidth":46,"width":46,"height":44,"name":"Level_6_Shine","x":452},{"width":195,"y":1032,"height":114,"name":"Level_6_Light","x":1},{"width":253,"y":420,"height":417,"name":"Level_7_Body","x":256},{"width":46,"y":1032,"height":45,"name":"Level_7_Shine","x":198},{"width":195,"y":803,"height":114,"name":"Level_7_Light","x":765},{"width":60,"y":803,"height":69,"name":"Level_7_Shine_2","x":962},{"width":78,"y":1146,"height":78,"name":"Level_7_Shine_1","x":936},{"width":254,"y":1,"height":417,"name":"Level_8_Body","x":256},{"frameX":0,"frameHeight":45,"y":1126,"frameY":-1,"frameWidth":46,"width":46,"height":44,"name":"Level_8_Shine","x":198},{"width":195,"y":1032,"height":114,"name":"Level_8_Light","x":255},{"frameX":0,"frameHeight":69,"y":874,"frameY":0,"frameWidth":60,"width":60,"height":68,"name":"Level_8_Shine_2","x":962},{"width":78,"y":1146,"height":78,"name":"Level_8_Shine_1","x":856},{"width":253,"y":1,"height":418,"name":"Level_9_Body","x":512},{"frameX":-1,"frameHeight":45,"y":930,"frameY":-1,"frameWidth":46,"width":44,"height":43,"name":"Level_9_Shine","x":453},{"frameX":-1,"frameHeight":110,"y":1035,"frameY":-1,"frameWidth":191,"width":189,"height":109,"name":"Level_9_Light","x":765},{"frameX":-1,"frameHeight":69,"y":944,"frameY":0,"frameWidth":60,"width":58,"height":68,"name":"Level_9_Shine_2","x":962},{"frameX":-1,"frameHeight":78,"y":1226,"frameY":0,"frameWidth":78,"width":75,"height":78,"name":"Level_9_Shine_1","x":856}],"height":1306,"name":"StoneTower","imagePath":"StoneTower_tex.png"}