{"frameRate":24,"name":"StoneTower","version":"5.5","compatibleVersion":"5.5","armature":[{"type":"Armature","frameRate":24,"name":"Level_0","aabb":{"x":-225,"y":-94.5,"width":450,"height":189},"bone":[{"name":"root"}],"slot":[{"name":"Dirt_Site","parent":"root"},{"name":"铲","parent":"root"}],"skin":[{"slot":[{"name":"铲","display":[{"name":"BuildableUpgrading/铲","transform":{"x":35.28,"y":-9}},{"name":"BuildableUpgrading/倒","transform":{"x":44.82,"y":-11.16}}]},{"name":"Dirt_Site","display":[{"name":"BuildableUpgrading/Dirt_Site"}]}]}],"animation":[{"duration":18,"playTimes":0,"name":"Idle","slot":[{"name":"铲","displayFrame":[{"duration":9},{"duration":9,"value":1},{"duration":0}]}]}],"defaultActions":[{"gotoAndPlay":"Idle"}]},{"type":"Armature","frameRate":24,"name":"Level_1","aabb":{"x":-122.74,"y":-403.32,"width":252,"height":395},"bone":[{"name":"root","transform":{"y":-116.2992}},{"name":"Shine","parent":"root","transform":{"x":14.6278,"y":-0.9135}},{"name":"Shine1","parent":"root","transform":{"x":-46.6256,"y":-230.2806}},{"name":"Shine2","parent":"root","transform":{"x":15.5902,"y":-114.1097}}],"slot":[{"name":"Body","parent":"root"},{"name":"Shine","parent":"Shine"},{"name":"Shine1","parent":"Shine1"},{"name":"Shine2","parent":"Shine2"}],"skin":[{"slot":[{"name":"Shine","display":[{"name":"Shine","transform":{"x":-0.66,"y":-0.12},"path":"Level_1_Shine"}]},{"name":"Shine1","display":[{"name":"Shine","transform":{"x":-0.46,"y":0.07,"scX":0.6,"scY":0.6},"path":"Level_1_Shine"}]},{"name":"Shine2","display":[{"name":"Shine","transform":{"x":0.01,"y":-0.4,"scX":0.8,"scY":0.8},"path":"Level_1_Shine"}]},{"name":"Body","display":[{"name":"1","transform":{"x":3.26,"y":-89.52},"path":"Level_1_Body"}]}]}],"animation":[{"duration":36,"playTimes":0,"name":"Idle","bone":[{"name":"Shine","scaleFrame":[{"duration":6},{"duration":6,"tweenEasing":0,"x":1.2,"y":1.2},{"duration":6,"tweenEasing":0},{"duration":6,"tweenEasing":0,"x":0.9,"y":0.9},{"duration":6,"tweenEasing":0,"x":0.8,"y":0.8},{"duration":6,"tweenEasing":0,"x":0.9,"y":0.9},{"duration":0}]},{"name":"Shine1","scaleFrame":[{"duration":6},{"duration":6,"tweenEasing":0,"x":1.1,"y":1.1},{"duration":6,"tweenEasing":0,"x":0.9,"y":0.9},{"duration":6,"tweenEasing":0,"x":0.8,"y":0.8},{"duration":6,"tweenEasing":0,"x":0.6,"y":0.6},{"duration":6,"tweenEasing":0,"x":0.8,"y":0.8},{"duration":0}]},{"name":"Shine2","scaleFrame":[{"duration":6},{"duration":6,"tweenEasing":0,"x":0.7,"y":0.7},{"duration":6,"tweenEasing":0,"x":0.5,"y":0.5},{"duration":6,"tweenEasing":0,"x":0.4,"y":0.4},{"duration":6,"tweenEasing":0,"x":0.6,"y":0.6},{"duration":6,"tweenEasing":0,"x":0.8,"y":0.8},{"duration":0}]}]}],"defaultActions":[{"gotoAndPlay":"Idle"}]},{"type":"Armature","frameRate":24,"name":"Level_2","aabb":{"x":-123.24,"y":-403.82,"width":253,"height":396},"bone":[{"name":"root","transform":{"y":-116.2992}},{"name":"Shine3","parent":"root","transform":{"x":15.6918,"y":36.9632}},{"name":"Shine11","parent":"root","transform":{"x":-55.0019,"y":-206.1545}},{"name":"Shine21","parent":"root","transform":{"x":-13.6514,"y":-103.1618}}],"slot":[{"name":"Body","parent":"root"},{"name":"Shine3","parent":"Shine3"},{"name":"Shine11","parent":"Shine11"},{"name":"Shine21","parent":"Shine21"}],"skin":[{"slot":[{"name":"Shine3","display":[{"name":"Shine","transform":{"x":-0.66,"y":-0.12},"path":"Level_2_Shine"}]},{"name":"Shine11","display":[{"name":"Shine","transform":{"x":-0.46,"y":0.07,"scX":0.6,"scY":0.6},"path":"Level_2_Shine"}]},{"name":"Shine21","display":[{"name":"Shine","transform":{"x":0.01,"y":-0.4,"scX":0.8,"scY":0.8},"path":"Level_2_Shine"}]},{"name":"Body","display":[{"name":"1","transform":{"x":3.26,"y":-89.52},"path":"Level_2_Body"}]}]}],"animation":[{"duration":36,"playTimes":0,"name":"Idle","bone":[{"name":"Shine3","scaleFrame":[{"duration":6},{"duration":6,"tweenEasing":0,"x":1.2,"y":1.2},{"duration":6,"tweenEasing":0},{"duration":6,"tweenEasing":0,"x":0.9,"y":0.9},{"duration":6,"tweenEasing":0,"x":0.8,"y":0.8},{"duration":6,"tweenEasing":0,"x":0.9,"y":0.9},{"duration":0}]},{"name":"Shine11","scaleFrame":[{"duration":6},{"duration":6,"tweenEasing":0,"x":1.1,"y":1.1},{"duration":6,"tweenEasing":0,"x":0.9,"y":0.9},{"duration":6,"tweenEasing":0,"x":0.8,"y":0.8},{"duration":6,"tweenEasing":0,"x":0.6,"y":0.6},{"duration":6,"tweenEasing":0,"x":0.8,"y":0.8},{"duration":0}]},{"name":"Shine21","scaleFrame":[{"duration":6},{"duration":6,"tweenEasing":0,"x":0.7,"y":0.7},{"duration":6,"tweenEasing":0,"x":0.5,"y":0.5},{"duration":6,"tweenEasing":0,"x":0.4,"y":0.4},{"duration":6,"tweenEasing":0,"x":0.6,"y":0.6},{"duration":6,"tweenEasing":0,"x":0.8,"y":0.8},{"duration":0}]}]}],"defaultActions":[{"gotoAndPlay":"Idle"}]},{"type":"Armature","frameRate":24,"name":"Level_3","aabb":{"x":-122.74,"y":-403.32,"width":252,"height":395},"bone":[{"name":"root","transform":{"y":-116.2992}},{"name":"Shine2","parent":"root","transform":{"x":-11.8198,"y":-102.7039}},{"name":"Shine","parent":"root","transform":{"x":56.8859,"y":10.8474}},{"name":"Shine1","parent":"root","transform":{"x":-55.0019,"y":-206.1545}}],"slot":[{"name":"Body","parent":"root"},{"name":"Shine","parent":"Shine"},{"name":"Shine1","parent":"Shine1"},{"name":"Shine2","parent":"Shine2"}],"skin":[{"slot":[{"name":"Shine","display":[{"name":"Shine","transform":{"x":-0.66,"y":-0.12},"path":"Level_3_Shine"}]},{"name":"Shine1","display":[{"name":"Shine","transform":{"x":-0.46,"y":0.07,"scX":0.6,"scY":0.6},"path":"Level_3_Shine"}]},{"name":"Shine2","display":[{"name":"Shine","transform":{"x":0.01,"y":-0.4,"scX":0.8,"scY":0.8},"path":"Level_3_Shine"}]},{"name":"Body","display":[{"name":"1","transform":{"x":3.26,"y":-89.52},"path":"Level_3_Body"}]}]}],"animation":[{"duration":36,"playTimes":0,"name":"Idle","bone":[{"name":"Shine","scaleFrame":[{"duration":6},{"duration":6,"tweenEasing":0,"x":1.2,"y":1.2},{"duration":6,"tweenEasing":0},{"duration":6,"tweenEasing":0,"x":0.9,"y":0.9},{"duration":6,"tweenEasing":0,"x":0.8,"y":0.8},{"duration":6,"tweenEasing":0,"x":0.9,"y":0.9},{"duration":0}]},{"name":"Shine1","scaleFrame":[{"duration":6},{"duration":6,"tweenEasing":0,"x":1.1,"y":1.1},{"duration":6,"tweenEasing":0,"x":0.9,"y":0.9},{"duration":6,"tweenEasing":0,"x":0.8,"y":0.8},{"duration":6,"tweenEasing":0,"x":0.6,"y":0.6},{"duration":6,"tweenEasing":0,"x":0.8,"y":0.8},{"duration":0}]},{"name":"Shine2","scaleFrame":[{"duration":6},{"duration":6,"tweenEasing":0,"x":0.7,"y":0.7},{"duration":6,"tweenEasing":0,"x":0.5,"y":0.5},{"duration":6,"tweenEasing":0,"x":0.4,"y":0.4},{"duration":6,"tweenEasing":0,"x":0.6,"y":0.6},{"duration":6,"tweenEasing":0,"x":0.8,"y":0.8},{"duration":0}]}]}],"defaultActions":[{"gotoAndPlay":"Idle"}]},{"type":"Armature","frameRate":24,"name":"Level_4","aabb":{"x":-123.24,"y":-406.82,"width":253,"height":402},"bone":[{"name":"root","transform":{"y":-116.2992}},{"name":"Shine2","parent":"root","transform":{"x":-11.8198,"y":-102.7039}},{"name":"Shine","parent":"root","transform":{"x":53.0882,"y":9.4598}},{"name":"Shine1","parent":"root","transform":{"x":-55.0019,"y":-206.1545}}],"slot":[{"name":"Body","parent":"root"},{"name":"Shine","parent":"Shine"},{"name":"Shine1","parent":"Shine1"},{"name":"Shine2","parent":"Shine2"}],"skin":[{"slot":[{"name":"Shine","display":[{"name":"Shine","transform":{"x":-0.35,"y":-0.21,"scX":0.7,"scY":0.7},"path":"Level_4_Shine"}]},{"name":"Shine1","display":[{"name":"Shine","transform":{"x":-0.59,"y":-0.32,"scX":0.4,"scY":0.4},"path":"Level_4_Shine"}]},{"name":"Shine2","display":[{"name":"Shine","transform":{"x":0.01,"y":-0.4,"scX":0.5,"scY":0.5},"path":"Level_4_Shine"}]},{"name":"Body","display":[{"name":"1","transform":{"x":3.26,"y":-89.52},"path":"Level_4_Body"}]}]}],"animation":[{"duration":36,"playTimes":0,"name":"Idle","bone":[{"name":"Shine","translateFrame":[{"duration":36,"x":-3.61,"y":-3.16}],"scaleFrame":[{"duration":6},{"duration":6,"tweenEasing":0,"x":1.2,"y":1.2},{"duration":6,"tweenEasing":0,"x":0.9,"y":0.9},{"duration":6,"tweenEasing":0,"x":0.8,"y":0.8},{"duration":6,"tweenEasing":0,"x":0.9,"y":0.9},{"duration":6}]},{"name":"Shine1","translateFrame":[{"duration":36,"x":-3.05,"y":-9.57}],"scaleFrame":[{"duration":6},{"duration":6,"tweenEasing":0,"x":1.1,"y":1.1},{"duration":6,"tweenEasing":0,"x":0.9,"y":0.9},{"duration":6,"tweenEasing":0,"x":0.8,"y":0.8},{"duration":12}]},{"name":"Shine2","scaleFrame":[{"duration":4},{"duration":2,"tweenEasing":0,"x":0.8,"y":0.8},{"duration":6,"tweenEasing":0,"x":0.7,"y":0.7},{"duration":6,"tweenEasing":0,"x":0.5,"y":0.5},{"duration":6,"tweenEasing":0,"x":0.4,"y":0.4},{"duration":6,"tweenEasing":0,"x":0.6,"y":0.6},{"duration":6,"tweenEasing":0,"x":0.8,"y":0.8},{"duration":0}]}]}],"defaultActions":[{"gotoAndPlay":"Idle"}]},{"type":"Armature","frameRate":24,"name":"Level_5","aabb":{"x":-118.54,"y":-429.68,"width":252,"height":424.16},"bone":[{"name":"root","transform":{"x":4.2018,"y":-124.0018}},{"name":"Shine2","parent":"root","transform":{"x":-27.7149,"y":-87.3001}},{"name":"Shine","parent":"root","transform":{"x":62.1985,"y":3.9966}},{"name":"Shine1","parent":"root","transform":{"x":-27.4163,"y":-171.4453}},{"name":"Shine21","parent":"root","transform":{"x":-27.7149,"y":-87.3001}}],"slot":[{"name":"Body","parent":"root"},{"name":"Shine","parent":"Shine"},{"name":"Shine1","parent":"Shine1"},{"name":"Shine2","parent":"Shine2"},{"name":"Light","parent":"root"},{"name":"Shine21","parent":"Shine21"}],"skin":[{"slot":[{"name":"Shine","display":[{"name":"Shine","transform":{"x":-4.32,"y":7.59},"path":"Level_5_Shine"}]},{"name":"Shine1","display":[{"name":"Shine","transform":{"x":-0.59,"y":-0.32,"scX":0.5,"scY":0.5},"path":"Level_5_Shine"}]},{"name":"Shine2","display":[{"name":"Shine","transform":{"x":0.01,"y":-0.4,"scX":0.7,"scY":0.7},"path":"Level_5_Shine"}]},{"name":"Light","display":[{"name":"Light","transform":{"x":-3.17,"y":-248.68},"path":"Level_5_Light"}]},{"name":"Shine21","display":[{"name":"Shine","transform":{"x":0.01,"y":-0.4,"scX":0.7,"scY":0.7},"path":"Level_5_Shine"}]},{"name":"Body","display":[{"name":"1","transform":{"x":3.26,"y":-89.52},"path":"Level_5_Body"}]}]}],"animation":[{"duration":30,"playTimes":0,"name":"Idle","bone":[{"name":"Shine","translateFrame":[{"duration":30,"x":-3.61,"y":-3.16}],"scaleFrame":[{"duration":6},{"duration":6,"tweenEasing":0,"x":1.2,"y":1.2},{"duration":6,"tweenEasing":0,"x":0.9,"y":0.9},{"duration":6,"tweenEasing":0,"x":0.8,"y":0.8},{"duration":6}]},{"name":"Shine1","translateFrame":[{"duration":30,"x":-3.05,"y":-9.57}],"scaleFrame":[{"duration":6},{"duration":6,"tweenEasing":0,"x":1.1,"y":1.1},{"duration":6,"tweenEasing":0,"x":0.9,"y":0.9},{"duration":6,"tweenEasing":0,"x":0.8,"y":0.8},{"duration":6}]},{"name":"Shine2","scaleFrame":[{"duration":6},{"duration":6,"tweenEasing":0,"x":0.7,"y":0.7},{"duration":6,"tweenEasing":0,"x":0.5,"y":0.5},{"duration":6,"tweenEasing":0,"x":0.4,"y":0.4},{"duration":6,"x":0.6,"y":0.6}]},{"name":"Shine21","scaleFrame":[{"duration":6},{"duration":6,"tweenEasing":0,"x":0.7,"y":0.7},{"duration":6,"tweenEasing":0,"x":0.5,"y":0.5},{"duration":6,"tweenEasing":0,"x":0.4,"y":0.4},{"duration":6,"tweenEasing":0,"x":0.6,"y":0.6},{"duration":0}]}],"slot":[{"name":"Light","colorFrame":[{"duration":15,"tweenEasing":0},{"duration":15,"tweenEasing":0,"value":{"aM":33}},{"duration":0}]}]}],"defaultActions":[{"gotoAndPlay":"Idle"}]},{"type":"Armature","frameRate":24,"name":"Level_6","aabb":{"x":-119.04,"y":-432.56,"width":253,"height":426.16},"bone":[{"name":"root","transform":{"x":4.2018,"y":-126.8822}},{"name":"Shine2","parent":"root","transform":{"x":-27.7149,"y":-87.3001}},{"name":"Shine","parent":"root","transform":{"x":65.5368,"y":-95.2327,"scX":0.9463,"scY":0.9463}},{"name":"Shine1","parent":"root","transform":{"x":-27.4163,"y":-171.4453}},{"name":"Shine3","parent":"root","transform":{"x":-81.1518,"y":-45.3678}},{"name":"Shine4","parent":"root","transform":{"x":23.3982,"y":-8.6178}},{"name":"Shine21","parent":"root","transform":{"x":-27.7149,"y":-87.3001}}],"slot":[{"name":"Body","parent":"root"},{"name":"Shine","parent":"Shine"},{"name":"Shine1","parent":"Shine1"},{"name":"Shine2","parent":"Shine2"},{"name":"Light","parent":"root"},{"name":"Shine3","parent":"Shine3"},{"name":"Shine4","parent":"Shine4"},{"name":"Shine21","parent":"Shine21"}],"skin":[{"slot":[{"name":"Shine21","display":[{"name":"Shine","transform":{"x":0.01,"y":-0.4,"scX":0.7,"scY":0.7},"path":"Level_6_Shine"}]},{"name":"Light","display":[{"name":"Light","transform":{"x":-3.17,"y":-248.68},"path":"Level_6_Light"}]},{"name":"Shine","display":[{"name":"Shine","transform":{"x":-0.32,"y":0.01},"path":"Level_6_Shine"}]},{"name":"Shine4","display":[{"name":"Shine","transform":{"x":-0.91,"y":-0.1,"scX":1.1,"scY":1.1},"path":"Level_6_Shine"}]},{"name":"Shine2","display":[{"name":"Shine","transform":{"x":0.01,"y":-0.4,"scX":0.7,"scY":0.7},"path":"Level_6_Shine"}]},{"name":"Body","display":[{"name":"1","transform":{"x":3.26,"y":-89.52},"path":"Level_6_Body"}]},{"name":"Shine3","display":[{"name":"Shine","transform":{"x":2.76,"y":-2},"path":"Level_6_Shine"}]},{"name":"Shine1","display":[{"name":"Shine","transform":{"x":-0.59,"y":-0.32,"scX":0.5,"scY":0.5},"path":"Level_6_Shine"}]}]}],"animation":[{"duration":36,"playTimes":0,"name":"Idle","bone":[{"name":"Shine","translateFrame":[{"duration":36,"x":-3.61,"y":-3.16}],"scaleFrame":[{"duration":6,"tweenEasing":0,"x":0.95,"y":0.95},{"duration":6,"tweenEasing":0,"x":0.85,"y":0.85},{"duration":6,"tweenEasing":0,"x":0.74,"y":0.74},{"duration":6,"tweenEasing":0,"x":0.63,"y":0.63},{"duration":6,"tweenEasing":0,"x":0.74,"y":0.74},{"duration":6,"tweenEasing":0,"x":0.85,"y":0.85},{"duration":0,"x":0.95,"y":0.95}]},{"name":"Shine1","translateFrame":[{"duration":36,"x":-3.05,"y":-9.57}],"scaleFrame":[{"duration":6},{"duration":6,"tweenEasing":0,"x":1.1,"y":1.1},{"duration":6,"tweenEasing":0,"x":0.9,"y":0.9},{"duration":6,"tweenEasing":0,"x":0.8,"y":0.8},{"duration":12}]},{"name":"Shine2","scaleFrame":[{"duration":6},{"duration":6,"tweenEasing":0,"x":0.7,"y":0.7},{"duration":6,"tweenEasing":0,"x":0.5,"y":0.5},{"duration":6,"tweenEasing":0,"x":0.4,"y":0.4},{"duration":12,"x":0.6,"y":0.6}]},{"name":"Shine3","scaleFrame":[{"duration":2,"tweenEasing":0},{"duration":2,"tweenEasing":0,"x":0.8,"y":0.8},{"duration":2,"tweenEasing":0,"x":0.6,"y":0.6},{"duration":2,"tweenEasing":0,"x":0.4,"y":0.4},{"duration":2,"tweenEasing":0,"x":0.6,"y":0.6},{"duration":2,"tweenEasing":0,"x":0.8,"y":0.8},{"duration":24}]},{"name":"Shine4","scaleFrame":[{"duration":4,"tweenEasing":0,"x":1.2,"y":1.2},{"duration":4,"tweenEasing":0},{"duration":4,"tweenEasing":0,"x":0.8,"y":0.8},{"duration":4,"tweenEasing":0,"x":0.6,"y":0.6},{"duration":4,"tweenEasing":0,"x":0.8,"y":0.8},{"duration":4,"tweenEasing":0},{"duration":4,"tweenEasing":0,"x":1.1,"y":1.1},{"duration":8,"x":1.2,"y":1.2}]},{"name":"Shine21","scaleFrame":[{"duration":6},{"duration":6,"tweenEasing":0,"x":0.7,"y":0.7},{"duration":6,"tweenEasing":0,"x":0.5,"y":0.5},{"duration":6,"tweenEasing":0,"x":0.4,"y":0.4},{"duration":6,"tweenEasing":0,"x":0.6,"y":0.6},{"duration":6}]}],"slot":[{"name":"Light","colorFrame":[{"duration":15,"tweenEasing":0},{"duration":15,"tweenEasing":0,"value":{"aM":33}},{"duration":6}]}]}],"defaultActions":[{"gotoAndPlay":"Idle"}]},{"type":"Armature","frameRate":24,"name":"Level_7","aabb":{"x":-119.04,"y":-436.55,"width":253,"height":428.65},"bone":[{"name":"root","transform":{"x":4.2018,"y":-126.8822}},{"name":"Shine2","parent":"root","transform":{"x":-27.7149,"y":-87.3001}},{"name":"Shine","parent":"root","transform":{"x":64.4333,"y":-99.031,"scX":0.9463,"scY":0.9463}},{"name":"Shine1","parent":"root","transform":{"x":-27.4163,"y":-171.4453}},{"name":"Shine3","parent":"root","transform":{"x":-81.1518,"y":-45.3678}},{"name":"Shine4","parent":"root","transform":{"x":23.3982,"y":-8.6178}},{"name":"Shine_2","parent":"root","transform":{"x":19.6982,"y":-157.2678}},{"name":"Shine_1","parent":"root","transform":{"x":-15.5518,"y":-165.0678}},{"name":"Shine21","parent":"root","transform":{"x":-27.7149,"y":-87.3001}}],"slot":[{"name":"Body","parent":"root"},{"name":"Shine","parent":"Shine"},{"name":"Shine1","parent":"Shine1"},{"name":"Shine2","parent":"Shine2"},{"name":"Light","parent":"root"},{"name":"Shine3","parent":"Shine3"},{"name":"Shine4","parent":"Shine4"},{"name":"Shine_2","parent":"Shine_2"},{"name":"Shine_1","parent":"Shine_1"},{"name":"Shine21","parent":"Shine21"}],"skin":[{"slot":[{"name":"Shine_2","display":[{"name":"Shine_2","transform":{"x":-7.9,"y":-1.14},"path":"Level_7_Shine_2"}]},{"name":"Shine_1","display":[{"name":"Shine_1","transform":{"x":2.61,"y":-1.46},"path":"Level_7_Shine_1"}]},{"name":"Body","display":[{"name":"1","transform":{"x":3.26,"y":-89.52},"path":"Level_7_Body"}]},{"name":"Shine21","display":[{"name":"Shine","transform":{"x":0.01,"y":-0.4,"scX":0.7,"scY":0.7},"path":"Level_7_Shine"}]},{"name":"Shine","display":[{"name":"Shine","transform":{"x":-0.02,"y":0.03},"path":"Level_7_Shine"}]},{"name":"Shine1","display":[{"name":"Shine","transform":{"x":-0.59,"y":-0.32,"scX":0.5,"scY":0.5},"path":"Level_7_Shine"}]},{"name":"Shine2","display":[{"name":"Shine","transform":{"x":0.01,"y":-0.4,"scX":0.7,"scY":0.7},"path":"Level_7_Shine"}]},{"name":"Light","display":[{"name":"Light","transform":{"x":-8.27,"y":-252.67},"path":"Level_7_Light"}]},{"name":"Shine3","display":[{"name":"Shine","transform":{"x":2.76,"y":-2},"path":"Level_7_Shine"}]},{"name":"Shine4","display":[{"name":"Shine","transform":{"x":-0.91,"y":-0.1,"scX":1.1,"scY":1.1},"path":"Level_7_Shine"}]}]}],"animation":[{"duration":36,"playTimes":0,"name":"Idle","bone":[{"name":"Shine","translateFrame":[{"duration":36,"x":-3.61,"y":-3.16}],"scaleFrame":[{"duration":6,"tweenEasing":0,"x":0.95,"y":0.95},{"duration":6,"tweenEasing":0,"x":0.85,"y":0.85},{"duration":6,"tweenEasing":0,"x":0.74,"y":0.74},{"duration":6,"tweenEasing":0,"x":0.63,"y":0.63},{"duration":6,"tweenEasing":0,"x":0.74,"y":0.74},{"duration":6,"tweenEasing":0,"x":0.85,"y":0.85},{"duration":0,"x":0.95,"y":0.95}]},{"name":"Shine1","translateFrame":[{"duration":36,"x":-3.05,"y":-9.57}],"scaleFrame":[{"duration":6},{"duration":6,"tweenEasing":0,"x":1.1,"y":1.1},{"duration":6,"tweenEasing":0,"x":0.9,"y":0.9},{"duration":6,"tweenEasing":0,"x":0.8,"y":0.8},{"duration":12}]},{"name":"Shine2","scaleFrame":[{"duration":6},{"duration":6,"tweenEasing":0,"x":0.7,"y":0.7},{"duration":6,"tweenEasing":0,"x":0.5,"y":0.5},{"duration":6,"tweenEasing":0,"x":0.4,"y":0.4},{"duration":12,"x":0.6,"y":0.6}]},{"name":"Shine3","scaleFrame":[{"duration":2,"tweenEasing":0},{"duration":2,"tweenEasing":0,"x":0.8,"y":0.8},{"duration":2,"tweenEasing":0,"x":0.6,"y":0.6},{"duration":2,"tweenEasing":0,"x":0.4,"y":0.4},{"duration":2,"tweenEasing":0,"x":0.6,"y":0.6},{"duration":2,"tweenEasing":0,"x":0.8,"y":0.8},{"duration":24}]},{"name":"Shine4","scaleFrame":[{"duration":4,"tweenEasing":0,"x":1.2,"y":1.2},{"duration":4,"tweenEasing":0},{"duration":4,"tweenEasing":0,"x":0.8,"y":0.8},{"duration":4,"tweenEasing":0,"x":0.6,"y":0.6},{"duration":4,"tweenEasing":0,"x":0.8,"y":0.8},{"duration":4,"tweenEasing":0},{"duration":4,"tweenEasing":0,"x":1.1,"y":1.1},{"duration":8,"x":1.2,"y":1.2}]},{"name":"Shine21","scaleFrame":[{"duration":6},{"duration":6,"tweenEasing":0,"x":0.7,"y":0.7},{"duration":6,"tweenEasing":0,"x":0.5,"y":0.5},{"duration":6,"tweenEasing":0,"x":0.4,"y":0.4},{"duration":6,"tweenEasing":0,"x":0.6,"y":0.6},{"duration":6}]}],"slot":[{"name":"Light","colorFrame":[{"duration":15,"tweenEasing":0},{"duration":15,"tweenEasing":0,"value":{"aM":33}},{"duration":6}]},{"name":"Shine_2","colorFrame":[{"duration":10},{"duration":10,"tweenEasing":0,"value":{"aM":0}},{"duration":10,"tweenEasing":0,"value":{"aM":46}},{"duration":6}]},{"name":"Shine_1","colorFrame":[{"duration":10},{"duration":10,"tweenEasing":0,"value":{"aM":13}},{"duration":16}]}]}],"defaultActions":[{"gotoAndPlay":"Idle"}]},{"type":"Armature","frameRate":24,"name":"Level_8","aabb":{"x":-119.54,"y":-436.55,"width":254,"height":428.65},"bone":[{"name":"root","transform":{"x":4.2018,"y":-126.8822}},{"name":"Shine2","parent":"root","transform":{"x":-27.7149,"y":-87.3001}},{"name":"Shine","parent":"root","transform":{"x":64.4333,"y":-99.031,"scX":0.9463,"scY":0.9463}},{"name":"Shine1","parent":"root","transform":{"x":-27.4163,"y":-171.4453}},{"name":"Shine3","parent":"root","transform":{"x":-81.1518,"y":-45.3678}},{"name":"Shine4","parent":"root","transform":{"x":23.3982,"y":-8.6178}},{"name":"Shine_2","parent":"root","transform":{"x":19.6982,"y":-157.2678}},{"name":"Shine_1","parent":"root","transform":{"x":-15.5518,"y":-165.0678}},{"name":"Shine21","parent":"root","transform":{"x":23.0684,"y":54.3207,"scX":1.5,"scY":1.5}},{"name":"Shine22","parent":"root","transform":{"x":-27.7149,"y":-87.3001}}],"slot":[{"name":"Body","parent":"root"},{"name":"Shine","parent":"Shine"},{"name":"Shine1","parent":"Shine1"},{"name":"Shine2","parent":"Shine2"},{"name":"Light","parent":"root"},{"name":"Shine3","parent":"Shine3"},{"name":"Shine4","parent":"Shine4"},{"name":"Shine_2","parent":"Shine_2"},{"name":"Shine_1","parent":"Shine_1"},{"name":"Shine21","parent":"Shine21"},{"name":"Shine22","parent":"Shine22"}],"skin":[{"slot":[{"name":"Shine21","display":[{"name":"Shine","transform":{"x":-0.26,"y":0.16},"path":"Level_8_Shine"}]},{"name":"Shine3","display":[{"name":"Shine","transform":{"x":2.76,"y":-2},"path":"Level_8_Shine"}]},{"name":"Shine4","display":[{"name":"Shine","transform":{"x":-0.91,"y":-0.1,"scX":1.1,"scY":1.1},"path":"Level_8_Shine"}]},{"name":"Shine_2","display":[{"name":"Shine_2","transform":{"x":-7.9,"y":-1.14},"path":"Level_8_Shine_2"}]},{"name":"Shine_1","display":[{"name":"Shine_1","transform":{"x":2.61,"y":-1.46},"path":"Level_8_Shine_1"}]},{"name":"Body","display":[{"name":"1","transform":{"x":3.26,"y":-89.52},"path":"Level_8_Body"}]},{"name":"Shine","display":[{"name":"Shine","transform":{"x":-0.02,"y":0.03},"path":"Level_8_Shine"}]},{"name":"Shine22","display":[{"name":"Shine","transform":{"x":0.01,"y":-0.4,"scX":0.7,"scY":0.7},"path":"Level_8_Shine"}]},{"name":"Shine1","display":[{"name":"Shine","transform":{"x":-0.59,"y":-0.32,"scX":0.5,"scY":0.5},"path":"Level_8_Shine"}]},{"name":"Shine2","display":[{"name":"Shine","transform":{"x":0.01,"y":-0.4,"scX":0.7,"scY":0.7},"path":"Level_8_Shine"}]},{"name":"Light","display":[{"name":"Light","transform":{"x":-8.27,"y":-252.67},"path":"Level_8_Light"}]}]}],"animation":[{"duration":36,"playTimes":0,"name":"Idle","bone":[{"name":"Shine","translateFrame":[{"duration":36,"x":-3.61,"y":-3.16}],"scaleFrame":[{"duration":6,"tweenEasing":0,"x":0.95,"y":0.95},{"duration":6,"tweenEasing":0,"x":0.85,"y":0.85},{"duration":6,"tweenEasing":0,"x":0.74,"y":0.74},{"duration":6,"tweenEasing":0,"x":0.63,"y":0.63},{"duration":6,"tweenEasing":0,"x":0.74,"y":0.74},{"duration":6,"tweenEasing":0,"x":0.85,"y":0.85},{"duration":0,"x":0.95,"y":0.95}]},{"name":"Shine1","translateFrame":[{"duration":36,"x":-3.05,"y":-9.57}],"scaleFrame":[{"duration":6},{"duration":6,"tweenEasing":0,"x":1.1,"y":1.1},{"duration":6,"tweenEasing":0,"x":0.9,"y":0.9},{"duration":6,"tweenEasing":0,"x":0.8,"y":0.8},{"duration":12}]},{"name":"Shine2","scaleFrame":[{"duration":6},{"duration":6,"tweenEasing":0,"x":0.7,"y":0.7},{"duration":6,"tweenEasing":0,"x":0.5,"y":0.5},{"duration":6,"tweenEasing":0,"x":0.4,"y":0.4},{"duration":12,"x":0.6,"y":0.6}]},{"name":"Shine3","scaleFrame":[{"duration":2,"tweenEasing":0},{"duration":2,"tweenEasing":0,"x":0.8,"y":0.8},{"duration":2,"tweenEasing":0,"x":0.6,"y":0.6},{"duration":2,"tweenEasing":0,"x":0.4,"y":0.4},{"duration":2,"tweenEasing":0,"x":0.6,"y":0.6},{"duration":2,"tweenEasing":0,"x":0.8,"y":0.8},{"duration":24}]},{"name":"Shine4","scaleFrame":[{"duration":4,"tweenEasing":0,"x":1.2,"y":1.2},{"duration":4,"tweenEasing":0},{"duration":4,"tweenEasing":0,"x":0.8,"y":0.8},{"duration":4,"tweenEasing":0,"x":0.6,"y":0.6},{"duration":4,"tweenEasing":0,"x":0.8,"y":0.8},{"duration":4,"tweenEasing":0},{"duration":4,"tweenEasing":0,"x":1.1,"y":1.1},{"duration":8,"x":1.2,"y":1.2}]},{"name":"Shine21","scaleFrame":[{"duration":6},{"duration":6,"tweenEasing":0,"x":0.7,"y":0.7},{"duration":6,"tweenEasing":0,"x":0.5,"y":0.5},{"duration":6,"tweenEasing":0,"x":0.4,"y":0.4},{"duration":6,"tweenEasing":0,"x":0.6,"y":0.6},{"duration":6}]},{"name":"Shine22","scaleFrame":[{"duration":6},{"duration":6,"tweenEasing":0,"x":0.7,"y":0.7},{"duration":6,"tweenEasing":0,"x":0.5,"y":0.5},{"duration":6,"tweenEasing":0,"x":0.4,"y":0.4},{"duration":6,"tweenEasing":0,"x":0.6,"y":0.6},{"duration":6}]}],"slot":[{"name":"Light","colorFrame":[{"duration":15,"tweenEasing":0},{"duration":15,"tweenEasing":0,"value":{"aM":33}},{"duration":6}]},{"name":"Shine_2","colorFrame":[{"duration":10},{"duration":10,"tweenEasing":0,"value":{"aM":0}},{"duration":10,"tweenEasing":0,"value":{"aM":46}},{"duration":6}]},{"name":"Shine_1","colorFrame":[{"duration":10},{"duration":10,"tweenEasing":0,"value":{"aM":13}},{"duration":16}]}]}],"defaultActions":[{"gotoAndPlay":"Idle"}]},{"type":"Armature","frameRate":24,"name":"Level_9","aabb":{"x":-119.33,"y":-434.55,"width":253.29,"height":427.15},"bone":[{"name":"root","transform":{"x":4.2018,"y":-126.8822}},{"name":"Shine2","parent":"root","transform":{"x":-27.7149,"y":-87.3001}},{"name":"Shine","parent":"root","transform":{"x":66.4253,"y":-98.5783,"scX":0.9463,"scY":0.9463}},{"name":"Shine1","parent":"root","transform":{"x":-27.4163,"y":-171.4453}},{"name":"Shine3","parent":"root","transform":{"x":-81.1518,"y":-45.3678}},{"name":"Shine4","parent":"root","transform":{"x":23.3982,"y":-8.6178}},{"name":"Shine_2","parent":"root","transform":{"x":19.6982,"y":-157.2678}},{"name":"Shine_1","parent":"root","transform":{"x":-15.5518,"y":-165.0678}},{"name":"Shine21","parent":"root","transform":{"x":26.8756,"y":60.0315,"scX":1.5,"scY":1.5}},{"name":"Shine22","parent":"root","transform":{"x":-100.5411,"y":-164.3752}}],"slot":[{"name":"Body","parent":"root"},{"name":"Shine","parent":"Shine"},{"name":"Shine1","parent":"Shine1"},{"name":"Shine2","parent":"Shine2"},{"name":"Light","parent":"root"},{"name":"Shine3","parent":"Shine3"},{"name":"Shine4","parent":"Shine4"},{"name":"Shine_2","parent":"Shine_2"},{"name":"Shine_1","parent":"Shine_1"},{"name":"Shine21","parent":"Shine21"},{"name":"Shine22","parent":"Shine22"}],"skin":[{"slot":[{"name":"Shine4","display":[{"name":"Shine","transform":{"x":-0.91,"y":-0.1,"scX":1.1,"scY":1.1},"path":"Level_9_Shine"}]},{"name":"Shine_2","display":[{"name":"Shine_2","transform":{"x":-7.9,"y":-1.14},"path":"Level_9_Shine_2"}]},{"name":"Light","display":[{"name":"Light","transform":{"x":-8.27,"y":-252.67},"path":"Level_9_Light"}]},{"name":"Shine_1","display":[{"name":"Shine_1","transform":{"x":2.61,"y":-1.46},"path":"Level_9_Shine_1"}]},{"name":"Shine21","display":[{"name":"Shine","transform":{"x":-0.26,"y":0.16,"scX":1.3,"scY":1.3},"path":"Level_9_Shine"}]},{"name":"Shine22","display":[{"name":"Shine","transform":{"x":0.01,"y":-0.4,"scX":0.7,"scY":0.7},"path":"Level_9_Shine"}]},{"name":"Shine1","display":[{"name":"Shine","transform":{"x":-0.59,"y":-0.32,"scX":0.5,"scY":0.5},"path":"Level_9_Shine"}]},{"name":"Shine2","display":[{"name":"Shine","transform":{"x":0.01,"y":-0.4,"scX":0.7,"scY":0.7},"path":"Level_9_Shine"}]},{"name":"Body","display":[{"name":"1","transform":{"x":3.26,"y":-89.52},"path":"Level_9_Body"}]},{"name":"Shine","display":[{"name":"Shine","transform":{"x":-0.02,"y":0.03},"path":"Level_9_Shine"}]},{"name":"Shine3","display":[{"name":"Shine","transform":{"x":2.76,"y":-2},"path":"Level_9_Shine"}]}]}],"animation":[{"duration":36,"playTimes":0,"name":"Idle","bone":[{"name":"Shine","translateFrame":[{"duration":36,"x":-3.61,"y":-3.16}],"scaleFrame":[{"duration":6,"tweenEasing":0,"x":0.95,"y":0.95},{"duration":6,"tweenEasing":0,"x":0.85,"y":0.85},{"duration":6,"tweenEasing":0,"x":0.74,"y":0.74},{"duration":6,"tweenEasing":0,"x":0.63,"y":0.63},{"duration":6,"tweenEasing":0,"x":0.74,"y":0.74},{"duration":6,"tweenEasing":0,"x":0.85,"y":0.85},{"duration":0,"x":0.95,"y":0.95}]},{"name":"Shine1","translateFrame":[{"duration":36,"x":-3.05,"y":-9.57}],"scaleFrame":[{"duration":6},{"duration":6,"tweenEasing":0,"x":1.1,"y":1.1},{"duration":6,"tweenEasing":0,"x":0.9,"y":0.9},{"duration":6,"tweenEasing":0,"x":0.8,"y":0.8},{"duration":12}]},{"name":"Shine2","scaleFrame":[{"duration":6},{"duration":6,"tweenEasing":0,"x":0.7,"y":0.7},{"duration":6,"tweenEasing":0,"x":0.5,"y":0.5},{"duration":6,"tweenEasing":0,"x":0.4,"y":0.4},{"duration":6,"tweenEasing":0,"x":0.6,"y":0.6},{"duration":6}]},{"name":"Shine3","scaleFrame":[{"duration":2,"tweenEasing":0},{"duration":2,"tweenEasing":0,"x":0.8,"y":0.8},{"duration":2,"tweenEasing":0,"x":0.6,"y":0.6},{"duration":2,"tweenEasing":0,"x":0.4,"y":0.4},{"duration":2,"tweenEasing":0,"x":0.6,"y":0.6},{"duration":2,"tweenEasing":0,"x":0.8,"y":0.8},{"duration":24}]},{"name":"Shine4","scaleFrame":[{"duration":4,"tweenEasing":0,"x":1.2,"y":1.2},{"duration":4,"tweenEasing":0},{"duration":4,"tweenEasing":0,"x":0.8,"y":0.8},{"duration":4,"tweenEasing":0,"x":0.6,"y":0.6},{"duration":4,"tweenEasing":0,"x":0.8,"y":0.8},{"duration":4,"tweenEasing":0},{"duration":4,"tweenEasing":0,"x":1.1,"y":1.1},{"duration":8,"x":1.2,"y":1.2}]},{"name":"Shine21","scaleFrame":[{"duration":6},{"duration":6,"tweenEasing":0,"x":0.7,"y":0.7},{"duration":6,"tweenEasing":0,"x":0.5,"y":0.5},{"duration":6,"tweenEasing":0,"x":0.4,"y":0.4},{"duration":6,"tweenEasing":0,"x":0.6,"y":0.6},{"duration":6}]},{"name":"Shine22","scaleFrame":[{"duration":6},{"duration":6,"tweenEasing":0,"x":0.7,"y":0.7},{"duration":6,"tweenEasing":0,"x":0.5,"y":0.5},{"duration":6,"tweenEasing":0,"x":0.4,"y":0.4},{"duration":6,"tweenEasing":0,"x":0.6,"y":0.6},{"duration":6}]}],"slot":[{"name":"Light","colorFrame":[{"duration":15,"tweenEasing":0},{"duration":15,"tweenEasing":0,"value":{"aM":33}},{"duration":6}]},{"name":"Shine_2","colorFrame":[{"duration":10},{"duration":10,"tweenEasing":0,"value":{"aM":0}},{"duration":10,"tweenEasing":0,"value":{"aM":46}},{"duration":6}]},{"name":"Shine_1","colorFrame":[{"duration":10},{"duration":10,"tweenEasing":0,"value":{"aM":13}},{"duration":16}]}]}],"defaultActions":[{"gotoAndPlay":"Idle"}]}]}