{"frameRate":24,"name":"Level_1","version":"5.5","compatibleVersion":"5.5","armature":[{"type":"Armature","frameRate":24,"name":"Level_1","aabb":{"x":-79.75,"y":-130.64,"width":149.75,"height":181},"bone":[{"name":"root"}],"slot":[{"name":"VendingMachine","parent":"root"},{"name":"Led_1","parent":"root"},{"name":"Led_11","parent":"root"},{"name":"Led_12","parent":"root"},{"name":"Led_13","parent":"root"}],"skin":[{"slot":[{"name":"Led_13","display":[{"name":"Led_1","transform":{"x":31.98,"y":-75.65,"scX":0.8,"scY":0.8}}]},{"name":"Led_11","display":[{"name":"Led_1","transform":{"x":-34.76,"y":-44.54}}]},{"name":"Led_1","display":[{"name":"Led_1","transform":{"x":2.31,"y":2.87}}]},{"name":"Led_12","display":[{"name":"Led_1","transform":{"x":-54.75,"y":-91.46}}]},{"name":"VendingMachine","display":[{"name":"VendingMachine","transform":{"y":-40.14}}]}]}],"animation":[{"duration":40,"playTimes":0,"name":"Idle","slot":[{"name":"Led_1","displayFrame":[{"duration":20},{"duration":10,"value":-1},{"duration":10}]},{"name":"Led_11","displayFrame":[{"duration":30},{"duration":10,"value":-1},{"duration":0}]},{"name":"Led_12","displayFrame":[{"duration":10},{"duration":10,"value":-1},{"duration":20}]},{"name":"Led_13","displayFrame":[{"duration":20},{"duration":10,"value":-1},{"duration":10}]}]}],"defaultActions":[{"gotoAndPlay":"Idle"}]}]}