{"frameRate":24,"name":"Cooking","version":"5.5","compatibleVersion":"5.5","armature":[{"type":"Armature","frameRate":24,"name":"Cooking","aabb":{"x":-49.1,"y":-55.39,"width":100,"height":65.87},"bone":[{"name":"root","transform":{"y":-19.5194}},{"length":24,"name":"Body","parent":"root","transform":{"y":18.55,"skX":-90,"skY":-90}},{"name":"Lid","parent":"root","transform":{"x":1.505,"y":-22.5937}},{"name":"smoke","parent":"root","transform":{"y":-20.5835,"scX":0.2,"scY":0.2}},{"name":"smoke1","parent":"root","transform":{"x":-12.4126,"y":-18.2703,"scX":0.2,"scY":0.2}},{"name":"smoke11","parent":"root","transform":{"x":-12.4126,"y":-18.2703,"scX":0.2,"scY":0.2}}],"slot":[{"name":"Body","parent":"Body"},{"name":"Lid","parent":"Lid"},{"displayIndex":-1,"name":"heat","parent":"smoke"},{"displayIndex":-1,"name":"heat1","parent":"smoke1"},{"displayIndex":-1,"name":"heat11","parent":"smoke11"}],"skin":[{"slot":[{"name":"Lid","display":[{"name":"Lid","transform":{"x":-0.2,"y":0.23}}]},{"name":"heat","display":[{"name":"heat","transform":{"x":0.38,"y":-0.46}}]},{"name":"heat11","display":[{"name":"heat","transform":{"x":0.38,"y":-0.46}}]},{"name":"Body","display":[{"name":"Body","transform":{"x":18.55,"y":0.9,"skX":90,"skY":90}}]},{"name":"heat1","display":[{"name":"heat","transform":{"x":0.38,"y":-0.46}}]}]}],"animation":[{"duration":60,"playTimes":0,"name":"Cooking","bone":[{"name":"Body","translateFrame":[{"duration":60,"x":0.9}],"scaleFrame":[{"duration":10,"curve":[0.275,0.12,0.382,0.9]},{"duration":10,"curve":[0.136,0.02,0.19,0.91],"x":1.08,"y":0.98},{"duration":10,"curve":[0.141,0.11,0,0.98],"x":0.89,"y":1.04},{"duration":10,"curve":[0.301,0.08,0.335,0.85],"x":1.09,"y":0.95},{"duration":20}]},{"name":"Lid","translateFrame":[{"duration":10,"curve":[0.255,0.14,0.33,0.87],"x":-0.2},{"duration":10,"curve":[0.255,0.05,0.133,0.83],"x":-0.2,"y":-1.8},{"duration":10,"curve":[0.073,0.25,0.278,0.91],"x":-0.2,"y":2.8},{"duration":10,"curve":[0.255,0.18,0.252,0.85],"x":-0.2,"y":-29.96},{"duration":20,"x":-0.2}],"rotateFrame":[{"duration":20,"curve":[0.255,0.14,0.33,0.87]},{"duration":8,"curve":[0.073,0.25,0.278,0.91]},{"duration":2,"tweenEasing":0,"rotate":11.89},{"duration":2,"curve":[0.255,0.18,0.252,0.85]},{"duration":2,"tweenEasing":0,"rotate":9.08},{"tweenEasing":0,"rotate":-13.16},{"duration":25}],"scaleFrame":[{"duration":10,"curve":[0.255,0.14,0.33,0.87]},{"duration":10,"curve":[0.255,0.05,0.133,0.83],"x":0.98,"y":1.03},{"duration":10,"curve":[0.073,0.25,0.278,0.91],"x":1.09,"y":0.91},{"duration":10,"curve":[0.255,0.18,0.252,0.85],"x":0.94,"y":1.19},{"duration":20}]},{"name":"smoke","translateFrame":[{"duration":20,"tweenEasing":0,"x":-0.34,"y":8.6},{"duration":40,"tweenEasing":0,"x":3.69,"y":5.66},{"duration":0,"x":44.07,"y":-22.36}],"rotateFrame":[{"duration":20},{"duration":15,"tweenEasing":0},{"duration":10,"tweenEasing":0,"rotate":120},{"duration":15,"tweenEasing":0,"rotate":-120},{"duration":0}],"scaleFrame":[{"duration":20},{"duration":40,"tweenEasing":0},{"duration":0,"x":4,"y":4}]},{"name":"smoke1","translateFrame":[{"duration":20,"tweenEasing":0,"x":0.21,"y":3.11},{"duration":40,"tweenEasing":0,"x":0.89,"y":0.32},{"duration":0,"x":26.32,"y":-25.34}],"rotateFrame":[{"duration":20},{"duration":15,"tweenEasing":0},{"duration":10,"tweenEasing":0,"rotate":120},{"duration":15,"tweenEasing":0,"rotate":-120},{"duration":0}],"scaleFrame":[{"duration":20},{"duration":40,"tweenEasing":0},{"duration":0,"x":3.5,"y":3.5}]},{"name":"smoke11","translateFrame":[{"duration":20,"tweenEasing":0,"x":0.21,"y":3.11},{"duration":40,"tweenEasing":0,"x":-4.08,"y":1.73},{"duration":0,"x":-25.81,"y":-22.04}],"rotateFrame":[{"duration":20},{"duration":15,"tweenEasing":0},{"duration":10,"tweenEasing":0,"rotate":-120},{"duration":15,"tweenEasing":0,"rotate":120},{"duration":0}],"scaleFrame":[{"duration":20},{"duration":40,"tweenEasing":0},{"duration":0,"x":2.5,"y":2.5}]}],"slot":[{"name":"heat","displayFrame":[{"duration":20,"value":-1},{"duration":40}],"colorFrame":[{"duration":20,"tweenEasing":0,"value":{"aM":0}},{"duration":30,"tweenEasing":0},{"duration":10,"tweenEasing":0},{"duration":0,"value":{"aM":0}}]},{"name":"heat1","displayFrame":[{"duration":20,"value":-1},{"duration":40}],"colorFrame":[{"duration":20,"tweenEasing":0,"value":{"aM":0}},{"duration":30,"tweenEasing":0},{"duration":10,"tweenEasing":0},{"duration":0,"value":{"aM":0}}]},{"name":"heat11","displayFrame":[{"duration":20,"value":-1},{"duration":40}],"colorFrame":[{"duration":20,"tweenEasing":0,"value":{"aM":0}},{"duration":30,"tweenEasing":0},{"duration":10,"tweenEasing":0},{"duration":0,"value":{"aM":0}}]}]}],"defaultActions":[{"gotoAndPlay":"Cooking"}]}]}