[{"__type__":"cc.Prefab","_name":"GameSceneUI","data":{"__id__":1}},{"__type__":"cc.Node","_name":"GameSceneUI","_children":[{"__id__":2},{"__id__":3},{"__id__":4},{"__id__":5},{"__id__":6},{"__id__":7},{"__id__":8},{"__id__":9},{"__id__":10},{"__id__":11},{"__id__":14},{"__id__":16},{"__id__":18}],"_level":1,"_components":[{"__type__":"cc.Widget","node":{"__id__":1},"_alignFlags":45},{"__type__":"cc.RigidBody","node":{"__id__":1},"_type":0,"_gravityScale":0}],"_prefab":{"__type__":"cc.PrefabInfo","root":{"__id__":1},"asset":{"__uuid__":"23+GRq6qVOl41shnXSuKXt"},"fileId":"919izvyfhNpbCSIsuGnioC"},"_contentSize":{"__type__":"cc.Size","width":1080,"height":1920},"_position":{"__type__":"cc.Vec3","x":540,"y":960}},{"__type__":"cc.Node","_name":"KW_IMG_BG","_parent":{"__id__":1},"_level":3,"_components":[{"__type__":"cc.Sprite","node":{"__id__":2},"_materials":[{"__uuid__":"ecpdLyjvZBwrvm+cedCcQy"}],"_spriteFrame":{"__uuid__":"83BgBgtptHc5XRzX+ymFUm"},"_sizeMode":0},{"__type__":"cc.Widget","node":{"__id__":2},"_alignFlags":45,"_originalWidth":1280,"_originalHeight":720}],"_prefab":{"__type__":"cc.PrefabInfo","root":{"__id__":1},"asset":{"__uuid__":"23+GRq6qVOl41shnXSuKXt"},"fileId":"73CTllynBAILrEuRfo1PPy"},"_contentSize":{"__type__":"cc.Size","width":1080,"height":1920}},{"__type__":"cc.Node","_name":"KW_GAME_NODE","_parent":{"__id__":1},"_level":2,"_components":[{"__type__":"cc.Widget","node":{"__id__":3},"_left":540,"_right":540,"_top":960,"_bottom":960}],"_prefab":{"__type__":"cc.PrefabInfo","root":{"__id__":1},"asset":{"__uuid__":"23+GRq6qVOl41shnXSuKXt"},"fileId":"afEpfbQd9NJYVwVQvtfO7U"}},{"__type__":"cc.Node","_name":"KW_TEXT_VERSION","_parent":{"__id__":1},"_level":2,"_components":[{"__type__":"cc.Label","node":{"__id__":4},"_materials":[{"__uuid__":"ecpdLyjvZBwrvm+cedCcQy"}],"_useOriginalSize":false,"_string":"1.0.0.0","_N$string":"1.0.0.0","_fontSize":30,"_N$horizontalAlign":1,"_N$verticalAlign":1},{"__type__":"cc.Widget","node":{"__id__":4},"_alignFlags":36,"_right":11.940000000000055,"_bottom":-0.5229999999999677}],"_prefab":{"__type__":"cc.PrefabInfo","root":{"__id__":1},"asset":{"__uuid__":"23+GRq6qVOl41shnXSuKXt"},"fileId":"dfleO9Y1pBwpg/+GWWNccJ"},"_contentSize":{"__type__":"cc.Size","width":91.74,"height":50.4},"_anchorPoint":{"__type__":"cc.Vec2","x":1,"y":0.5},"_position":{"__type__":"cc.Vec3","x":528.06,"y":-935.3229999999999}},{"__type__":"cc.Node","_name":"KW_TEXT_RULE","_parent":{"__id__":1},"_active":false,"_level":2,"_components":[{"__type__":"cc.Label","node":{"__id__":5},"_materials":[{"__uuid__":"ecpdLyjvZBwrvm+cedCcQy"}],"_useOriginalSize":false,"_string":"-规则-","_N$string":"-规则-","_N$horizontalAlign":1,"_N$verticalAlign":1},{"__type__":"cc.Widget","node":{"__id__":5},"_alignFlags":41,"_left":486.68,"_right":486.68,"_top":23.660999999999888,"_originalWidth":63.98}],"_prefab":{"__type__":"cc.PrefabInfo","root":{"__id__":1},"asset":{"__uuid__":"23+GRq6qVOl41shnXSuKXt"},"fileId":"7aV3TIaxFJtJlHH+iBV+CA"},"_contentSize":{"__type__":"cc.Size","width":106.64,"height":50.4},"_position":{"__type__":"cc.Vec3","y":911.1390000000001}},{"__type__":"cc.Node","_name":"KW_TEXT_ROOM_NUM","_parent":{"__id__":1},"_level":2,"_components":[{"__type__":"cc.Label","node":{"__id__":6},"_materials":[{"__uuid__":"ecpdLyjvZBwrvm+cedCcQy"}],"_useOriginalSize":false,"_string":"房间号:----","_N$string":"房间号:----","_N$horizontalAlign":1,"_N$verticalAlign":1},{"__type__":"cc.Widget","node":{"__id__":6},"_alignFlags":9,"_left":53.61200000000002,"_top":67.12}],"_prefab":{"__type__":"cc.PrefabInfo","root":{"__id__":1},"asset":{"__uuid__":"23+GRq6qVOl41shnXSuKXt"},"fileId":"c9NYkhdvhC+agieUQksvGv"},"_contentSize":{"__type__":"cc.Size","width":184.39,"height":50.4},"_anchorPoint":{"__type__":"cc.Vec2","y":0.5},"_position":{"__type__":"cc.Vec3","x":-486.388,"y":867.68}},{"__type__":"cc.Node","_name":"KW_TEXT_PLAY_COUNT","_parent":{"__id__":1},"_level":2,"_components":[{"__type__":"cc.Label","node":{"__id__":7},"_materials":[{"__uuid__":"ecpdLyjvZBwrvm+cedCcQy"}],"_useOriginalSize":false,"_string":"局数:-/-","_N$string":"局数:-/-","_N$horizontalAlign":1,"_N$verticalAlign":1},{"__type__":"cc.Widget","node":{"__id__":7},"_alignFlags":9,"_left":53.108000000000004,"_top":124.98299999999995}],"_prefab":{"__type__":"cc.PrefabInfo","root":{"__id__":1},"asset":{"__uuid__":"23+GRq6qVOl41shnXSuKXt"},"fileId":"66bK56WL9B2o67kSTzEYdn"},"_contentSize":{"__type__":"cc.Size","width":128.87,"height":50.4},"_anchorPoint":{"__type__":"cc.Vec2","y":0.5},"_position":{"__type__":"cc.Vec3","x":-486.892,"y":809.817}},{"__type__":"cc.Node","_name":"KW_TEXT_PLAY_SCORE","_parent":{"__id__":1},"_level":2,"_components":[{"__type__":"cc.Label","node":{"__id__":8},"_materials":[{"__uuid__":"ecpdLyjvZBwrvm+cedCcQy"}],"_useOriginalSize":false,"_N$horizontalAlign":2},{"__type__":"cc.Widget","node":{"__id__":8},"_alignFlags":9,"_left":52.918000000000006,"_right":826.8719999999998,"_top":219.5709999999999,"_originalWidth":200.21}],"_prefab":{"__type__":"cc.PrefabInfo","root":{"__id__":1},"asset":{"__uuid__":"23+GRq6qVOl41shnXSuKXt"},"fileId":"e5SISYDWNO27qXq0OKxfCL"},"_contentSize":{"__type__":"cc.Size","height":50.4},"_anchorPoint":{"__type__":"cc.Vec2","y":0.5},"_position":{"__type__":"cc.Vec3","x":-487.082,"y":715.229}},{"__type__":"cc.Node","_name":"BTN_SETTING","_parent":{"__id__":1},"_level":2,"_components":[{"__type__":"cc.Button","node":{"__id__":9},"zoomScale":0.9,"_N$enableAutoGrayEffect":true,"_N$transition":3,"transition":3,"_N$normalColor":{"__type__":"cc.Color","r":230,"g":230,"b":230},"_N$pressedColor":{"__type__":"cc.Color","r":200,"g":200,"b":200},"pressedColor":{"__type__":"cc.Color","r":200,"g":200,"b":200},"_N$disabledColor":{"__type__":"cc.Color","r":120,"g":120,"b":120,"a":200},"_N$normalSprite":{"__uuid__":"f0BIwQ8D5Ml7nTNQbh1YlS"},"_N$pressedSprite":{"__uuid__":"e97GVMl6JHh5Ml5qEDdSGa"},"pressedSprite":{"__uuid__":"e97GVMl6JHh5Ml5qEDdSGa"},"_N$hoverSprite":{"__uuid__":"f0BIwQ8D5Ml7nTNQbh1YlS"},"hoverSprite":{"__uuid__":"f0BIwQ8D5Ml7nTNQbh1YlS"},"_N$disabledSprite":{"__uuid__":"29FYIk+N1GYaeWH/q1NxQO"}},{"__type__":"cc.Widget","node":{"__id__":9},"_alignFlags":36,"_left":891,"_right":39,"_top":1711,"_bottom":59,"_originalWidth":150,"_originalHeight":150},{"__type__":"cc.Button","node":{"__id__":9}},{"__type__":"cc.Sprite","node":{"__id__":9},"_materials":[{"__uuid__":"ecpdLyjvZBwrvm+cedCcQy"}],"_spriteFrame":{"__uuid__":"56siVL3rZI170Xdr87Qa7O"},"_sizeMode":0}],"_prefab":{"__type__":"cc.PrefabInfo","root":{"__id__":1},"asset":{"__uuid__":"23+GRq6qVOl41shnXSuKXt"},"fileId":"20opkTTRZOGpgcfxGn26u/"},"_contentSize":{"__type__":"cc.Size","width":150,"height":150},"_position":{"__type__":"cc.Vec3","x":426,"y":-826}},{"__type__":"cc.Node","_name":"BTN_SETTING_2","_parent":{"__id__":1},"_active":false,"_level":2,"_components":[{"__type__":"cc.Button","node":{"__id__":10},"zoomScale":0.9,"_N$enableAutoGrayEffect":true,"_N$transition":3,"transition":3,"_N$normalColor":{"__type__":"cc.Color","r":230,"g":230,"b":230},"_N$pressedColor":{"__type__":"cc.Color","r":200,"g":200,"b":200},"pressedColor":{"__type__":"cc.Color","r":200,"g":200,"b":200},"_N$disabledColor":{"__type__":"cc.Color","r":120,"g":120,"b":120,"a":200},"_N$normalSprite":{"__uuid__":"f0BIwQ8D5Ml7nTNQbh1YlS"},"_N$pressedSprite":{"__uuid__":"e97GVMl6JHh5Ml5qEDdSGa"},"pressedSprite":{"__uuid__":"e97GVMl6JHh5Ml5qEDdSGa"},"_N$hoverSprite":{"__uuid__":"f0BIwQ8D5Ml7nTNQbh1YlS"},"hoverSprite":{"__uuid__":"f0BIwQ8D5Ml7nTNQbh1YlS"},"_N$disabledSprite":{"__uuid__":"29FYIk+N1GYaeWH/q1NxQO"}},{"__type__":"cc.Widget","node":{"__id__":10},"_alignFlags":33,"_left":949.7049999999999,"_right":276.23699999999997,"_top":1682,"_originalWidth":100},{"__type__":"cc.Button","node":{"__id__":10}},{"__type__":"cc.Sprite","node":{"__id__":10},"_materials":[{"__uuid__":"ecpdLyjvZBwrvm+cedCcQy"}],"_spriteFrame":{"__uuid__":"56siVL3rZI170Xdr87Qa7O"},"_sizeMode":0}],"_prefab":{"__type__":"cc.PrefabInfo","root":{"__id__":1},"asset":{"__uuid__":"23+GRq6qVOl41shnXSuKXt"},"fileId":"3cuakJ9+5P9bQuLObs0Yrq"},"_contentSize":{"__type__":"cc.Size","width":200,"height":200},"_position":{"__type__":"cc.Vec3","x":163.76300000000003,"y":-822}},{"__type__":"cc.Node","_name":"BTN_DESSOLVE","_parent":{"__id__":1},"_children":[{"__id__":12}],"_active":false,"_level":2,"_components":[{"__type__":"cc.Button","node":{"__id__":11},"zoomScale":0.9,"_N$enableAutoGrayEffect":true,"_N$transition":3,"transition":3,"_N$normalColor":{"__type__":"cc.Color","r":230,"g":230,"b":230},"_N$pressedColor":{"__type__":"cc.Color","r":200,"g":200,"b":200},"pressedColor":{"__type__":"cc.Color","r":200,"g":200,"b":200},"_N$disabledColor":{"__type__":"cc.Color","r":120,"g":120,"b":120,"a":200},"_N$normalSprite":{"__uuid__":"f0BIwQ8D5Ml7nTNQbh1YlS"},"_N$pressedSprite":{"__uuid__":"e97GVMl6JHh5Ml5qEDdSGa"},"pressedSprite":{"__uuid__":"e97GVMl6JHh5Ml5qEDdSGa"},"_N$hoverSprite":{"__uuid__":"f0BIwQ8D5Ml7nTNQbh1YlS"},"hoverSprite":{"__uuid__":"f0BIwQ8D5Ml7nTNQbh1YlS"},"_N$disabledSprite":{"__uuid__":"29FYIk+N1GYaeWH/q1NxQO"},"_N$target":{"__id__":12}},{"__type__":"cc.Widget","node":{"__id__":11},"_alignFlags":33,"_right":6.524000000000001,"_top":257.971}],"_prefab":{"__type__":"cc.PrefabInfo","root":{"__id__":1},"asset":{"__uuid__":"23+GRq6qVOl41shnXSuKXt"},"fileId":"2cF9Q8gK5E3JsmK8i4XMEG"},"_contentSize":{"__type__":"cc.Size","width":200,"height":100},"_position":{"__type__":"cc.Vec3","x":433.476,"y":652.029}},{"__type__":"cc.Node","_name":"Background","_parent":{"__id__":11},"_children":[{"__id__":13}],"_level":2,"_components":[{"__type__":"cc.Sprite","node":{"__id__":12},"_materials":[{"__uuid__":"ecpdLyjvZBwrvm+cedCcQy"}],"_spriteFrame":{"__uuid__":"f0BIwQ8D5Ml7nTNQbh1YlS"},"_type":1,"_sizeMode":0},{"__type__":"cc.Widget","node":{"__id__":12},"alignMode":0,"_alignFlags":45,"_originalWidth":100,"_originalHeight":40}],"_prefab":{"__type__":"cc.PrefabInfo","root":{"__id__":1},"asset":{"__uuid__":"23+GRq6qVOl41shnXSuKXt"},"fileId":"9cAdryKZxMGoHXbk8/KwaO"},"_color":{"__type__":"cc.Color","r":230,"g":230,"b":230},"_contentSize":{"__type__":"cc.Size","width":200,"height":100}},{"__type__":"cc.Node","_name":"Label","_parent":{"__id__":12},"_level":3,"_components":[{"__type__":"cc.Label","node":{"__id__":13},"_materials":[{"__uuid__":"ecpdLyjvZBwrvm+cedCcQy"}],"_useOriginalSize":false,"_string":"解散","_N$string":"解散","_enableWrapText":false,"_N$horizontalAlign":1,"_N$verticalAlign":1,"_N$overflow":1}],"_prefab":{"__type__":"cc.PrefabInfo","root":{"__id__":1},"asset":{"__uuid__":"23+GRq6qVOl41shnXSuKXt"},"fileId":"78xNB9nHRDSJQpW4kcCqyG"},"_color":{"__type__":"cc.Color"},"_contentSize":{"__type__":"cc.Size","width":100,"height":40}},{"__type__":"cc.Node","_name":"KW_BTN_READY","_parent":{"__id__":1},"_children":[{"__id__":15}],"_active":false,"_level":2,"_components":[{"__type__":"cc.Button","node":{"__id__":14},"zoomScale":0.9,"_N$transition":3,"transition":3,"_N$normalColor":{"__type__":"cc.Color","r":230,"g":230,"b":230},"_N$pressedColor":{"__type__":"cc.Color","r":200,"g":200,"b":200},"pressedColor":{"__type__":"cc.Color","r":200,"g":200,"b":200},"_N$disabledColor":{"__type__":"cc.Color","r":120,"g":120,"b":120,"a":200}},{"__type__":"cc.Sprite","node":{"__id__":14},"_materials":[{"__uuid__":"ecpdLyjvZBwrvm+cedCcQy"}],"_spriteFrame":{"__uuid__":"09xc9bhtpAsZWb0oNkFSCP"},"_type":1,"_sizeMode":0},{"__type__":"cc.Widget","node":{"__id__":14},"_alignFlags":4,"_bottom":235}],"_prefab":{"__type__":"cc.PrefabInfo","root":{"__id__":1},"asset":{"__uuid__":"23+GRq6qVOl41shnXSuKXt"},"fileId":"30aInWpKVHMZI0b9+O6ibl"},"_contentSize":{"__type__":"cc.Size","width":300,"height":100},"_position":{"__type__":"cc.Vec3","y":-650},"_scale":{"__type__":"cc.Vec3","x":1.5,"y":1.5,"z":1}},{"__type__":"cc.Node","_name":"New Label","_parent":{"__id__":14},"_level":3,"_components":[{"__type__":"cc.Label","node":{"__id__":15},"_materials":[{"__uuid__":"ecpdLyjvZBwrvm+cedCcQy"}],"_useOriginalSize":false,"_string":"准备","_N$string":"准备","_N$horizontalAlign":1,"_N$verticalAlign":1}],"_prefab":{"__type__":"cc.PrefabInfo","root":{"__id__":1},"asset":{"__uuid__":"23+GRq6qVOl41shnXSuKXt"},"fileId":"85uCMO2NtPTJh4SAQoGjL8"},"_contentSize":{"__type__":"cc.Size","width":80,"height":50.4},"_position":{"__type__":"cc.Vec3","x":2.365,"y":2.452}},{"__type__":"cc.Node","_name":"KW_BTN_BACK_LOBBY","_parent":{"__id__":1},"_children":[{"__id__":17}],"_active":false,"_level":2,"_components":[{"__type__":"cc.Button","node":{"__id__":16},"zoomScale":0.9,"_N$transition":3,"transition":3,"_N$normalColor":{"__type__":"cc.Color","r":230,"g":230,"b":230},"_N$pressedColor":{"__type__":"cc.Color","r":200,"g":200,"b":200},"pressedColor":{"__type__":"cc.Color","r":200,"g":200,"b":200},"_N$disabledColor":{"__type__":"cc.Color","r":120,"g":120,"b":120,"a":200}},{"__type__":"cc.Sprite","node":{"__id__":16},"_materials":[{"__uuid__":"ecpdLyjvZBwrvm+cedCcQy"}],"_spriteFrame":{"__uuid__":"09xc9bhtpAsZWb0oNkFSCP"},"_type":1,"_sizeMode":0},{"__type__":"cc.Widget","node":{"__id__":16},"_alignFlags":4,"_bottom":235}],"_prefab":{"__type__":"cc.PrefabInfo","root":{"__id__":1},"asset":{"__uuid__":"23+GRq6qVOl41shnXSuKXt"},"fileId":"0cOchgmTRGhYyKBEchPQ1H"},"_contentSize":{"__type__":"cc.Size","width":300,"height":100},"_position":{"__type__":"cc.Vec3","y":-650},"_scale":{"__type__":"cc.Vec3","x":1.5,"y":1.5,"z":1}},{"__type__":"cc.Node","_name":"New Label","_parent":{"__id__":16},"_level":3,"_components":[{"__type__":"cc.Label","node":{"__id__":17},"_materials":[{"__uuid__":"ecpdLyjvZBwrvm+cedCcQy"}],"_useOriginalSize":false,"_string":"返回大厅","_N$string":"返回大厅","_N$horizontalAlign":1,"_N$verticalAlign":1}],"_prefab":{"__type__":"cc.PrefabInfo","root":{"__id__":1},"asset":{"__uuid__":"23+GRq6qVOl41shnXSuKXt"},"fileId":"d0ggRTJxFPKI/u8CxIjSAT"},"_contentSize":{"__type__":"cc.Size","width":160,"height":50.4},"_position":{"__type__":"cc.Vec3","x":2.365,"y":2.452}},{"__type__":"cc.Node","_name":"KW_LAYOUT_USER","_parent":{"__id__":1},"_level":2,"_components":[{"__type__":"cc.Sprite","node":{"__id__":18},"_enabled":false,"_materials":[{"__uuid__":"ecpdLyjvZBwrvm+cedCcQy"}],"_spriteFrame":{"__uuid__":"9bvaMerUlDyary99mJa6xp"},"_type":1,"_sizeMode":0},{"__type__":"cc.Layout","node":{"__id__":18},"_layoutSize":{"__type__":"cc.Size","width":1080,"height":250},"_resize":1,"_N$layoutType":1}],"_prefab":{"__type__":"cc.PrefabInfo","root":{"__id__":1},"asset":{"__uuid__":"23+GRq6qVOl41shnXSuKXt"},"fileId":"d7KmPsJgpLEJ/0LG7HOtnX"},"_contentSize":{"__type__":"cc.Size","width":1080,"height":250},"_position":{"__type__":"cc.Vec3","y":800}}]