{"frameRate":24,"name":"Level_1","version":"5.5","compatibleVersion":"5.5","armature":[{"type":"Armature","frameRate":24,"name":"Level_1","aabb":{"x":-55.5,"y":-129.7,"width":122.61,"height":179.88},"bone":[{"name":"root"}],"slot":[{"name":"GashaponMachine","parent":"root"},{"name":"Led_13","parent":"root"},{"name":"Led_11","parent":"root"},{"name":"Led_1","parent":"root"},{"name":"Led_12","parent":"root"}],"skin":[{"slot":[{"name":"GashaponMachine","display":[{"name":"GashaponMachine","transform":{"y":-40.14}}]},{"name":"Led_1","display":[{"name":"Led_1","transform":{"x":0.19,"y":25.18}}]},{"name":"Led_13","display":[{"name":"Led_1","transform":{"x":42.11,"y":-104.7,"scX":0.8,"scY":0.8}}]},{"name":"Led_12","display":[{"name":"Led_1","transform":{"x":-10.71,"y":-79.01}}]},{"name":"Led_11","display":[{"name":"Led_1","transform":{"x":-17.56,"y":-33.7}}]}]}],"animation":[{"duration":40,"playTimes":0,"name":"Idle","slot":[{"name":"Led_13","displayFrame":[{"duration":20},{"duration":10,"value":-1},{"duration":10}]},{"name":"Led_11","displayFrame":[{"duration":30},{"duration":10,"value":-1},{"duration":0}]},{"name":"Led_1","displayFrame":[{"duration":20},{"duration":10,"value":-1},{"duration":10}]},{"name":"Led_12","displayFrame":[{"duration":10},{"duration":10,"value":-1},{"duration":20}]}]}],"defaultActions":[{"gotoAndPlay":"Idle"}]}]}