[{"__type__":"cc.Prefab","_name":"DialogMatch","data":{"__id__":1}},{"__type__":"cc.Node","_name":"DialogMatch","_children":[{"__id__":2},{"__id__":3},{"__id__":4},{"__id__":7}],"_level":1,"_components":[{"__type__":"cc.Sprite","node":{"__id__":1},"_materials":[{"__uuid__":"ecpdLyjvZBwrvm+cedCcQy"}],"_spriteFrame":{"__uuid__":"9bvaMerUlDyary99mJa6xp"},"_type":3,"_sizeMode":0},{"__type__":"cc.Layout","node":{"__id__":1},"_layoutSize":{"__type__":"cc.Size","width":1080,"height":1920}},{"__type__":"cc.Widget","node":{"__id__":1},"_alignFlags":45,"_originalWidth":960,"_originalHeight":300},{"__type__":"cc.BlockInputEvents","node":{"__id__":1}}],"_prefab":{"__type__":"cc.PrefabInfo","root":{"__id__":1},"asset":{"__uuid__":"fbbvqlgWFJuqUMxAUcHk+r"},"fileId":"632XwjzEpGvqao9e/BugmL"},"_color":{"__type__":"cc.Color"},"_contentSize":{"__type__":"cc.Size","width":1080,"height":1920},"_position":{"__type__":"cc.Vec3","x":540,"y":960}},{"__type__":"cc.Node","_name":"KW_PANEL_MASK","_parent":{"__id__":1},"_level":2,"_components":[{"__type__":"cc.Sprite","node":{"__id__":2},"_materials":[{"__uuid__":"ecpdLyjvZBwrvm+cedCcQy"}],"_spriteFrame":{"__uuid__":"a2MjXRFdtLlYQ5ouAFv/+R"},"_sizeMode":0},{"__type__":"cc.Widget","node":{"__id__":2},"_alignFlags":45,"_originalWidth":1280,"_originalHeight":720}],"_prefab":{"__type__":"cc.PrefabInfo","root":{"__id__":1},"asset":{"__uuid__":"fbbvqlgWFJuqUMxAUcHk+r"},"fileId":"a0PoYCYTRLDax3WwHuf2Gg"},"_opacity":150,"_color":{"__type__":"cc.Color"},"_contentSize":{"__type__":"cc.Size","width":1080,"height":1920}},{"__type__":"cc.Node","_name":"KW_LAYOUT_MATCH_USER","_parent":{"__id__":1},"_level":2,"_components":[{"__type__":"cc.Sprite","node":{"__id__":3},"_enabled":false,"_materials":[{"__uuid__":"ecpdLyjvZBwrvm+cedCcQy"}],"_spriteFrame":{"__uuid__":"9bvaMerUlDyary99mJa6xp"},"_type":1,"_sizeMode":0},{"__type__":"cc.Layout","node":{"__id__":3},"_layoutSize":{"__type__":"cc.Size","width":150,"height":150},"_resize":1,"_N$layoutType":1}],"_prefab":{"__type__":"cc.PrefabInfo","root":{"__id__":1},"asset":{"__uuid__":"fbbvqlgWFJuqUMxAUcHk+r"},"fileId":"6f4+qNvORHO5hRh1rw4C2n"},"_contentSize":{"__type__":"cc.Size","width":150,"height":150},"_position":{"__type__":"cc.Vec3","y":180}},{"__type__":"cc.Node","_name":"KW_SCROLLVIEW","_parent":{"__id__":1},"_children":[{"__id__":5}],"_active":false,"_level":2,"_components":[{"__type__":"cc.Sprite","node":{"__id__":4},"_enabled":false,"_materials":[{"__uuid__":"ecpdLyjvZBwrvm+cedCcQy"}],"_spriteFrame":{"__uuid__":"9bvaMerUlDyary99mJa6xp"},"_type":1,"_sizeMode":0},{"__type__":"cc.ScrollView","node":{"__id__":4},"vertical":false,"brake":0.75,"bounceDuration":0.23,"_N$content":{"__id__":6},"content":{"__id__":6},"_N$horizontalScrollBar":null,"_N$verticalScrollBar":null}],"_prefab":{"__type__":"cc.PrefabInfo","root":{"__id__":1},"asset":{"__uuid__":"fbbvqlgWFJuqUMxAUcHk+r"},"fileId":"07PINil0FFjK/5aiKczbLh"},"_contentSize":{"__type__":"cc.Size","width":1000,"height":300},"_position":{"__type__":"cc.Vec3","y":180}},{"__type__":"cc.Node","_name":"view","_parent":{"__id__":4},"_children":[{"__id__":6}],"_components":[{"__type__":"cc.Mask","node":{"__id__":5},"_materials":[{"__uuid__":"ecpdLyjvZBwrvm+cedCcQy"}]}],"_prefab":{"__type__":"cc.PrefabInfo","root":{"__id__":1},"asset":{"__uuid__":"fbbvqlgWFJuqUMxAUcHk+r"},"fileId":"2bTny8W/RKD7rhyMk2Cc68"},"_contentSize":{"__type__":"cc.Size","width":700,"height":300}},{"__type__":"cc.Node","_name":"content","_parent":{"__id__":5},"_components":[{"__type__":"cc.Layout","node":{"__id__":6},"_layoutSize":{"__type__":"cc.Size","width":10,"height":200},"_resize":1,"_N$layoutType":1,"_N$paddingLeft":10,"_N$paddingRight":10,"_N$spacingX":10}],"_prefab":{"__type__":"cc.PrefabInfo","root":{"__id__":1},"asset":{"__uuid__":"fbbvqlgWFJuqUMxAUcHk+r"},"fileId":"02iGto6ttAgIza9RxvyHQs"},"_contentSize":{"__type__":"cc.Size","width":10,"height":200}},{"__type__":"cc.Node","_name":"KW_UI_BTN_CANCEL","_parent":{"__id__":1},"_children":[{"__id__":8}],"_level":2,"_components":[{"__type__":"cc.Button","node":{"__id__":7},"zoomScale":0.9,"_N$transition":3,"transition":3,"_N$normalColor":{"__type__":"cc.Color","r":230,"g":230,"b":230},"_N$pressedColor":{"__type__":"cc.Color","r":200,"g":200,"b":200},"pressedColor":{"__type__":"cc.Color","r":200,"g":200,"b":200},"_N$disabledColor":{"__type__":"cc.Color","r":120,"g":120,"b":120,"a":200},"_N$normalSprite":{"__uuid__":"f0BIwQ8D5Ml7nTNQbh1YlS"},"_N$pressedSprite":{"__uuid__":"e97GVMl6JHh5Ml5qEDdSGa"},"pressedSprite":{"__uuid__":"e97GVMl6JHh5Ml5qEDdSGa"},"_N$hoverSprite":{"__uuid__":"f0BIwQ8D5Ml7nTNQbh1YlS"},"hoverSprite":{"__uuid__":"f0BIwQ8D5Ml7nTNQbh1YlS"},"_N$disabledSprite":{"__uuid__":"29FYIk+N1GYaeWH/q1NxQO"}},{"__type__":"cc.Widget","node":{"__id__":7},"_alignFlags":4,"_left":340,"_right":340,"_bottom":415.825,"_originalWidth":400},{"__type__":"cc.Sprite","node":{"__id__":7},"_materials":[{"__uuid__":"ecpdLyjvZBwrvm+cedCcQy"}],"_spriteFrame":{"__uuid__":"09xc9bhtpAsZWb0oNkFSCP"},"_sizeMode":0}],"_prefab":{"__type__":"cc.PrefabInfo","root":{"__id__":1},"asset":{"__uuid__":"fbbvqlgWFJuqUMxAUcHk+r"},"fileId":"f3IKqtW8NPAYnToTjx1ueS"},"_contentSize":{"__type__":"cc.Size","width":400,"height":150},"_position":{"__type__":"cc.Vec3","y":-469.17499999999995}},{"__type__":"cc.Node","_name":"KW_UI_LABEL_LEFTBTN","_parent":{"__id__":7},"_level":4,"_components":[{"__type__":"cc.Label","node":{"__id__":8},"_materials":[{"__uuid__":"ecpdLyjvZBwrvm+cedCcQy"}],"_useOriginalSize":false,"_string":"取消匹配","_N$string":"取消匹配","_fontSize":60,"_N$horizontalAlign":1,"_N$verticalAlign":1}],"_prefab":{"__type__":"cc.PrefabInfo","root":{"__id__":1},"asset":{"__uuid__":"fbbvqlgWFJuqUMxAUcHk+r"},"fileId":"ae2MM35ftNcZEB4HEdSDVg"},"_contentSize":{"__type__":"cc.Size","width":240,"height":50.4},"_position":{"__type__":"cc.Vec3","y":2.851}}]