[{"__type__":"cc.Prefab","_name":"HotFixUI","data":{"__id__":1}},{"__type__":"cc.Node","_name":"HotFixUI","_children":[{"__id__":2},{"__id__":3}],"_level":1,"_components":[{"__type__":"cc.Widget","node":{"__id__":1},"_alignFlags":45}],"_prefab":{"__type__":"cc.PrefabInfo","root":{"__id__":1},"asset":{"__uuid__":"4dLKYWbXVBeaOd/18wAOGE"},"fileId":"919izvyfhNpbCSIsuGnioC"},"_contentSize":{"__type__":"cc.Size","width":1080,"height":1920.0000000000002},"_position":{"__type__":"cc.Vec3","x":540,"y":960.0000000000001}},{"__type__":"cc.Node","_name":"KW_IMG_BG","_parent":{"__id__":1},"_level":3,"_components":[{"__type__":"cc.Sprite","node":{"__id__":2},"_materials":[{"__uuid__":"ecpdLyjvZBwrvm+cedCcQy"}],"_spriteFrame":{"__uuid__":"83BgBgtptHc5XRzX+ymFUm"},"_sizeMode":0},{"__type__":"cc.Widget","node":{"__id__":2},"_alignFlags":45,"_originalWidth":1280,"_originalHeight":720}],"_prefab":{"__type__":"cc.PrefabInfo","root":{"__id__":1},"asset":{"__uuid__":"4dLKYWbXVBeaOd/18wAOGE"},"fileId":"73CTllynBAILrEuRfo1PPy"},"_contentSize":{"__type__":"cc.Size","width":1080,"height":1920.0000000000002}},{"__type__":"cc.Node","_name":"KW_UI_PROGRESS","_parent":{"__id__":1},"_children":[{"__id__":4},{"__id__":5},{"__id__":7},{"__id__":8}],"_level":2,"_prefab":{"__type__":"cc.PrefabInfo","root":{"__id__":1},"asset":{"__uuid__":"4dLKYWbXVBeaOd/18wAOGE"},"fileId":"9c4cNWxYlHP5lHwZQR31tC"}},{"__type__":"cc.Node","_name":"KW_PROGRESS_BG","_parent":{"__id__":3},"_level":3,"_components":[{"__type__":"cc.Sprite","node":{"__id__":4},"_materials":[{"__uuid__":"ecpdLyjvZBwrvm+cedCcQy"}],"_spriteFrame":{"__uuid__":"2d+v4bjBRKc4XOPInDmedV"},"_sizeMode":2,"_isTrimmedMode":false}],"_prefab":{"__type__":"cc.PrefabInfo","root":{"__id__":1},"asset":{"__uuid__":"4dLKYWbXVBeaOd/18wAOGE"},"fileId":"8e4cdGwzRGHqk4zJyZhHTz"},"_contentSize":{"__type__":"cc.Size","width":1068,"height":60},"_anchorPoint":{"__type__":"cc.Vec2","y":0.5},"_position":{"__type__":"cc.Vec3","x":-527.234}},{"__type__":"cc.Node","_name":"KW_PROGRESS_BAR","_parent":{"__id__":3},"_level":3,"_components":[{"__id__":6},{"__type__":"cc.ProgressBar","node":{"__id__":5},"_N$totalLength":1045,"_N$barSprite":{"__id__":6}}],"_prefab":{"__type__":"cc.PrefabInfo","root":{"__id__":1},"asset":{"__uuid__":"4dLKYWbXVBeaOd/18wAOGE"},"fileId":"caHWbzVEZIb6fCu2WhEN0V"},"_contentSize":{"__type__":"cc.Size","width":1045,"height":36},"_anchorPoint":{"__type__":"cc.Vec2","y":0.5},"_position":{"__type__":"cc.Vec3","x":-515.631,"y":5.212}},{"__type__":"cc.Sprite","node":{"__id__":5},"_materials":[{"__uuid__":"ecpdLyjvZBwrvm+cedCcQy"}],"_spriteFrame":{"__uuid__":"8aQMkkxclKhIS5BXQFPXg0"},"_type":1,"_sizeMode":0},{"__type__":"cc.Node","_name":"KW_TEXT_PERCENT","_parent":{"__id__":3},"_active":false,"_level":3,"_components":[{"__type__":"cc.Label","node":{"__id__":7},"_materials":[{"__uuid__":"ecpdLyjvZBwrvm+cedCcQy"}],"_useOriginalSize":false,"_string":"0%","_N$string":"0%","_fontSize":50,"_N$horizontalAlign":1,"_N$verticalAlign":1}],"_prefab":{"__type__":"cc.PrefabInfo","root":{"__id__":1},"asset":{"__uuid__":"4dLKYWbXVBeaOd/18wAOGE"},"fileId":"43GeKOrVRBAKSzFhg7/4/W"},"_contentSize":{"__type__":"cc.Size","width":72.27,"height":50.4},"_position":{"__type__":"cc.Vec3","y":68.942}},{"__type__":"cc.Node","_name":"KW_TEXT_PROGRESS_TIP","_parent":{"__id__":3},"_level":3,"_components":[{"__type__":"cc.Label","node":{"__id__":8},"_materials":[{"__uuid__":"ecpdLyjvZBwrvm+cedCcQy"}],"_useOriginalSize":false,"_string":"资源加载中...","_N$string":"资源加载中...","_fontSize":50,"_N$horizontalAlign":1,"_N$verticalAlign":1}],"_prefab":{"__type__":"cc.PrefabInfo","root":{"__id__":1},"asset":{"__uuid__":"4dLKYWbXVBeaOd/18wAOGE"},"fileId":"de5SWMD95BKau/xWEMMPwN"},"_contentSize":{"__type__":"cc.Size","width":291.67,"height":50.4},"_position":{"__type__":"cc.Vec3","y":-65.613}}]