[{"__type__":"cc.Prefab","_name":"DialogMyCenter","data":{"__id__":1}},{"__type__":"cc.Node","_name":"DialogMyCenter","_children":[{"__id__":2},{"__id__":3}],"_level":1,"_components":[{"__type__":"cc.Sprite","node":{"__id__":1},"_materials":[{"__uuid__":"ecpdLyjvZBwrvm+cedCcQy"}],"_spriteFrame":{"__uuid__":"9bvaMerUlDyary99mJa6xp"},"_type":3,"_sizeMode":0},{"__type__":"cc.Layout","node":{"__id__":1},"_layoutSize":{"__type__":"cc.Size","width":1080,"height":1920}},{"__type__":"cc.Widget","node":{"__id__":1},"_alignFlags":45,"_originalWidth":960,"_originalHeight":300},{"__type__":"cc.BlockInputEvents","node":{"__id__":1}}],"_prefab":{"__type__":"cc.PrefabInfo","root":{"__id__":1},"asset":{"__uuid__":"4dc2I1nlVBtK6VToHQ+a7h"},"fileId":"632XwjzEpGvqao9e/BugmL"},"_color":{"__type__":"cc.Color"},"_contentSize":{"__type__":"cc.Size","width":1080,"height":1920},"_position":{"__type__":"cc.Vec3","x":540,"y":960}},{"__type__":"cc.Node","_name":"KW_PANEL_MASK","_parent":{"__id__":1},"_level":2,"_components":[{"__type__":"cc.Sprite","node":{"__id__":2},"_materials":[{"__uuid__":"ecpdLyjvZBwrvm+cedCcQy"}],"_spriteFrame":{"__uuid__":"a2MjXRFdtLlYQ5ouAFv/+R"},"_sizeMode":0},{"__type__":"cc.Widget","node":{"__id__":2},"_alignFlags":45,"_originalWidth":1280,"_originalHeight":720}],"_prefab":{"__type__":"cc.PrefabInfo","root":{"__id__":1},"asset":{"__uuid__":"4dc2I1nlVBtK6VToHQ+a7h"},"fileId":"a0PoYCYTRLDax3WwHuf2Gg"},"_opacity":150,"_color":{"__type__":"cc.Color"},"_contentSize":{"__type__":"cc.Size","width":1080,"height":1920}},{"__type__":"cc.Node","_name":"KW_PANE_BG","_parent":{"__id__":1},"_children":[{"__id__":4},{"__id__":6},{"__id__":8},{"__id__":10},{"__id__":11}],"_level":2,"_components":[{"__type__":"cc.Sprite","node":{"__id__":3},"_materials":[{"__uuid__":"ecpdLyjvZBwrvm+cedCcQy"}],"_spriteFrame":{"__uuid__":"e9UDVggP9D9qX+KyZuwqzt"},"_type":1,"_sizeMode":0},{"__type__":"cc.Widget","node":{"__id__":3},"_alignFlags":5,"_left":60,"_right":60,"_top":640,"_bottom":640,"_originalWidth":960,"_originalHeight":640}],"_prefab":{"__type__":"cc.PrefabInfo","root":{"__id__":1},"asset":{"__uuid__":"4dc2I1nlVBtK6VToHQ+a7h"},"fileId":"24YS5JtD9DUYZZlbyZSZAs"},"_contentSize":{"__type__":"cc.Size","width":960,"height":640}},{"__type__":"cc.Node","_name":"KW_TITLE_BG","_parent":{"__id__":3},"_children":[{"__id__":5}],"_level":3,"_components":[{"__type__":"cc.Sprite","node":{"__id__":4},"_materials":[{"__uuid__":"ecpdLyjvZBwrvm+cedCcQy"}],"_spriteFrame":{"__uuid__":"b2vSKeRCNB9LEkaG8eM0KM"},"_sizeMode":0},{"__type__":"cc.Widget","node":{"__id__":4},"_alignFlags":41,"_left":116.5,"_right":116.5,"_top":-41.08800000000002,"_originalWidth":605}],"_prefab":{"__type__":"cc.PrefabInfo","root":{"__id__":1},"asset":{"__uuid__":"4dc2I1nlVBtK6VToHQ+a7h"},"fileId":"5aptwxub1C06435LkaUObC"},"_contentSize":{"__type__":"cc.Size","width":519.2857142857143,"height":117},"_position":{"__type__":"cc.Vec3","y":285.038},"_scale":{"__type__":"cc.Vec3","x":1.4,"y":1.3,"z":1}},{"__type__":"cc.Node","_name":"KW_TEXT_TITLE","_parent":{"__id__":4},"_level":4,"_components":[{"__type__":"cc.Label","node":{"__id__":5},"_materials":[{"__uuid__":"ecpdLyjvZBwrvm+cedCcQy"}],"_useOriginalSize":false,"_string":"个人中心","_N$string":"个人中心","_N$horizontalAlign":1,"_N$verticalAlign":1}],"_prefab":{"__type__":"cc.PrefabInfo","root":{"__id__":1},"asset":{"__uuid__":"4dc2I1nlVBtK6VToHQ+a7h"},"fileId":"d86W5HhyRL2pFdXD8YaxqT"},"_contentSize":{"__type__":"cc.Size","width":160,"height":50.4},"_position":{"__type__":"cc.Vec3","y":0.666}},{"__type__":"cc.Node","_name":"KW_BTN_EXIT","_parent":{"__id__":3},"_children":[{"__id__":7}],"_level":3,"_components":[{"__type__":"cc.Button","node":{"__id__":6},"zoomScale":0.9,"_N$transition":3,"transition":3,"_N$normalColor":{"__type__":"cc.Color","r":230,"g":230,"b":230},"_N$pressedColor":{"__type__":"cc.Color","r":200,"g":200,"b":200},"pressedColor":{"__type__":"cc.Color","r":200,"g":200,"b":200},"_N$disabledColor":{"__type__":"cc.Color","r":120,"g":120,"b":120,"a":200},"_N$normalSprite":{"__uuid__":"f0BIwQ8D5Ml7nTNQbh1YlS"},"_N$pressedSprite":{"__uuid__":"e97GVMl6JHh5Ml5qEDdSGa"},"pressedSprite":{"__uuid__":"e97GVMl6JHh5Ml5qEDdSGa"},"_N$hoverSprite":{"__uuid__":"f0BIwQ8D5Ml7nTNQbh1YlS"},"hoverSprite":{"__uuid__":"f0BIwQ8D5Ml7nTNQbh1YlS"},"_N$disabledSprite":{"__uuid__":"29FYIk+N1GYaeWH/q1NxQO"}},{"__type__":"cc.Widget","node":{"__id__":6},"_alignFlags":4,"_left":303.084,"_right":296.916,"_bottom":72.10000000000002,"_originalWidth":300},{"__type__":"cc.Sprite","node":{"__id__":6},"_materials":[{"__uuid__":"ecpdLyjvZBwrvm+cedCcQy"}],"_spriteFrame":{"__uuid__":"09xc9bhtpAsZWb0oNkFSCP"},"_sizeMode":0}],"_prefab":{"__type__":"cc.PrefabInfo","root":{"__id__":1},"asset":{"__uuid__":"4dc2I1nlVBtK6VToHQ+a7h"},"fileId":"64zPOZCABF/KIi0lAJOvwp"},"_contentSize":{"__type__":"cc.Size","width":300,"height":100},"_position":{"__type__":"cc.Vec3","x":3.084000000000003,"y":-197.89999999999998}},{"__type__":"cc.Node","_name":"New Label","_parent":{"__id__":6},"_level":4,"_components":[{"__type__":"cc.Label","node":{"__id__":7},"_materials":[{"__uuid__":"ecpdLyjvZBwrvm+cedCcQy"}],"_useOriginalSize":false,"_string":"退出游戏","_N$string":"退出游戏","_N$horizontalAlign":1,"_N$verticalAlign":1}],"_prefab":{"__type__":"cc.PrefabInfo","root":{"__id__":1},"asset":{"__uuid__":"4dc2I1nlVBtK6VToHQ+a7h"},"fileId":"2bM2PJ2kBI4qC2SMVacx8M"},"_contentSize":{"__type__":"cc.Size","width":160,"height":50.4},"_position":{"__type__":"cc.Vec3","y":2.851}},{"__type__":"cc.Node","_name":"KW_BTN_CLOSE","_parent":{"__id__":3},"_children":[{"__id__":9}],"_level":3,"_components":[{"__type__":"cc.Button","node":{"__id__":8},"zoomScale":0.9,"_N$transition":3,"transition":3,"_N$normalColor":{"__type__":"cc.Color","r":230,"g":230,"b":230},"_N$pressedColor":{"__type__":"cc.Color","r":200,"g":200,"b":200},"pressedColor":{"__type__":"cc.Color","r":200,"g":200,"b":200},"_N$disabledColor":{"__type__":"cc.Color","r":120,"g":120,"b":120,"a":200},"_N$normalSprite":{"__uuid__":"f0BIwQ8D5Ml7nTNQbh1YlS"},"_N$pressedSprite":{"__uuid__":"e97GVMl6JHh5Ml5qEDdSGa"},"pressedSprite":{"__uuid__":"e97GVMl6JHh5Ml5qEDdSGa"},"_N$hoverSprite":{"__uuid__":"f0BIwQ8D5Ml7nTNQbh1YlS"},"hoverSprite":{"__uuid__":"f0BIwQ8D5Ml7nTNQbh1YlS"},"_N$disabledSprite":{"__uuid__":"29FYIk+N1GYaeWH/q1NxQO"},"_N$target":{"__id__":9}},{"__type__":"cc.Widget","node":{"__id__":8},"_alignFlags":33,"_right":10.085000000000036,"_top":24.678999999999974}],"_prefab":{"__type__":"cc.PrefabInfo","root":{"__id__":1},"asset":{"__uuid__":"4dc2I1nlVBtK6VToHQ+a7h"},"fileId":"a3I+SLU9tLZ4rVpBEogTFl"},"_contentSize":{"__type__":"cc.Size","width":50,"height":50},"_position":{"__type__":"cc.Vec3","x":419.91499999999996,"y":245.32100000000003},"_scale":{"__type__":"cc.Vec3","x":2,"y":2,"z":1}},{"__type__":"cc.Node","_name":"KW_IMG_BTN","_parent":{"__id__":8},"_level":4,"_components":[{"__type__":"cc.Sprite","node":{"__id__":9},"_materials":[{"__uuid__":"ecpdLyjvZBwrvm+cedCcQy"}],"_spriteFrame":{"__uuid__":"1ca3x0gQpG+52W3I/3f8Rc"}}],"_prefab":{"__type__":"cc.PrefabInfo","root":{"__id__":1},"asset":{"__uuid__":"4dc2I1nlVBtK6VToHQ+a7h"},"fileId":"87WAzxGY5GLpxJIBM1E8dW"},"_contentSize":{"__type__":"cc.Size","width":45,"height":44}},{"__type__":"cc.Node","_name":"KW_TEXT_NAME","_parent":{"__id__":3},"_level":3,"_components":[{"__type__":"cc.Label","node":{"__id__":10},"_materials":[{"__uuid__":"ecpdLyjvZBwrvm+cedCcQy"}],"_useOriginalSize":false,"_string":"昵称：xxx","_N$string":"昵称：xxx","_N$horizontalAlign":1,"_N$verticalAlign":1}],"_prefab":{"__type__":"cc.PrefabInfo","root":{"__id__":1},"asset":{"__uuid__":"4dc2I1nlVBtK6VToHQ+a7h"},"fileId":"25z3X5dCVHmYaWzuO6SWsc"},"_contentSize":{"__type__":"cc.Size","width":180,"height":50.4},"_anchorPoint":{"__type__":"cc.Vec2","y":0.5},"_position":{"__type__":"cc.Vec3","x":-110,"y":50.559}},{"__type__":"cc.Node","_name":"KW_TEXT_ACCOUNT","_parent":{"__id__":3},"_level":3,"_components":[{"__type__":"cc.Label","node":{"__id__":11},"_materials":[{"__uuid__":"ecpdLyjvZBwrvm+cedCcQy"}],"_useOriginalSize":false,"_string":"账号：xxx","_N$string":"账号：xxx","_N$horizontalAlign":1,"_N$verticalAlign":1}],"_prefab":{"__type__":"cc.PrefabInfo","root":{"__id__":1},"asset":{"__uuid__":"4dc2I1nlVBtK6VToHQ+a7h"},"fileId":"7fRubRCIZHjZ7DoUOdlwwg"},"_contentSize":{"__type__":"cc.Size","width":180,"height":50.4},"_anchorPoint":{"__type__":"cc.Vec2","y":0.5},"_position":{"__type__":"cc.Vec3","x":-110,"y":-30.898}}]