{"frameRate":24,"name":"Level_4","version":"5.5","compatibleVersion":"5.5","armature":[{"type":"Armature","frameRate":24,"name":"Level_4","aabb":{"x":-255,"y":-279.3,"width":510,"height":408},"bone":[{"name":"root"}],"slot":[{"name":"Body","parent":"root"},{"name":"Led_2","parent":"root"},{"name":"Led_1","parent":"root"}],"skin":[{"slot":[{"name":"Led_1","display":[{"name":"Led_1","transform":{"x":-3.4,"y":-140.4}}]},{"name":"Body","display":[{"name":"Body","transform":{"y":-75.3}}]},{"name":"Led_2","display":[{"name":"Led_2","transform":{"x":7.18,"y":-140.04}}]}]}],"animation":[{"duration":60,"playTimes":0,"name":"Idle","slot":[{"name":"Led_2","displayFrame":[{"duration":15,"value":-1},{"duration":15},{"duration":15,"value":-1},{"duration":15},{"duration":0,"value":-1}]},{"name":"Led_1","displayFrame":[{"duration":15},{"duration":15,"value":-1},{"duration":15},{"duration":15,"value":-1},{"duration":0}]}]},{"duration":60,"playTimes":0,"name":"Producing","slot":[{"name":"Led_2","displayFrame":[{"duration":15,"value":-1},{"duration":15},{"duration":15,"value":-1},{"duration":15},{"duration":0,"value":-1}]},{"name":"Led_1","displayFrame":[{"duration":15},{"duration":15,"value":-1},{"duration":15},{"duration":15,"value":-1},{"duration":0}]}]}],"defaultActions":[{"gotoAndPlay":"Idle"}]}]}