{"frameRate":24,"name":"Level_9","version":"5.5","compatibleVersion":"5.5","armature":[{"type":"Armature","frameRate":24,"name":"Level_9","aabb":{"x":-282.97,"y":-332.06,"width":578,"height":461.45},"bone":[{"name":"root"},{"length":28.560000000000002,"name":"光gu","parent":"root","transform":{"x":26.928000000000004,"y":-121.108,"skX":-88.2355,"skY":-88.2355}},{"length":62.56,"name":"黄色小花","parent":"root","transform":{"x":59.636,"y":79.52600000000001,"skX":-88.4844,"skY":-88.4844}}],"slot":[{"name":"Body","parent":"root"},{"name":"黄色小花","parent":"黄色小花"},{"name":"光gu","parent":"光gu"},{"name":"Led_1","parent":"root"}],"skin":[{"slot":[{"name":"黄色小花","display":[{"name":"黄色小花","transform":{"x":65.19,"y":-62.8,"skX":88.48,"skY":88.48}}]},{"name":"光gu","display":[{"name":"光gu","transform":{"x":31.23,"y":-27.43,"skX":88.24,"skY":88.24}}]},{"name":"Led_1","display":[{"name":"Led_1","transform":{"x":6.03,"y":-136.9,"scX":0.5,"scY":0.5}}]},{"name":"Body","display":[{"name":"Body","transform":{"y":-75.3}}]}]}],"animation":[{"duration":62,"playTimes":0,"name":"Idle","bone":[{"name":"光gu","rotateFrame":[{"duration":10},{"duration":10,"tweenEasing":0,"rotate":1.95},{"duration":10,"tweenEasing":0},{"duration":10,"tweenEasing":0,"rotate":-1.76},{"duration":22}],"scaleFrame":[{"duration":5},{"duration":5,"tweenEasing":0,"x":1.05,"y":1.05},{"duration":5,"tweenEasing":0,"x":1.1,"y":1.1},{"duration":5,"tweenEasing":0,"x":1.06,"y":1.06},{"duration":42}]},{"name":"黄色小花","rotateFrame":[{"duration":31},{"duration":10,"tweenEasing":0,"rotate":-1.52},{"duration":21}],"scaleFrame":[{"duration":11},{"duration":9,"tweenEasing":0,"x":1.08,"y":1.08},{"duration":42}]}],"slot":[{"name":"Led_1","displayFrame":[{"duration":16},{"duration":15,"value":-1},{"duration":16},{"duration":15,"value":-1},{"duration":0}]}]},{"duration":41,"playTimes":0,"name":"Producing","bone":[{"name":"光gu","rotateFrame":[{"duration":10},{"duration":10,"tweenEasing":0,"rotate":1.95},{"duration":10,"tweenEasing":0},{"duration":10,"tweenEasing":0,"rotate":-1.76},{}],"scaleFrame":[{"duration":5},{"duration":5,"tweenEasing":0,"x":1.05,"y":1.05},{"duration":5,"tweenEasing":0,"x":1.1,"y":1.1},{"duration":5,"tweenEasing":0,"x":1.06,"y":1.06},{"duration":21}]},{"name":"黄色小花","rotateFrame":[{"duration":31},{"duration":10,"tweenEasing":0,"rotate":-1.52},{"duration":0}],"scaleFrame":[{"duration":11},{"duration":9,"tweenEasing":0,"x":1.08,"y":1.08},{"duration":21}]}]}],"defaultActions":[{"gotoAndPlay":"Idle"}]}]}