{"frameRate":24,"name":"Level_6","version":"5.5","compatibleVersion":"5.5","armature":[{"type":"Armature","frameRate":24,"name":"Level_6","aabb":{"x":-255,"y":-279.98,"width":510,"height":409.36},"bone":[{"name":"root"},{"length":62.56,"name":"黄色小花","parent":"root","transform":{"x":59.636,"y":79.52600000000001,"skX":-88.4844,"skY":-88.4844}}],"slot":[{"name":"Body","parent":"root"},{"name":"黄色小花","parent":"黄色小花"},{"name":"Led_2","parent":"root"},{"name":"Led_1","parent":"root"}],"skin":[{"slot":[{"name":"Led_1","display":[{"name":"Led_1","transform":{"x":-3.4,"y":-140.4}}]},{"name":"Led_2","display":[{"name":"Led_2","transform":{"x":7.18,"y":-140.04}}]},{"name":"黄色小花","display":[{"name":"黄色小花","transform":{"x":65.19,"y":-62.8,"skX":88.48,"skY":88.48}}]},{"name":"Body","display":[{"name":"Body","transform":{"y":-75.3}}]}]}],"animation":[{"duration":60,"playTimes":0,"name":"Idle","bone":[{"name":"黄色小花","rotateFrame":[{"duration":31},{"duration":10,"tweenEasing":0,"rotate":-1.52},{"duration":19}],"scaleFrame":[{"duration":11},{"duration":9,"tweenEasing":0,"x":1.05,"y":1.05},{"duration":40}]}],"slot":[{"name":"Led_2","displayFrame":[{"duration":15,"value":-1},{"duration":15},{"duration":15,"value":-1},{"duration":15},{"duration":0,"value":-1}]},{"name":"Led_1","displayFrame":[{"duration":15},{"duration":15,"value":-1},{"duration":15},{"duration":15,"value":-1},{"duration":0}]}]},{"duration":41,"playTimes":0,"name":"Producing","bone":[{"name":"黄色小花","rotateFrame":[{"duration":31},{"duration":10,"tweenEasing":0,"rotate":-1.52},{"duration":0}],"scaleFrame":[{"duration":11},{"duration":9,"tweenEasing":0,"x":1.08,"y":1.08},{"duration":21}]}],"slot":[{"name":"Led_2","displayFrame":[{"duration":41,"value":-1}]}]}],"defaultActions":[{"gotoAndPlay":"Idle"}]}]}