{"frameRate":24,"name":"Level_0","version":"5.5","compatibleVersion":"5.5","armature":[{"type":"Armature","frameRate":24,"name":"Level_0","aabb":{"x":-192.04,"y":-130.65,"width":383.04,"height":244.08},"bone":[{"name":"root","transform":{"x":-0.5184,"y":-8.613684}}],"slot":[{"name":"Dirt_Farm","parent":"root"},{"displayIndex":1,"name":"铲","parent":"root"}],"skin":[{"slot":[{"name":"铲","display":[{"name":"Farmland1/铲","transform":{"x":43.02,"y":-1.26}},{"name":"Farmland1/倒","transform":{"x":5.38,"y":-8.35}}]},{"name":"Dirt_Farm","display":[{"name":"Farmland1/Dirt_Farm"}]}]}],"animation":[{"duration":18,"playTimes":0,"name":"Idle","slot":[{"name":"铲","displayFrame":[{"duration":9},{"duration":9,"value":1},{"duration":0}]}]}],"defaultActions":[{"gotoAndPlay":"Idle"}]}]}