{"SubTexture":[{"x":1,"y":1,"width":450,"name":"Farmland/Dirt","height":225},{"x":1,"y":228,"width":85,"name":"Farmland/Soil","height":59},{"x":453,"y":76,"width":15,"name":"Farmland/Leaf_Stem","height":66},{"x":472,"y":163,"width":20,"name":"Farmland/Leaf4","height":13},{"x":493,"y":116,"width":17,"name":"Farmland/Leaf3","height":19},{"x":494,"y":163,"width":15,"name":"Farmland/Leaf2","height":14},{"x":470,"y":126,"width":19,"name":"Farmland/Leaf1","height":15},{"x":470,"y":76,"width":37,"name":"Farmland/Tree2_Shadow","height":18},{"x":502,"y":1,"width":6,"name":"Farmland/Tree2_Stem","height":38},{"x":493,"y":96,"width":18,"name":"Farmland/Tree2","height":18},{"x":470,"y":96,"width":21,"name":"Farmland/Tree2_Stem1","height":28},{"x":472,"y":178,"width":11,"name":"Farmland/Tree2_Stem2","height":15},{"x":453,"y":163,"width":17,"name":"Farmland/Tree2_Stem3","height":17},{"x":453,"y":144,"width":46,"name":"Farmland/Tree1_Shadow","height":17},{"x":502,"y":41,"width":7,"name":"Farmland/Tree1_Stem","height":27},{"x":453,"y":1,"width":47,"name":"Farmland/Tree1","height":73}],"imagePath":"Level_2_tex.png","width":512,"name":"Level_2","height":512}