{"frameRate":24,"name":"Level_1","version":"5.5","compatibleVersion":"5.5","armature":[{"type":"Armature","frameRate":24,"name":"Level_1","aabb":{"x":-225.66,"y":-126.16,"width":450,"height":238.64},"bone":[{"name":"root","transform":{"x":-0.6576839999999999,"y":-0.198}},{"name":"root0","parent":"root","transform":{"x":119.374128,"y":-60.43968}},{"name":"root01","parent":"root","transform":{"x":59.363927999999994,"y":-30.976343999999997}},{"name":"root02","parent":"root","transform":{"x":-0.6415919999999999,"y":-1.4931720000000002}},{"name":"root03","parent":"root","transform":{"x":180.832248,"y":-29.179547999999997}},{"name":"root04","parent":"root","transform":{"x":122.24772,"y":0.6540119999999999}},{"name":"root05","parent":"root","transform":{"x":62.958383999999995,"y":30.859236}},{"name":"root06","parent":"root","transform":{"x":247.058424,"y":1.380708}},{"name":"root07","parent":"root","transform":{"x":187.40570400000001,"y":31.281119999999998}},{"name":"root08","parent":"root","transform":{"x":127.31839199999999,"y":60.955524}},{"length":19.439999999999998,"name":"Leaf31","parent":"root01","transform":{"x":-121.91399999999999,"y":-29.574,"skX":122.7478,"skY":122.7478}},{"length":64.44,"name":"Leaf_Stem","parent":"root0","transform":{"x":-119.97,"y":-0.414,"skX":-87.4286,"skY":-87.4286}},{"length":18,"name":"Leaf2","parent":"root0","transform":{"x":-111.83399999999999,"y":-48.366,"skX":39.7619,"skY":39.7619}},{"length":64.44,"name":"Leaf_Stem1","parent":"root01","transform":{"x":-119.97,"y":-0.414,"skX":-87.4286,"skY":-87.4286}},{"length":20.16,"name":"Leaf4","parent":"root0","transform":{"x":-114.858,"y":-34.362,"skX":-7.6514,"skY":-7.6514}},{"length":18,"name":"Leaf21","parent":"root01","transform":{"x":-111.83399999999999,"y":-48.366,"skX":39.7619,"skY":39.7619}},{"length":5.76,"name":"Leaf1","parent":"root0","transform":{"x":-121.338,"y":-42.102,"skX":-168.5874,"skY":-168.5874}},{"length":64.44,"name":"Leaf_Stem2","parent":"root02","transform":{"x":-119.97,"y":-0.414,"skX":-87.4286,"skY":-87.4286}},{"length":19.439999999999998,"name":"Leaf3","parent":"root0","transform":{"x":-121.91399999999999,"y":-29.574,"skX":122.7478,"skY":122.7478}},{"length":19.439999999999998,"name":"Leaf32","parent":"root02","transform":{"x":-121.91399999999999,"y":-29.574,"skX":122.7478,"skY":122.7478}},{"length":18,"name":"Leaf23","parent":"root03","transform":{"x":-111.83399999999999,"y":-48.366,"skX":39.7619,"skY":39.7619}},{"length":20.16,"name":"Leaf41","parent":"root01","transform":{"x":-114.858,"y":-34.362,"skX":-7.6514,"skY":-7.6514}},{"length":64.44,"name":"Leaf_Stem3","parent":"root03","transform":{"x":-119.97,"y":-0.414,"skX":-87.4286,"skY":-87.4286}},{"length":20.16,"name":"Leaf43","parent":"root03","transform":{"x":-114.858,"y":-34.362,"skX":-7.6514,"skY":-7.6514}},{"length":20.16,"name":"Leaf42","parent":"root02","transform":{"x":-114.858,"y":-34.362,"skX":-7.6514,"skY":-7.6514}},{"length":5.76,"name":"Leaf12","parent":"root01","transform":{"x":-121.338,"y":-42.102,"skX":-168.5874,"skY":-168.5874}},{"length":18,"name":"Leaf24","parent":"root04","transform":{"x":-111.83399999999999,"y":-48.366,"skX":39.7619,"skY":39.7619}},{"length":20.16,"name":"Leaf44","parent":"root04","transform":{"x":-114.858,"y":-34.362,"skX":-7.6514,"skY":-7.6514}},{"length":18,"name":"Leaf22","parent":"root02","transform":{"x":-111.83399999999999,"y":-48.366,"skX":39.7619,"skY":39.7619}},{"length":19.439999999999998,"name":"Leaf34","parent":"root04","transform":{"x":-121.91399999999999,"y":-29.574,"skX":122.7478,"skY":122.7478}},{"length":5.76,"name":"Leaf15","parent":"root04","transform":{"x":-121.338,"y":-42.102,"skX":-168.5874,"skY":-168.5874}},{"length":19.439999999999998,"name":"Leaf33","parent":"root03","transform":{"x":-121.91399999999999,"y":-29.574,"skX":122.7478,"skY":122.7478}},{"length":5.76,"name":"Leaf14","parent":"root03","transform":{"x":-121.338,"y":-42.102,"skX":-168.5874,"skY":-168.5874}},{"length":18,"name":"Leaf25","parent":"root05","transform":{"x":-111.83399999999999,"y":-48.366,"skX":39.7619,"skY":39.7619}},{"length":64.44,"name":"Leaf_Stem5","parent":"root05","transform":{"x":-119.97,"y":-0.414,"skX":-87.4286,"skY":-87.4286}},{"length":5.76,"name":"Leaf16","parent":"root05","transform":{"x":-121.338,"y":-42.102,"skX":-168.5874,"skY":-168.5874}},{"length":19.439999999999998,"name":"Leaf35","parent":"root05","transform":{"x":-121.91399999999999,"y":-29.574,"skX":122.7478,"skY":122.7478}},{"length":5.76,"name":"Leaf13","parent":"root02","transform":{"x":-121.338,"y":-42.102,"skX":-168.5874,"skY":-168.5874}},{"length":20.16,"name":"Leaf46","parent":"root06","transform":{"x":-114.858,"y":-34.362,"skX":-7.6514,"skY":-7.6514}},{"length":64.44,"name":"Leaf_Stem6","parent":"root06","transform":{"x":-119.97,"y":-0.414,"skX":-87.4286,"skY":-87.4286}},{"length":5.76,"name":"Leaf17","parent":"root06","transform":{"x":-121.338,"y":-42.102,"skX":-168.5874,"skY":-168.5874}},{"length":19.439999999999998,"name":"Leaf36","parent":"root06","transform":{"x":-121.91399999999999,"y":-29.574,"skX":122.7478,"skY":122.7478}},{"length":18,"name":"Leaf26","parent":"root06","transform":{"x":-111.83399999999999,"y":-48.366,"skX":39.7619,"skY":39.7619}},{"length":64.44,"name":"Leaf_Stem4","parent":"root04","transform":{"x":-119.97,"y":-0.414,"skX":-87.4286,"skY":-87.4286}},{"length":64.44,"name":"Leaf_Stem7","parent":"root07","transform":{"x":-119.97,"y":-0.414,"skX":-87.4286,"skY":-87.4286}},{"length":5.76,"name":"Leaf18","parent":"root07","transform":{"x":-121.338,"y":-42.102,"skX":-168.5874,"skY":-168.5874}},{"length":19.439999999999998,"name":"Leaf37","parent":"root07","transform":{"x":-121.91399999999999,"y":-29.574,"skX":122.7478,"skY":122.7478}},{"length":18,"name":"Leaf27","parent":"root07","transform":{"x":-111.83399999999999,"y":-48.366,"skX":39.7619,"skY":39.7619}},{"length":20.16,"name":"Leaf47","parent":"root07","transform":{"x":-114.858,"y":-34.362,"skX":-7.6514,"skY":-7.6514}},{"length":20.16,"name":"Leaf45","parent":"root05","transform":{"x":-114.858,"y":-34.362,"skX":-7.6514,"skY":-7.6514}},{"length":5.76,"name":"Leaf19","parent":"root08","transform":{"x":-121.338,"y":-42.102,"skX":-168.5874,"skY":-168.5874}},{"length":19.439999999999998,"name":"Leaf38","parent":"root08","transform":{"x":-121.91399999999999,"y":-29.574,"skX":122.7478,"skY":122.7478}},{"length":64.44,"name":"Leaf_Stem8","parent":"root08","transform":{"x":-119.97,"y":-0.414,"skX":-87.4286,"skY":-87.4286}},{"length":18,"name":"Leaf28","parent":"root08","transform":{"x":-111.83399999999999,"y":-48.366,"skX":39.7619,"skY":39.7619}},{"length":20.16,"name":"Leaf48","parent":"root08","transform":{"x":-114.858,"y":-34.362,"skX":-7.6514,"skY":-7.6514}},{"length":16.56,"name":"Leaf116","parent":"Leaf17","transform":{"x":6.142284,"y":-0.046296,"skX":-56.4126,"skY":-56.4126}},{"length":16.56,"name":"Leaf111","parent":"Leaf12","transform":{"x":6.142284,"y":-0.046296,"skX":-56.4126,"skY":-56.4126}},{"length":16.56,"name":"Leaf11","parent":"Leaf1","transform":{"x":6.142284,"y":-0.046296,"skX":-56.4126,"skY":-56.4126}},{"length":16.56,"name":"Leaf112","parent":"Leaf13","transform":{"x":6.142284,"y":-0.046296,"skX":-56.4126,"skY":-56.4126}},{"length":16.56,"name":"Leaf113","parent":"Leaf14","transform":{"x":6.142284,"y":-0.046296,"skX":-56.4126,"skY":-56.4126}},{"length":16.56,"name":"Leaf115","parent":"Leaf16","transform":{"x":6.142284,"y":-0.046296,"skX":-56.4126,"skY":-56.4126}},{"length":16.56,"name":"Leaf117","parent":"Leaf18","transform":{"x":6.142284,"y":-0.046296,"skX":-56.4126,"skY":-56.4126}},{"length":16.56,"name":"Leaf114","parent":"Leaf15","transform":{"x":6.142284,"y":-0.046296,"skX":-56.4126,"skY":-56.4126}},{"length":16.56,"name":"Leaf118","parent":"Leaf19","transform":{"x":6.142284,"y":-0.046296,"skX":-56.4126,"skY":-56.4126}}],"slot":[{"name":"Dirt","parent":"root"},{"name":"Soil","parent":"root0"},{"name":"Leaf_Stem","parent":"Leaf_Stem"},{"name":"Leaf4","parent":"Leaf4"},{"name":"Leaf3","parent":"Leaf3"},{"name":"Leaf2","parent":"Leaf2"},{"name":"Leaf1","parent":"Leaf11"},{"name":"Soil1","parent":"root01"},{"name":"Leaf_Stem1","parent":"Leaf_Stem1"},{"name":"Leaf41","parent":"Leaf41"},{"name":"Leaf31","parent":"Leaf31"},{"name":"Leaf21","parent":"Leaf21"},{"name":"Leaf11","parent":"Leaf111"},{"name":"Soil2","parent":"root02"},{"name":"Leaf_Stem2","parent":"Leaf_Stem2"},{"name":"Leaf42","parent":"Leaf42"},{"name":"Leaf32","parent":"Leaf32"},{"name":"Leaf22","parent":"Leaf22"},{"name":"Leaf12","parent":"Leaf112"},{"name":"Soil3","parent":"root03"},{"name":"Leaf_Stem3","parent":"Leaf_Stem3"},{"name":"Leaf43","parent":"Leaf43"},{"name":"Leaf33","parent":"Leaf33"},{"name":"Leaf23","parent":"Leaf23"},{"name":"Leaf13","parent":"Leaf113"},{"name":"Soil4","parent":"root04"},{"name":"Leaf_Stem4","parent":"Leaf_Stem4"},{"name":"Leaf44","parent":"Leaf44"},{"name":"Leaf34","parent":"Leaf34"},{"name":"Leaf24","parent":"Leaf24"},{"name":"Leaf14","parent":"Leaf114"},{"name":"Soil5","parent":"root05"},{"name":"Leaf_Stem5","parent":"Leaf_Stem5"},{"name":"Leaf45","parent":"Leaf45"},{"name":"Leaf35","parent":"Leaf35"},{"name":"Leaf25","parent":"Leaf25"},{"name":"Leaf15","parent":"Leaf115"},{"name":"Soil6","parent":"root06"},{"name":"Leaf_Stem6","parent":"Leaf_Stem6"},{"name":"Leaf46","parent":"Leaf46"},{"name":"Leaf36","parent":"Leaf36"},{"name":"Leaf26","parent":"Leaf26"},{"name":"Leaf16","parent":"Leaf116"},{"name":"Soil7","parent":"root07"},{"name":"Leaf_Stem7","parent":"Leaf_Stem7"},{"name":"Leaf47","parent":"Leaf47"},{"name":"Leaf37","parent":"Leaf37"},{"name":"Leaf27","parent":"Leaf27"},{"name":"Leaf17","parent":"Leaf117"},{"name":"Soil8","parent":"root08"},{"name":"Leaf_Stem8","parent":"Leaf_Stem8"},{"name":"Leaf48","parent":"Leaf48"},{"name":"Leaf38","parent":"Leaf38"},{"name":"Leaf28","parent":"Leaf28"},{"name":"Leaf18","parent":"Leaf118"}],"skin":[{"slot":[{"name":"Leaf24","display":[{"name":"Farmland/Leaf2","transform":{"x":7.87,"y":-0.76,"skX":-39.76,"skY":-39.76}}]},{"name":"Leaf42","display":[{"name":"Farmland/Leaf4","transform":{"x":10.25,"y":-0.46,"skX":7.65,"skY":7.65}}]},{"name":"Leaf_Stem7","display":[{"name":"Farmland/Leaf_Stem","transform":{"x":32.16,"y":-0.81,"skX":87.43,"skY":87.43}}]},{"name":"Soil1","display":[{"name":"Farmland/Soil","transform":{"x":-121.32,"y":-0.18}}]},{"name":"Leaf28","display":[{"name":"Farmland/Leaf2","transform":{"x":7.87,"y":-0.76,"skX":-39.76,"skY":-39.76}}]},{"name":"Soil6","display":[{"name":"Farmland/Soil","transform":{"x":-121.32,"y":-0.18}}]},{"name":"Leaf31","display":[{"name":"Farmland/Leaf3","transform":{"x":7.19,"y":-1.9,"skX":-122.75,"skY":-122.75}}]},{"name":"Leaf15","display":[{"name":"Farmland/Leaf1","transform":{"x":4.94,"y":-1.27,"skX":-135,"skY":-135}}]},{"name":"Leaf3","display":[{"name":"Farmland/Leaf3","transform":{"x":7.19,"y":-1.9,"skX":-122.75,"skY":-122.75}}]},{"name":"Leaf34","display":[{"name":"Farmland/Leaf3","transform":{"x":7.19,"y":-1.9,"skX":-122.75,"skY":-122.75}}]},{"name":"Soil7","display":[{"name":"Farmland/Soil","transform":{"x":-121.32,"y":-0.18}}]},{"name":"Leaf44","display":[{"name":"Farmland/Leaf4","transform":{"x":10.25,"y":-0.46,"skX":7.65,"skY":7.65}}]},{"name":"Leaf11","display":[{"name":"Farmland/Leaf1","transform":{"x":4.94,"y":-1.27,"skX":-135,"skY":-135}}]},{"name":"Leaf16","display":[{"name":"Farmland/Leaf1","transform":{"x":4.94,"y":-1.27,"skX":-135,"skY":-135}}]},{"name":"Leaf48","display":[{"name":"Farmland/Leaf4","transform":{"x":10.25,"y":-0.46,"skX":7.65,"skY":7.65}}]},{"name":"Leaf_Stem","display":[{"name":"Farmland/Leaf_Stem","transform":{"x":32.16,"y":-0.81,"skX":87.43,"skY":87.43}}]},{"name":"Leaf18","display":[{"name":"Farmland/Leaf1","transform":{"x":4.94,"y":-1.27,"skX":-135,"skY":-135}}]},{"name":"Leaf23","display":[{"name":"Farmland/Leaf2","transform":{"x":7.87,"y":-0.76,"skX":-39.76,"skY":-39.76}}]},{"name":"Leaf41","display":[{"name":"Farmland/Leaf4","transform":{"x":10.25,"y":-0.46,"skX":7.65,"skY":7.65}}]},{"name":"Soil","display":[{"name":"Farmland/Soil","transform":{"x":-121.32,"y":-0.18}}]},{"name":"Leaf21","display":[{"name":"Farmland/Leaf2","transform":{"x":7.87,"y":-0.76,"skX":-39.76,"skY":-39.76}}]},{"name":"Leaf1","display":[{"name":"Farmland/Leaf1","transform":{"x":4.94,"y":-1.27,"skX":-135,"skY":-135}}]},{"name":"Leaf33","display":[{"name":"Farmland/Leaf3","transform":{"x":7.19,"y":-1.9,"skX":-122.75,"skY":-122.75}}]},{"name":"Leaf_Stem4","display":[{"name":"Farmland/Leaf_Stem","transform":{"x":32.16,"y":-0.81,"skX":87.43,"skY":87.43}}]},{"name":"Leaf25","display":[{"name":"Farmland/Leaf2","transform":{"x":7.87,"y":-0.76,"skX":-39.76,"skY":-39.76}}]},{"name":"Leaf26","display":[{"name":"Farmland/Leaf2","transform":{"x":7.87,"y":-0.76,"skX":-39.76,"skY":-39.76}}]},{"name":"Leaf_Stem3","display":[{"name":"Farmland/Leaf_Stem","transform":{"x":32.16,"y":-0.81,"skX":87.43,"skY":87.43}}]},{"name":"Leaf35","display":[{"name":"Farmland/Leaf3","transform":{"x":7.19,"y":-1.9,"skX":-122.75,"skY":-122.75}}]},{"name":"Soil4","display":[{"name":"Farmland/Soil","transform":{"x":-121.32,"y":-0.18}}]},{"name":"Leaf36","display":[{"name":"Farmland/Leaf3","transform":{"x":7.19,"y":-1.9,"skX":-122.75,"skY":-122.75}}]},{"name":"Leaf27","display":[{"name":"Farmland/Leaf2","transform":{"x":7.87,"y":-0.76,"skX":-39.76,"skY":-39.76}}]},{"name":"Leaf_Stem8","display":[{"name":"Farmland/Leaf_Stem","transform":{"x":32.16,"y":-0.81,"skX":87.43,"skY":87.43}}]},{"name":"Leaf43","display":[{"name":"Farmland/Leaf4","transform":{"x":10.25,"y":-0.46,"skX":7.65,"skY":7.65}}]},{"name":"Leaf_Stem1","display":[{"name":"Farmland/Leaf_Stem","transform":{"x":32.16,"y":-0.81,"skX":87.43,"skY":87.43}}]},{"name":"Leaf32","display":[{"name":"Farmland/Leaf3","transform":{"x":7.19,"y":-1.9,"skX":-122.75,"skY":-122.75}}]},{"name":"Leaf4","display":[{"name":"Farmland/Leaf4","transform":{"x":10.25,"y":-0.46,"skX":7.65,"skY":7.65}}]},{"name":"Soil8","display":[{"name":"Farmland/Soil","transform":{"x":-121.32,"y":-0.18}}]},{"name":"Dirt","display":[{"name":"Farmland/Dirt"}]},{"name":"Leaf_Stem2","display":[{"name":"Farmland/Leaf_Stem","transform":{"x":32.16,"y":-0.81,"skX":87.43,"skY":87.43}}]},{"name":"Leaf46","display":[{"name":"Farmland/Leaf4","transform":{"x":10.25,"y":-0.46,"skX":7.65,"skY":7.65}}]},{"name":"Leaf2","display":[{"name":"Farmland/Leaf2","transform":{"x":7.87,"y":-0.76,"skX":-39.76,"skY":-39.76}}]},{"name":"Leaf38","display":[{"name":"Farmland/Leaf3","transform":{"x":7.19,"y":-1.9,"skX":-122.75,"skY":-122.75}}]},{"name":"Leaf_Stem5","display":[{"name":"Farmland/Leaf_Stem","transform":{"x":32.16,"y":-0.81,"skX":87.43,"skY":87.43}}]},{"name":"Leaf22","display":[{"name":"Farmland/Leaf2","transform":{"x":7.87,"y":-0.76,"skX":-39.76,"skY":-39.76}}]},{"name":"Leaf37","display":[{"name":"Farmland/Leaf3","transform":{"x":7.19,"y":-1.9,"skX":-122.75,"skY":-122.75}}]},{"name":"Leaf12","display":[{"name":"Farmland/Leaf1","transform":{"x":4.94,"y":-1.27,"skX":-135,"skY":-135}}]},{"name":"Leaf13","display":[{"name":"Farmland/Leaf1","transform":{"x":4.94,"y":-1.27,"skX":-135,"skY":-135}}]},{"name":"Soil5","display":[{"name":"Farmland/Soil","transform":{"x":-121.32,"y":-0.18}}]},{"name":"Leaf14","display":[{"name":"Farmland/Leaf1","transform":{"x":4.94,"y":-1.27,"skX":-135,"skY":-135}}]},{"name":"Soil3","display":[{"name":"Farmland/Soil","transform":{"x":-121.32,"y":-0.18}}]},{"name":"Soil2","display":[{"name":"Farmland/Soil","transform":{"x":-121.32,"y":-0.18}}]},{"name":"Leaf17","display":[{"name":"Farmland/Leaf1","transform":{"x":4.94,"y":-1.27,"skX":-135,"skY":-135}}]},{"name":"Leaf_Stem6","display":[{"name":"Farmland/Leaf_Stem","transform":{"x":32.16,"y":-0.81,"skX":87.43,"skY":87.43}}]},{"name":"Leaf47","display":[{"name":"Farmland/Leaf4","transform":{"x":10.25,"y":-0.46,"skX":7.65,"skY":7.65}}]},{"name":"Leaf45","display":[{"name":"Farmland/Leaf4","transform":{"x":10.25,"y":-0.46,"skX":7.65,"skY":7.65}}]}]}],"animation":[{"duration":60,"playTimes":0,"name":"Idle","bone":[{"name":"Leaf_Stem","rotateFrame":[{},{"tweenEasing":0,"rotate":-0.82},{"duration":3,"tweenEasing":0,"rotate":-2.04},{"duration":5,"tweenEasing":0,"rotate":-6.41},{"duration":10,"tweenEasing":0,"rotate":-11.68},{"duration":10,"tweenEasing":0,"rotate":3.32},{"duration":10,"tweenEasing":0,"rotate":-6.21},{"duration":10,"tweenEasing":0,"rotate":3.32},{"duration":5,"tweenEasing":0,"rotate":-11.68},{"duration":3,"tweenEasing":0,"rotate":-6.41},{"tweenEasing":0,"rotate":-2.04},{"tweenEasing":0,"rotate":-0.82},{"duration":0}]},{"name":"Leaf1","translateFrame":[{"duration":5,"tweenEasing":0},{"duration":5,"tweenEasing":0,"x":-4.46,"y":0.84},{"duration":10,"tweenEasing":0,"x":-7.98,"y":0.54},{"duration":10,"tweenEasing":0,"x":3.65,"y":0.29},{"duration":10,"tweenEasing":0,"x":-3.87,"y":-0.93},{"duration":10,"tweenEasing":0,"x":3.65,"y":0.29},{"duration":5,"tweenEasing":0,"x":-7.98,"y":0.54},{"duration":5,"tweenEasing":0,"x":-4.46,"y":0.84},{"duration":0}],"rotateFrame":[{"duration":10,"tweenEasing":0},{"duration":10,"tweenEasing":0,"rotate":-6.19},{"duration":10,"tweenEasing":0,"rotate":21.04},{"duration":10,"tweenEasing":0,"rotate":-6.46},{"duration":10,"tweenEasing":0,"rotate":21.04},{"duration":10,"tweenEasing":0,"rotate":-6.19},{"duration":0}]},{"name":"Leaf11","translateFrame":[{"duration":10,"tweenEasing":0},{"duration":10,"tweenEasing":0,"x":-0.52,"y":0.71},{"duration":20,"tweenEasing":0,"x":-0.05,"y":-0.29},{"duration":10,"tweenEasing":0,"x":-0.05,"y":-0.29},{"duration":10,"tweenEasing":0,"x":-0.52,"y":0.71},{"duration":0}],"rotateFrame":[{"duration":10,"tweenEasing":0},{"duration":40,"tweenEasing":0,"rotate":20.72},{"duration":10,"tweenEasing":0,"rotate":20.72},{"duration":0}]},{"name":"Leaf3","translateFrame":[{"duration":5,"tweenEasing":0},{"duration":5,"tweenEasing":0,"x":-3.09,"y":0.23},{"duration":10,"tweenEasing":0,"x":-6.38,"y":1.25},{"duration":10,"tweenEasing":0,"x":1.82,"y":-0.49},{"duration":10,"tweenEasing":0,"x":-3.1,"y":-0.19},{"duration":10,"tweenEasing":0,"x":1.82,"y":-0.49},{"duration":5,"tweenEasing":0,"x":-6.38,"y":1.25},{"duration":5,"tweenEasing":0,"x":-3.09,"y":0.23},{"duration":0}],"rotateFrame":[{"duration":10,"tweenEasing":0},{"duration":10,"tweenEasing":0,"rotate":4.91},{"duration":10,"tweenEasing":0,"rotate":9.32},{"duration":10,"tweenEasing":0,"rotate":-13.21},{"duration":10,"tweenEasing":0,"rotate":9.67},{"duration":10,"tweenEasing":0,"rotate":4.91},{"duration":0}],"scaleFrame":[{"duration":20,"tweenEasing":0},{"duration":10,"tweenEasing":0,"x":0.96,"y":0.99},{"duration":10,"tweenEasing":0,"x":0.91},{"duration":20,"tweenEasing":0,"x":0.96,"y":0.99},{"duration":0}]},{"name":"Leaf2","translateFrame":[{"duration":2,"tweenEasing":0,"x":-0.53,"y":2.15},{"duration":3,"tweenEasing":0,"x":-2.29,"y":2.09},{"duration":5,"tweenEasing":0,"x":-5.96,"y":3.25},{"duration":10,"tweenEasing":0,"x":-10.3,"y":2.07},{"duration":10,"tweenEasing":0,"x":1.78,"y":2.8},{"duration":10,"tweenEasing":0,"x":-5.26,"y":0.93},{"duration":10,"tweenEasing":0,"x":1.78,"y":2.8},{"duration":5,"tweenEasing":0,"x":-10.3,"y":2.07},{"duration":3,"tweenEasing":0,"x":-5.96,"y":3.25},{"duration":2,"tweenEasing":0,"x":-2.29,"y":2.09},{"duration":0,"x":-0.53,"y":2.15}],"rotateFrame":[{"duration":2,"tweenEasing":0,"rotate":-11.58},{"duration":3,"tweenEasing":0,"rotate":-30.81},{"duration":5,"tweenEasing":0,"rotate":-57.22},{"duration":10,"tweenEasing":0,"rotate":-36.76},{"duration":10,"tweenEasing":0,"rotate":-28.8},{"duration":10,"tweenEasing":0,"rotate":-11.21},{"duration":10,"tweenEasing":0,"rotate":-28.8},{"duration":5,"tweenEasing":0,"rotate":-36.76},{"duration":3,"tweenEasing":0,"rotate":-57.22},{"duration":2,"tweenEasing":0,"rotate":-30.81},{"duration":0,"rotate":-11.58}]},{"name":"Leaf4","translateFrame":[{"duration":5,"tweenEasing":0,"x":-0.61,"y":-0.31},{"duration":5,"tweenEasing":0,"x":-3.56,"y":-0.55},{"duration":10,"tweenEasing":0,"x":-6.83,"y":-1.41},{"duration":10,"tweenEasing":0,"x":1.9,"y":0.22},{"duration":10,"tweenEasing":0,"x":-3.44,"y":-1.69},{"duration":10,"tweenEasing":0,"x":1.9,"y":0.22},{"duration":5,"tweenEasing":0,"x":-6.83,"y":-1.41},{"duration":5,"tweenEasing":0,"x":-3.56,"y":-0.55},{"duration":0,"x":-0.61,"y":-0.31}],"rotateFrame":[{"duration":10,"tweenEasing":0,"rotate":22.97},{"duration":20,"tweenEasing":0,"rotate":2.72},{"duration":20,"tweenEasing":0,"rotate":36.36},{"duration":10,"tweenEasing":0,"rotate":2.72},{"duration":0,"rotate":22.97}]},{"name":"Leaf41","translateFrame":[{"duration":5,"tweenEasing":0,"x":-0.61,"y":-0.31},{"duration":5,"tweenEasing":0,"x":-3.56,"y":-0.55},{"duration":10,"tweenEasing":0,"x":-6.83,"y":-1.41},{"duration":10,"tweenEasing":0,"x":1.9,"y":0.22},{"duration":10,"tweenEasing":0,"x":-3.44,"y":-1.69},{"duration":10,"tweenEasing":0,"x":1.9,"y":0.22},{"duration":5,"tweenEasing":0,"x":-6.83,"y":-1.41},{"duration":5,"tweenEasing":0,"x":-3.56,"y":-0.55},{"duration":0,"x":-0.61,"y":-0.31}],"rotateFrame":[{"duration":10,"tweenEasing":0,"rotate":22.97},{"duration":20,"tweenEasing":0,"rotate":2.72},{"duration":20,"tweenEasing":0,"rotate":36.36},{"duration":10,"tweenEasing":0,"rotate":2.72},{"duration":0,"rotate":22.97}]},{"name":"Leaf21","translateFrame":[{"duration":2,"tweenEasing":0,"x":-0.53,"y":2.15},{"duration":3,"tweenEasing":0,"x":-2.29,"y":2.09},{"duration":5,"tweenEasing":0,"x":-5.96,"y":3.25},{"duration":10,"tweenEasing":0,"x":-10.3,"y":2.07},{"duration":10,"tweenEasing":0,"x":1.78,"y":2.8},{"duration":10,"tweenEasing":0,"x":-5.26,"y":0.93},{"duration":10,"tweenEasing":0,"x":1.78,"y":2.8},{"duration":5,"tweenEasing":0,"x":-10.3,"y":2.07},{"duration":3,"tweenEasing":0,"x":-5.96,"y":3.25},{"duration":2,"tweenEasing":0,"x":-2.29,"y":2.09},{"duration":0,"x":-0.53,"y":2.15}],"rotateFrame":[{"duration":2,"tweenEasing":0,"rotate":-11.58},{"duration":3,"tweenEasing":0,"rotate":-30.81},{"duration":5,"tweenEasing":0,"rotate":-57.22},{"duration":10,"tweenEasing":0,"rotate":-36.76},{"duration":10,"tweenEasing":0,"rotate":-28.8},{"duration":10,"tweenEasing":0,"rotate":-11.21},{"duration":10,"tweenEasing":0,"rotate":-28.8},{"duration":5,"tweenEasing":0,"rotate":-36.76},{"duration":3,"tweenEasing":0,"rotate":-57.22},{"duration":2,"tweenEasing":0,"rotate":-30.81},{"duration":0,"rotate":-11.58}]},{"name":"Leaf31","translateFrame":[{"duration":5,"tweenEasing":0},{"duration":5,"tweenEasing":0,"x":-3.09,"y":0.23},{"duration":10,"tweenEasing":0,"x":-6.38,"y":1.25},{"duration":10,"tweenEasing":0,"x":1.82,"y":-0.49},{"duration":10,"tweenEasing":0,"x":-3.1,"y":-0.19},{"duration":10,"tweenEasing":0,"x":1.82,"y":-0.49},{"duration":5,"tweenEasing":0,"x":-6.38,"y":1.25},{"duration":5,"tweenEasing":0,"x":-3.09,"y":0.23},{"duration":0}],"rotateFrame":[{"duration":10,"tweenEasing":0},{"duration":10,"tweenEasing":0,"rotate":4.91},{"duration":10,"tweenEasing":0,"rotate":9.32},{"duration":10,"tweenEasing":0,"rotate":-13.21},{"duration":10,"tweenEasing":0,"rotate":9.67},{"duration":10,"tweenEasing":0,"rotate":4.91},{"duration":0}],"scaleFrame":[{"duration":20,"tweenEasing":0},{"duration":10,"tweenEasing":0,"x":0.96,"y":0.99},{"duration":10,"tweenEasing":0,"x":0.91},{"duration":20,"tweenEasing":0,"x":0.96,"y":0.99},{"duration":0}]},{"name":"Leaf12","translateFrame":[{"duration":5,"tweenEasing":0},{"duration":5,"tweenEasing":0,"x":-4.46,"y":0.84},{"duration":10,"tweenEasing":0,"x":-7.98,"y":0.54},{"duration":10,"tweenEasing":0,"x":3.65,"y":0.29},{"duration":10,"tweenEasing":0,"x":-3.87,"y":-0.93},{"duration":10,"tweenEasing":0,"x":3.65,"y":0.29},{"duration":5,"tweenEasing":0,"x":-7.98,"y":0.54},{"duration":5,"tweenEasing":0,"x":-4.46,"y":0.84},{"duration":0}],"rotateFrame":[{"duration":10,"tweenEasing":0},{"duration":10,"tweenEasing":0,"rotate":-6.19},{"duration":10,"tweenEasing":0,"rotate":21.04},{"duration":10,"tweenEasing":0,"rotate":-6.46},{"duration":10,"tweenEasing":0,"rotate":21.04},{"duration":10,"tweenEasing":0,"rotate":-6.19},{"duration":0}]},{"name":"Leaf_Stem1","rotateFrame":[{},{"tweenEasing":0,"rotate":-0.82},{"duration":3,"tweenEasing":0,"rotate":-2.04},{"duration":5,"tweenEasing":0,"rotate":-6.41},{"duration":10,"tweenEasing":0,"rotate":-11.68},{"duration":10,"tweenEasing":0,"rotate":3.32},{"duration":10,"tweenEasing":0,"rotate":-6.21},{"duration":10,"tweenEasing":0,"rotate":3.32},{"duration":5,"tweenEasing":0,"rotate":-11.68},{"duration":3,"tweenEasing":0,"rotate":-6.41},{"tweenEasing":0,"rotate":-2.04},{"tweenEasing":0,"rotate":-0.82},{"duration":0}]},{"name":"Leaf111","translateFrame":[{"duration":10,"tweenEasing":0},{"duration":10,"tweenEasing":0,"x":-0.52,"y":0.71},{"duration":20,"tweenEasing":0,"x":-0.05,"y":-0.29},{"duration":10,"tweenEasing":0,"x":-0.05,"y":-0.29},{"duration":10,"tweenEasing":0,"x":-0.52,"y":0.71},{"duration":0}],"rotateFrame":[{"duration":10,"tweenEasing":0},{"duration":40,"tweenEasing":0,"rotate":20.72},{"duration":10,"tweenEasing":0,"rotate":20.72},{"duration":0}]},{"name":"Leaf42","translateFrame":[{"duration":5,"tweenEasing":0,"x":-0.61,"y":-0.31},{"duration":5,"tweenEasing":0,"x":-3.56,"y":-0.55},{"duration":10,"tweenEasing":0,"x":-6.83,"y":-1.41},{"duration":10,"tweenEasing":0,"x":1.9,"y":0.22},{"duration":10,"tweenEasing":0,"x":-3.44,"y":-1.69},{"duration":10,"tweenEasing":0,"x":1.9,"y":0.22},{"duration":5,"tweenEasing":0,"x":-6.83,"y":-1.41},{"duration":5,"tweenEasing":0,"x":-3.56,"y":-0.55},{"duration":0,"x":-0.61,"y":-0.31}],"rotateFrame":[{"duration":10,"tweenEasing":0,"rotate":22.97},{"duration":20,"tweenEasing":0,"rotate":2.72},{"duration":20,"tweenEasing":0,"rotate":36.36},{"duration":10,"tweenEasing":0,"rotate":2.72},{"duration":0,"rotate":22.97}]},{"name":"Leaf22","translateFrame":[{"duration":2,"tweenEasing":0,"x":-0.53,"y":2.15},{"duration":3,"tweenEasing":0,"x":-2.29,"y":2.09},{"duration":5,"tweenEasing":0,"x":-5.96,"y":3.25},{"duration":10,"tweenEasing":0,"x":-10.3,"y":2.07},{"duration":10,"tweenEasing":0,"x":1.78,"y":2.8},{"duration":10,"tweenEasing":0,"x":-5.26,"y":0.93},{"duration":10,"tweenEasing":0,"x":1.78,"y":2.8},{"duration":5,"tweenEasing":0,"x":-10.3,"y":2.07},{"duration":3,"tweenEasing":0,"x":-5.96,"y":3.25},{"duration":2,"tweenEasing":0,"x":-2.29,"y":2.09},{"duration":0,"x":-0.53,"y":2.15}],"rotateFrame":[{"duration":2,"tweenEasing":0,"rotate":-11.58},{"duration":3,"tweenEasing":0,"rotate":-30.81},{"duration":5,"tweenEasing":0,"rotate":-57.22},{"duration":10,"tweenEasing":0,"rotate":-36.76},{"duration":10,"tweenEasing":0,"rotate":-28.8},{"duration":10,"tweenEasing":0,"rotate":-11.21},{"duration":10,"tweenEasing":0,"rotate":-28.8},{"duration":5,"tweenEasing":0,"rotate":-36.76},{"duration":3,"tweenEasing":0,"rotate":-57.22},{"duration":2,"tweenEasing":0,"rotate":-30.81},{"duration":0,"rotate":-11.58}]},{"name":"Leaf32","translateFrame":[{"duration":5,"tweenEasing":0},{"duration":5,"tweenEasing":0,"x":-3.09,"y":0.23},{"duration":10,"tweenEasing":0,"x":-6.38,"y":1.25},{"duration":10,"tweenEasing":0,"x":1.82,"y":-0.49},{"duration":10,"tweenEasing":0,"x":-3.1,"y":-0.19},{"duration":10,"tweenEasing":0,"x":1.82,"y":-0.49},{"duration":5,"tweenEasing":0,"x":-6.38,"y":1.25},{"duration":5,"tweenEasing":0,"x":-3.09,"y":0.23},{"duration":0}],"rotateFrame":[{"duration":10,"tweenEasing":0},{"duration":10,"tweenEasing":0,"rotate":4.91},{"duration":10,"tweenEasing":0,"rotate":9.32},{"duration":10,"tweenEasing":0,"rotate":-13.21},{"duration":10,"tweenEasing":0,"rotate":9.67},{"duration":10,"tweenEasing":0,"rotate":4.91},{"duration":0}],"scaleFrame":[{"duration":20,"tweenEasing":0},{"duration":10,"tweenEasing":0,"x":0.96,"y":0.99},{"duration":10,"tweenEasing":0,"x":0.91},{"duration":20,"tweenEasing":0,"x":0.96,"y":0.99},{"duration":0}]},{"name":"Leaf13","translateFrame":[{"duration":5,"tweenEasing":0},{"duration":5,"tweenEasing":0,"x":-4.46,"y":0.84},{"duration":10,"tweenEasing":0,"x":-7.98,"y":0.54},{"duration":10,"tweenEasing":0,"x":3.65,"y":0.29},{"duration":10,"tweenEasing":0,"x":-3.87,"y":-0.93},{"duration":10,"tweenEasing":0,"x":3.65,"y":0.29},{"duration":5,"tweenEasing":0,"x":-7.98,"y":0.54},{"duration":5,"tweenEasing":0,"x":-4.46,"y":0.84},{"duration":0}],"rotateFrame":[{"duration":10,"tweenEasing":0},{"duration":10,"tweenEasing":0,"rotate":-6.19},{"duration":10,"tweenEasing":0,"rotate":21.04},{"duration":10,"tweenEasing":0,"rotate":-6.46},{"duration":10,"tweenEasing":0,"rotate":21.04},{"duration":10,"tweenEasing":0,"rotate":-6.19},{"duration":0}]},{"name":"Leaf_Stem2","rotateFrame":[{},{"tweenEasing":0,"rotate":-0.82},{"duration":3,"tweenEasing":0,"rotate":-2.04},{"duration":5,"tweenEasing":0,"rotate":-6.41},{"duration":10,"tweenEasing":0,"rotate":-11.68},{"duration":10,"tweenEasing":0,"rotate":3.32},{"duration":10,"tweenEasing":0,"rotate":-6.21},{"duration":10,"tweenEasing":0,"rotate":3.32},{"duration":5,"tweenEasing":0,"rotate":-11.68},{"duration":3,"tweenEasing":0,"rotate":-6.41},{"tweenEasing":0,"rotate":-2.04},{"tweenEasing":0,"rotate":-0.82},{"duration":0}]},{"name":"Leaf112","translateFrame":[{"duration":10,"tweenEasing":0},{"duration":10,"tweenEasing":0,"x":-0.52,"y":0.71},{"duration":20,"tweenEasing":0,"x":-0.05,"y":-0.29},{"duration":10,"tweenEasing":0,"x":-0.05,"y":-0.29},{"duration":10,"tweenEasing":0,"x":-0.52,"y":0.71},{"duration":0}],"rotateFrame":[{"duration":10,"tweenEasing":0},{"duration":40,"tweenEasing":0,"rotate":20.72},{"duration":10,"tweenEasing":0,"rotate":20.72},{"duration":0}]},{"name":"Leaf43","translateFrame":[{"duration":5,"tweenEasing":0,"x":-0.61,"y":-0.31},{"duration":5,"tweenEasing":0,"x":-3.56,"y":-0.55},{"duration":10,"tweenEasing":0,"x":-6.83,"y":-1.41},{"duration":10,"tweenEasing":0,"x":1.9,"y":0.22},{"duration":10,"tweenEasing":0,"x":-3.44,"y":-1.69},{"duration":10,"tweenEasing":0,"x":1.9,"y":0.22},{"duration":5,"tweenEasing":0,"x":-6.83,"y":-1.41},{"duration":5,"tweenEasing":0,"x":-3.56,"y":-0.55},{"duration":0,"x":-0.61,"y":-0.31}],"rotateFrame":[{"duration":10,"tweenEasing":0,"rotate":22.97},{"duration":20,"tweenEasing":0,"rotate":2.72},{"duration":20,"tweenEasing":0,"rotate":36.36},{"duration":10,"tweenEasing":0,"rotate":2.72},{"duration":0,"rotate":22.97}]},{"name":"Leaf23","translateFrame":[{"duration":2,"tweenEasing":0,"x":-0.53,"y":2.15},{"duration":3,"tweenEasing":0,"x":-2.29,"y":2.09},{"duration":5,"tweenEasing":0,"x":-5.96,"y":3.25},{"duration":10,"tweenEasing":0,"x":-10.3,"y":2.07},{"duration":10,"tweenEasing":0,"x":1.78,"y":2.8},{"duration":10,"tweenEasing":0,"x":-5.26,"y":0.93},{"duration":10,"tweenEasing":0,"x":1.78,"y":2.8},{"duration":5,"tweenEasing":0,"x":-10.3,"y":2.07},{"duration":3,"tweenEasing":0,"x":-5.96,"y":3.25},{"duration":2,"tweenEasing":0,"x":-2.29,"y":2.09},{"duration":0,"x":-0.53,"y":2.15}],"rotateFrame":[{"duration":2,"tweenEasing":0,"rotate":-11.58},{"duration":3,"tweenEasing":0,"rotate":-30.81},{"duration":5,"tweenEasing":0,"rotate":-57.22},{"duration":10,"tweenEasing":0,"rotate":-36.76},{"duration":10,"tweenEasing":0,"rotate":-28.8},{"duration":10,"tweenEasing":0,"rotate":-11.21},{"duration":10,"tweenEasing":0,"rotate":-28.8},{"duration":5,"tweenEasing":0,"rotate":-36.76},{"duration":3,"tweenEasing":0,"rotate":-57.22},{"duration":2,"tweenEasing":0,"rotate":-30.81},{"duration":0,"rotate":-11.58}]},{"name":"Leaf33","translateFrame":[{"duration":5,"tweenEasing":0},{"duration":5,"tweenEasing":0,"x":-3.09,"y":0.23},{"duration":10,"tweenEasing":0,"x":-6.38,"y":1.25},{"duration":10,"tweenEasing":0,"x":1.82,"y":-0.49},{"duration":10,"tweenEasing":0,"x":-3.1,"y":-0.19},{"duration":10,"tweenEasing":0,"x":1.82,"y":-0.49},{"duration":5,"tweenEasing":0,"x":-6.38,"y":1.25},{"duration":5,"tweenEasing":0,"x":-3.09,"y":0.23},{"duration":0}],"rotateFrame":[{"duration":10,"tweenEasing":0},{"duration":10,"tweenEasing":0,"rotate":4.91},{"duration":10,"tweenEasing":0,"rotate":9.32},{"duration":10,"tweenEasing":0,"rotate":-13.21},{"duration":10,"tweenEasing":0,"rotate":9.67},{"duration":10,"tweenEasing":0,"rotate":4.91},{"duration":0}],"scaleFrame":[{"duration":20,"tweenEasing":0},{"duration":10,"tweenEasing":0,"x":0.96,"y":0.99},{"duration":10,"tweenEasing":0,"x":0.91},{"duration":20,"tweenEasing":0,"x":0.96,"y":0.99},{"duration":0}]},{"name":"Leaf14","translateFrame":[{"duration":5,"tweenEasing":0},{"duration":5,"tweenEasing":0,"x":-4.46,"y":0.84},{"duration":10,"tweenEasing":0,"x":-7.98,"y":0.54},{"duration":10,"tweenEasing":0,"x":3.65,"y":0.29},{"duration":10,"tweenEasing":0,"x":-3.87,"y":-0.93},{"duration":10,"tweenEasing":0,"x":3.65,"y":0.29},{"duration":5,"tweenEasing":0,"x":-7.98,"y":0.54},{"duration":5,"tweenEasing":0,"x":-4.46,"y":0.84},{"duration":0}],"rotateFrame":[{"duration":10,"tweenEasing":0},{"duration":10,"tweenEasing":0,"rotate":-6.19},{"duration":10,"tweenEasing":0,"rotate":21.04},{"duration":10,"tweenEasing":0,"rotate":-6.46},{"duration":10,"tweenEasing":0,"rotate":21.04},{"duration":10,"tweenEasing":0,"rotate":-6.19},{"duration":0}]},{"name":"Leaf_Stem3","rotateFrame":[{},{"tweenEasing":0,"rotate":-0.82},{"duration":3,"tweenEasing":0,"rotate":-2.04},{"duration":5,"tweenEasing":0,"rotate":-6.41},{"duration":10,"tweenEasing":0,"rotate":-11.68},{"duration":10,"tweenEasing":0,"rotate":3.32},{"duration":10,"tweenEasing":0,"rotate":-6.21},{"duration":10,"tweenEasing":0,"rotate":3.32},{"duration":5,"tweenEasing":0,"rotate":-11.68},{"duration":3,"tweenEasing":0,"rotate":-6.41},{"tweenEasing":0,"rotate":-2.04},{"tweenEasing":0,"rotate":-0.82},{"duration":0}]},{"name":"Leaf113","translateFrame":[{"duration":10,"tweenEasing":0},{"duration":10,"tweenEasing":0,"x":-0.52,"y":0.71},{"duration":20,"tweenEasing":0,"x":-0.05,"y":-0.29},{"duration":10,"tweenEasing":0,"x":-0.05,"y":-0.29},{"duration":10,"tweenEasing":0,"x":-0.52,"y":0.71},{"duration":0}],"rotateFrame":[{"duration":10,"tweenEasing":0},{"duration":40,"tweenEasing":0,"rotate":20.72},{"duration":10,"tweenEasing":0,"rotate":20.72},{"duration":0}]},{"name":"Leaf44","translateFrame":[{"duration":5,"tweenEasing":0,"x":-0.61,"y":-0.31},{"duration":5,"tweenEasing":0,"x":-3.56,"y":-0.55},{"duration":10,"tweenEasing":0,"x":-6.83,"y":-1.41},{"duration":10,"tweenEasing":0,"x":1.9,"y":0.22},{"duration":10,"tweenEasing":0,"x":-3.44,"y":-1.69},{"duration":10,"tweenEasing":0,"x":1.9,"y":0.22},{"duration":5,"tweenEasing":0,"x":-6.83,"y":-1.41},{"duration":5,"tweenEasing":0,"x":-3.56,"y":-0.55},{"duration":0,"x":-0.61,"y":-0.31}],"rotateFrame":[{"duration":10,"tweenEasing":0,"rotate":22.97},{"duration":20,"tweenEasing":0,"rotate":2.72},{"duration":20,"tweenEasing":0,"rotate":36.36},{"duration":10,"tweenEasing":0,"rotate":2.72},{"duration":0,"rotate":22.97}]},{"name":"Leaf24","translateFrame":[{"duration":2,"tweenEasing":0,"x":-0.53,"y":2.15},{"duration":3,"tweenEasing":0,"x":-2.29,"y":2.09},{"duration":5,"tweenEasing":0,"x":-5.96,"y":3.25},{"duration":10,"tweenEasing":0,"x":-10.3,"y":2.07},{"duration":10,"tweenEasing":0,"x":1.78,"y":2.8},{"duration":10,"tweenEasing":0,"x":-5.26,"y":0.93},{"duration":10,"tweenEasing":0,"x":1.78,"y":2.8},{"duration":5,"tweenEasing":0,"x":-10.3,"y":2.07},{"duration":3,"tweenEasing":0,"x":-5.96,"y":3.25},{"duration":2,"tweenEasing":0,"x":-2.29,"y":2.09},{"duration":0,"x":-0.53,"y":2.15}],"rotateFrame":[{"duration":2,"tweenEasing":0,"rotate":-11.58},{"duration":3,"tweenEasing":0,"rotate":-30.81},{"duration":5,"tweenEasing":0,"rotate":-57.22},{"duration":10,"tweenEasing":0,"rotate":-36.76},{"duration":10,"tweenEasing":0,"rotate":-28.8},{"duration":10,"tweenEasing":0,"rotate":-11.21},{"duration":10,"tweenEasing":0,"rotate":-28.8},{"duration":5,"tweenEasing":0,"rotate":-36.76},{"duration":3,"tweenEasing":0,"rotate":-57.22},{"duration":2,"tweenEasing":0,"rotate":-30.81},{"duration":0,"rotate":-11.58}]},{"name":"Leaf34","translateFrame":[{"duration":5,"tweenEasing":0},{"duration":5,"tweenEasing":0,"x":-3.09,"y":0.23},{"duration":10,"tweenEasing":0,"x":-6.38,"y":1.25},{"duration":10,"tweenEasing":0,"x":1.82,"y":-0.49},{"duration":10,"tweenEasing":0,"x":-3.1,"y":-0.19},{"duration":10,"tweenEasing":0,"x":1.82,"y":-0.49},{"duration":5,"tweenEasing":0,"x":-6.38,"y":1.25},{"duration":5,"tweenEasing":0,"x":-3.09,"y":0.23},{"duration":0}],"rotateFrame":[{"duration":10,"tweenEasing":0},{"duration":10,"tweenEasing":0,"rotate":4.91},{"duration":10,"tweenEasing":0,"rotate":9.32},{"duration":10,"tweenEasing":0,"rotate":-13.21},{"duration":10,"tweenEasing":0,"rotate":9.67},{"duration":10,"tweenEasing":0,"rotate":4.91},{"duration":0}],"scaleFrame":[{"duration":20,"tweenEasing":0},{"duration":10,"tweenEasing":0,"x":0.96,"y":0.99},{"duration":10,"tweenEasing":0,"x":0.91},{"duration":20,"tweenEasing":0,"x":0.96,"y":0.99},{"duration":0}]},{"name":"Leaf15","translateFrame":[{"duration":5,"tweenEasing":0},{"duration":5,"tweenEasing":0,"x":-4.46,"y":0.84},{"duration":10,"tweenEasing":0,"x":-7.98,"y":0.54},{"duration":10,"tweenEasing":0,"x":3.65,"y":0.29},{"duration":10,"tweenEasing":0,"x":-3.87,"y":-0.93},{"duration":10,"tweenEasing":0,"x":3.65,"y":0.29},{"duration":5,"tweenEasing":0,"x":-7.98,"y":0.54},{"duration":5,"tweenEasing":0,"x":-4.46,"y":0.84},{"duration":0}],"rotateFrame":[{"duration":10,"tweenEasing":0},{"duration":10,"tweenEasing":0,"rotate":-6.19},{"duration":10,"tweenEasing":0,"rotate":21.04},{"duration":10,"tweenEasing":0,"rotate":-6.46},{"duration":10,"tweenEasing":0,"rotate":21.04},{"duration":10,"tweenEasing":0,"rotate":-6.19},{"duration":0}]},{"name":"Leaf_Stem4","rotateFrame":[{},{"tweenEasing":0,"rotate":-0.82},{"duration":3,"tweenEasing":0,"rotate":-2.04},{"duration":5,"tweenEasing":0,"rotate":-6.41},{"duration":10,"tweenEasing":0,"rotate":-11.68},{"duration":10,"tweenEasing":0,"rotate":3.32},{"duration":10,"tweenEasing":0,"rotate":-6.21},{"duration":10,"tweenEasing":0,"rotate":3.32},{"duration":5,"tweenEasing":0,"rotate":-11.68},{"duration":3,"tweenEasing":0,"rotate":-6.41},{"tweenEasing":0,"rotate":-2.04},{"tweenEasing":0,"rotate":-0.82},{"duration":0}]},{"name":"Leaf114","translateFrame":[{"duration":10,"tweenEasing":0},{"duration":10,"tweenEasing":0,"x":-0.52,"y":0.71},{"duration":20,"tweenEasing":0,"x":-0.05,"y":-0.29},{"duration":10,"tweenEasing":0,"x":-0.05,"y":-0.29},{"duration":10,"tweenEasing":0,"x":-0.52,"y":0.71},{"duration":0}],"rotateFrame":[{"duration":10,"tweenEasing":0},{"duration":40,"tweenEasing":0,"rotate":20.72},{"duration":10,"tweenEasing":0,"rotate":20.72},{"duration":0}]},{"name":"Leaf45","translateFrame":[{"duration":5,"tweenEasing":0,"x":-0.61,"y":-0.31},{"duration":5,"tweenEasing":0,"x":-3.56,"y":-0.55},{"duration":10,"tweenEasing":0,"x":-6.83,"y":-1.41},{"duration":10,"tweenEasing":0,"x":1.9,"y":0.22},{"duration":10,"tweenEasing":0,"x":-3.44,"y":-1.69},{"duration":10,"tweenEasing":0,"x":1.9,"y":0.22},{"duration":5,"tweenEasing":0,"x":-6.83,"y":-1.41},{"duration":5,"tweenEasing":0,"x":-3.56,"y":-0.55},{"duration":0,"x":-0.61,"y":-0.31}],"rotateFrame":[{"duration":10,"tweenEasing":0,"rotate":22.97},{"duration":20,"tweenEasing":0,"rotate":2.72},{"duration":20,"tweenEasing":0,"rotate":36.36},{"duration":10,"tweenEasing":0,"rotate":2.72},{"duration":0,"rotate":22.97}]},{"name":"Leaf25","translateFrame":[{"duration":2,"tweenEasing":0,"x":-0.53,"y":2.15},{"duration":3,"tweenEasing":0,"x":-2.29,"y":2.09},{"duration":5,"tweenEasing":0,"x":-5.96,"y":3.25},{"duration":10,"tweenEasing":0,"x":-10.3,"y":2.07},{"duration":10,"tweenEasing":0,"x":1.78,"y":2.8},{"duration":10,"tweenEasing":0,"x":-5.26,"y":0.93},{"duration":10,"tweenEasing":0,"x":1.78,"y":2.8},{"duration":5,"tweenEasing":0,"x":-10.3,"y":2.07},{"duration":3,"tweenEasing":0,"x":-5.96,"y":3.25},{"duration":2,"tweenEasing":0,"x":-2.29,"y":2.09},{"duration":0,"x":-0.53,"y":2.15}],"rotateFrame":[{"duration":2,"tweenEasing":0,"rotate":-11.58},{"duration":3,"tweenEasing":0,"rotate":-30.81},{"duration":5,"tweenEasing":0,"rotate":-57.22},{"duration":10,"tweenEasing":0,"rotate":-36.76},{"duration":10,"tweenEasing":0,"rotate":-28.8},{"duration":10,"tweenEasing":0,"rotate":-11.21},{"duration":10,"tweenEasing":0,"rotate":-28.8},{"duration":5,"tweenEasing":0,"rotate":-36.76},{"duration":3,"tweenEasing":0,"rotate":-57.22},{"duration":2,"tweenEasing":0,"rotate":-30.81},{"duration":0,"rotate":-11.58}]},{"name":"Leaf35","translateFrame":[{"duration":5,"tweenEasing":0},{"duration":5,"tweenEasing":0,"x":-3.09,"y":0.23},{"duration":10,"tweenEasing":0,"x":-6.38,"y":1.25},{"duration":10,"tweenEasing":0,"x":1.82,"y":-0.49},{"duration":10,"tweenEasing":0,"x":-3.1,"y":-0.19},{"duration":10,"tweenEasing":0,"x":1.82,"y":-0.49},{"duration":5,"tweenEasing":0,"x":-6.38,"y":1.25},{"duration":5,"tweenEasing":0,"x":-3.09,"y":0.23},{"duration":0}],"rotateFrame":[{"duration":10,"tweenEasing":0},{"duration":10,"tweenEasing":0,"rotate":4.91},{"duration":10,"tweenEasing":0,"rotate":9.32},{"duration":10,"tweenEasing":0,"rotate":-13.21},{"duration":10,"tweenEasing":0,"rotate":9.67},{"duration":10,"tweenEasing":0,"rotate":4.91},{"duration":0}],"scaleFrame":[{"duration":20,"tweenEasing":0},{"duration":10,"tweenEasing":0,"x":0.96,"y":0.99},{"duration":10,"tweenEasing":0,"x":0.91},{"duration":20,"tweenEasing":0,"x":0.96,"y":0.99},{"duration":0}]},{"name":"Leaf16","translateFrame":[{"duration":5,"tweenEasing":0},{"duration":5,"tweenEasing":0,"x":-4.46,"y":0.84},{"duration":10,"tweenEasing":0,"x":-7.98,"y":0.54},{"duration":10,"tweenEasing":0,"x":3.65,"y":0.29},{"duration":10,"tweenEasing":0,"x":-3.87,"y":-0.93},{"duration":10,"tweenEasing":0,"x":3.65,"y":0.29},{"duration":5,"tweenEasing":0,"x":-7.98,"y":0.54},{"duration":5,"tweenEasing":0,"x":-4.46,"y":0.84},{"duration":0}],"rotateFrame":[{"duration":10,"tweenEasing":0},{"duration":10,"tweenEasing":0,"rotate":-6.19},{"duration":10,"tweenEasing":0,"rotate":21.04},{"duration":10,"tweenEasing":0,"rotate":-6.46},{"duration":10,"tweenEasing":0,"rotate":21.04},{"duration":10,"tweenEasing":0,"rotate":-6.19},{"duration":0}]},{"name":"Leaf_Stem5","rotateFrame":[{},{"tweenEasing":0,"rotate":-0.82},{"duration":3,"tweenEasing":0,"rotate":-2.04},{"duration":5,"tweenEasing":0,"rotate":-6.41},{"duration":10,"tweenEasing":0,"rotate":-11.68},{"duration":10,"tweenEasing":0,"rotate":3.32},{"duration":10,"tweenEasing":0,"rotate":-6.21},{"duration":10,"tweenEasing":0,"rotate":3.32},{"duration":5,"tweenEasing":0,"rotate":-11.68},{"duration":3,"tweenEasing":0,"rotate":-6.41},{"tweenEasing":0,"rotate":-2.04},{"tweenEasing":0,"rotate":-0.82},{"duration":0}]},{"name":"Leaf115","translateFrame":[{"duration":10,"tweenEasing":0},{"duration":10,"tweenEasing":0,"x":-0.52,"y":0.71},{"duration":20,"tweenEasing":0,"x":-0.05,"y":-0.29},{"duration":10,"tweenEasing":0,"x":-0.05,"y":-0.29},{"duration":10,"tweenEasing":0,"x":-0.52,"y":0.71},{"duration":0}],"rotateFrame":[{"duration":10,"tweenEasing":0},{"duration":40,"tweenEasing":0,"rotate":20.72},{"duration":10,"tweenEasing":0,"rotate":20.72},{"duration":0}]},{"name":"Leaf46","translateFrame":[{"duration":5,"tweenEasing":0,"x":-0.61,"y":-0.31},{"duration":5,"tweenEasing":0,"x":-3.56,"y":-0.55},{"duration":10,"tweenEasing":0,"x":-6.83,"y":-1.41},{"duration":10,"tweenEasing":0,"x":1.9,"y":0.22},{"duration":10,"tweenEasing":0,"x":-3.44,"y":-1.69},{"duration":10,"tweenEasing":0,"x":1.9,"y":0.22},{"duration":5,"tweenEasing":0,"x":-6.83,"y":-1.41},{"duration":5,"tweenEasing":0,"x":-3.56,"y":-0.55},{"duration":0,"x":-0.61,"y":-0.31}],"rotateFrame":[{"duration":10,"tweenEasing":0,"rotate":22.97},{"duration":20,"tweenEasing":0,"rotate":2.72},{"duration":20,"tweenEasing":0,"rotate":36.36},{"duration":10,"tweenEasing":0,"rotate":2.72},{"duration":0,"rotate":22.97}]},{"name":"Leaf26","translateFrame":[{"duration":2,"tweenEasing":0,"x":-0.53,"y":2.15},{"duration":3,"tweenEasing":0,"x":-2.29,"y":2.09},{"duration":5,"tweenEasing":0,"x":-5.96,"y":3.25},{"duration":10,"tweenEasing":0,"x":-10.3,"y":2.07},{"duration":10,"tweenEasing":0,"x":1.78,"y":2.8},{"duration":10,"tweenEasing":0,"x":-5.26,"y":0.93},{"duration":10,"tweenEasing":0,"x":1.78,"y":2.8},{"duration":5,"tweenEasing":0,"x":-10.3,"y":2.07},{"duration":3,"tweenEasing":0,"x":-5.96,"y":3.25},{"duration":2,"tweenEasing":0,"x":-2.29,"y":2.09},{"duration":0,"x":-0.53,"y":2.15}],"rotateFrame":[{"duration":2,"tweenEasing":0,"rotate":-11.58},{"duration":3,"tweenEasing":0,"rotate":-30.81},{"duration":5,"tweenEasing":0,"rotate":-57.22},{"duration":10,"tweenEasing":0,"rotate":-36.76},{"duration":10,"tweenEasing":0,"rotate":-28.8},{"duration":10,"tweenEasing":0,"rotate":-11.21},{"duration":10,"tweenEasing":0,"rotate":-28.8},{"duration":5,"tweenEasing":0,"rotate":-36.76},{"duration":3,"tweenEasing":0,"rotate":-57.22},{"duration":2,"tweenEasing":0,"rotate":-30.81},{"duration":0,"rotate":-11.58}]},{"name":"Leaf36","translateFrame":[{"duration":5,"tweenEasing":0},{"duration":5,"tweenEasing":0,"x":-3.09,"y":0.23},{"duration":10,"tweenEasing":0,"x":-6.38,"y":1.25},{"duration":10,"tweenEasing":0,"x":1.82,"y":-0.49},{"duration":10,"tweenEasing":0,"x":-3.1,"y":-0.19},{"duration":10,"tweenEasing":0,"x":1.82,"y":-0.49},{"duration":5,"tweenEasing":0,"x":-6.38,"y":1.25},{"duration":5,"tweenEasing":0,"x":-3.09,"y":0.23},{"duration":0}],"rotateFrame":[{"duration":10,"tweenEasing":0},{"duration":10,"tweenEasing":0,"rotate":4.91},{"duration":10,"tweenEasing":0,"rotate":9.32},{"duration":10,"tweenEasing":0,"rotate":-13.21},{"duration":10,"tweenEasing":0,"rotate":9.67},{"duration":10,"tweenEasing":0,"rotate":4.91},{"duration":0}],"scaleFrame":[{"duration":20,"tweenEasing":0},{"duration":10,"tweenEasing":0,"x":0.96,"y":0.99},{"duration":10,"tweenEasing":0,"x":0.91},{"duration":20,"tweenEasing":0,"x":0.96,"y":0.99},{"duration":0}]},{"name":"Leaf17","translateFrame":[{"duration":5,"tweenEasing":0},{"duration":5,"tweenEasing":0,"x":-4.46,"y":0.84},{"duration":10,"tweenEasing":0,"x":-7.98,"y":0.54},{"duration":10,"tweenEasing":0,"x":3.65,"y":0.29},{"duration":10,"tweenEasing":0,"x":-3.87,"y":-0.93},{"duration":10,"tweenEasing":0,"x":3.65,"y":0.29},{"duration":5,"tweenEasing":0,"x":-7.98,"y":0.54},{"duration":5,"tweenEasing":0,"x":-4.46,"y":0.84},{"duration":0}],"rotateFrame":[{"duration":10,"tweenEasing":0},{"duration":10,"tweenEasing":0,"rotate":-6.19},{"duration":10,"tweenEasing":0,"rotate":21.04},{"duration":10,"tweenEasing":0,"rotate":-6.46},{"duration":10,"tweenEasing":0,"rotate":21.04},{"duration":10,"tweenEasing":0,"rotate":-6.19},{"duration":0}]},{"name":"Leaf_Stem6","rotateFrame":[{},{"tweenEasing":0,"rotate":-0.82},{"duration":3,"tweenEasing":0,"rotate":-2.04},{"duration":5,"tweenEasing":0,"rotate":-6.41},{"duration":10,"tweenEasing":0,"rotate":-11.68},{"duration":10,"tweenEasing":0,"rotate":3.32},{"duration":10,"tweenEasing":0,"rotate":-6.21},{"duration":10,"tweenEasing":0,"rotate":3.32},{"duration":5,"tweenEasing":0,"rotate":-11.68},{"duration":3,"tweenEasing":0,"rotate":-6.41},{"tweenEasing":0,"rotate":-2.04},{"tweenEasing":0,"rotate":-0.82},{"duration":0}]},{"name":"Leaf116","translateFrame":[{"duration":10,"tweenEasing":0},{"duration":10,"tweenEasing":0,"x":-0.52,"y":0.71},{"duration":20,"tweenEasing":0,"x":-0.05,"y":-0.29},{"duration":10,"tweenEasing":0,"x":-0.05,"y":-0.29},{"duration":10,"tweenEasing":0,"x":-0.52,"y":0.71},{"duration":0}],"rotateFrame":[{"duration":10,"tweenEasing":0},{"duration":40,"tweenEasing":0,"rotate":20.72},{"duration":10,"tweenEasing":0,"rotate":20.72},{"duration":0}]},{"name":"Leaf47","translateFrame":[{"duration":5,"tweenEasing":0,"x":-0.61,"y":-0.31},{"duration":5,"tweenEasing":0,"x":-3.56,"y":-0.55},{"duration":10,"tweenEasing":0,"x":-6.83,"y":-1.41},{"duration":10,"tweenEasing":0,"x":1.9,"y":0.22},{"duration":10,"tweenEasing":0,"x":-3.44,"y":-1.69},{"duration":10,"tweenEasing":0,"x":1.9,"y":0.22},{"duration":5,"tweenEasing":0,"x":-6.83,"y":-1.41},{"duration":5,"tweenEasing":0,"x":-3.56,"y":-0.55},{"duration":0,"x":-0.61,"y":-0.31}],"rotateFrame":[{"duration":10,"tweenEasing":0,"rotate":22.97},{"duration":20,"tweenEasing":0,"rotate":2.72},{"duration":20,"tweenEasing":0,"rotate":36.36},{"duration":10,"tweenEasing":0,"rotate":2.72},{"duration":0,"rotate":22.97}]},{"name":"Leaf27","translateFrame":[{"duration":2,"tweenEasing":0,"x":-0.53,"y":2.15},{"duration":3,"tweenEasing":0,"x":-2.29,"y":2.09},{"duration":5,"tweenEasing":0,"x":-5.96,"y":3.25},{"duration":10,"tweenEasing":0,"x":-10.3,"y":2.07},{"duration":10,"tweenEasing":0,"x":1.78,"y":2.8},{"duration":10,"tweenEasing":0,"x":-5.26,"y":0.93},{"duration":10,"tweenEasing":0,"x":1.78,"y":2.8},{"duration":5,"tweenEasing":0,"x":-10.3,"y":2.07},{"duration":3,"tweenEasing":0,"x":-5.96,"y":3.25},{"duration":2,"tweenEasing":0,"x":-2.29,"y":2.09},{"duration":0,"x":-0.53,"y":2.15}],"rotateFrame":[{"duration":2,"tweenEasing":0,"rotate":-11.58},{"duration":3,"tweenEasing":0,"rotate":-30.81},{"duration":5,"tweenEasing":0,"rotate":-57.22},{"duration":10,"tweenEasing":0,"rotate":-36.76},{"duration":10,"tweenEasing":0,"rotate":-28.8},{"duration":10,"tweenEasing":0,"rotate":-11.21},{"duration":10,"tweenEasing":0,"rotate":-28.8},{"duration":5,"tweenEasing":0,"rotate":-36.76},{"duration":3,"tweenEasing":0,"rotate":-57.22},{"duration":2,"tweenEasing":0,"rotate":-30.81},{"duration":0,"rotate":-11.58}]},{"name":"Leaf37","translateFrame":[{"duration":5,"tweenEasing":0},{"duration":5,"tweenEasing":0,"x":-3.09,"y":0.23},{"duration":10,"tweenEasing":0,"x":-6.38,"y":1.25},{"duration":10,"tweenEasing":0,"x":1.82,"y":-0.49},{"duration":10,"tweenEasing":0,"x":-3.1,"y":-0.19},{"duration":10,"tweenEasing":0,"x":1.82,"y":-0.49},{"duration":5,"tweenEasing":0,"x":-6.38,"y":1.25},{"duration":5,"tweenEasing":0,"x":-3.09,"y":0.23},{"duration":0}],"rotateFrame":[{"duration":10,"tweenEasing":0},{"duration":10,"tweenEasing":0,"rotate":4.91},{"duration":10,"tweenEasing":0,"rotate":9.32},{"duration":10,"tweenEasing":0,"rotate":-13.21},{"duration":10,"tweenEasing":0,"rotate":9.67},{"duration":10,"tweenEasing":0,"rotate":4.91},{"duration":0}],"scaleFrame":[{"duration":20,"tweenEasing":0},{"duration":10,"tweenEasing":0,"x":0.96,"y":0.99},{"duration":10,"tweenEasing":0,"x":0.91},{"duration":20,"tweenEasing":0,"x":0.96,"y":0.99},{"duration":0}]},{"name":"Leaf18","translateFrame":[{"duration":5,"tweenEasing":0},{"duration":5,"tweenEasing":0,"x":-4.46,"y":0.84},{"duration":10,"tweenEasing":0,"x":-7.98,"y":0.54},{"duration":10,"tweenEasing":0,"x":3.65,"y":0.29},{"duration":10,"tweenEasing":0,"x":-3.87,"y":-0.93},{"duration":10,"tweenEasing":0,"x":3.65,"y":0.29},{"duration":5,"tweenEasing":0,"x":-7.98,"y":0.54},{"duration":5,"tweenEasing":0,"x":-4.46,"y":0.84},{"duration":0}],"rotateFrame":[{"duration":10,"tweenEasing":0},{"duration":10,"tweenEasing":0,"rotate":-6.19},{"duration":10,"tweenEasing":0,"rotate":21.04},{"duration":10,"tweenEasing":0,"rotate":-6.46},{"duration":10,"tweenEasing":0,"rotate":21.04},{"duration":10,"tweenEasing":0,"rotate":-6.19},{"duration":0}]},{"name":"Leaf_Stem7","rotateFrame":[{},{"tweenEasing":0,"rotate":-0.82},{"duration":3,"tweenEasing":0,"rotate":-2.04},{"duration":5,"tweenEasing":0,"rotate":-6.41},{"duration":10,"tweenEasing":0,"rotate":-11.68},{"duration":10,"tweenEasing":0,"rotate":3.32},{"duration":10,"tweenEasing":0,"rotate":-6.21},{"duration":10,"tweenEasing":0,"rotate":3.32},{"duration":5,"tweenEasing":0,"rotate":-11.68},{"duration":3,"tweenEasing":0,"rotate":-6.41},{"tweenEasing":0,"rotate":-2.04},{"tweenEasing":0,"rotate":-0.82},{"duration":0}]},{"name":"Leaf117","translateFrame":[{"duration":10,"tweenEasing":0},{"duration":10,"tweenEasing":0,"x":-0.52,"y":0.71},{"duration":20,"tweenEasing":0,"x":-0.05,"y":-0.29},{"duration":10,"tweenEasing":0,"x":-0.05,"y":-0.29},{"duration":10,"tweenEasing":0,"x":-0.52,"y":0.71},{"duration":0}],"rotateFrame":[{"duration":10,"tweenEasing":0},{"duration":40,"tweenEasing":0,"rotate":20.72},{"duration":10,"tweenEasing":0,"rotate":20.72},{"duration":0}]},{"name":"Leaf48","translateFrame":[{"duration":5,"tweenEasing":0,"x":-0.61,"y":-0.31},{"duration":5,"tweenEasing":0,"x":-3.56,"y":-0.55},{"duration":10,"tweenEasing":0,"x":-6.83,"y":-1.41},{"duration":10,"tweenEasing":0,"x":1.9,"y":0.22},{"duration":10,"tweenEasing":0,"x":-3.44,"y":-1.69},{"duration":10,"tweenEasing":0,"x":1.9,"y":0.22},{"duration":5,"tweenEasing":0,"x":-6.83,"y":-1.41},{"duration":5,"tweenEasing":0,"x":-3.56,"y":-0.55},{"duration":0,"x":-0.61,"y":-0.31}],"rotateFrame":[{"duration":10,"tweenEasing":0,"rotate":22.97},{"duration":20,"tweenEasing":0,"rotate":2.72},{"duration":20,"tweenEasing":0,"rotate":36.36},{"duration":10,"tweenEasing":0,"rotate":2.72},{"duration":0,"rotate":22.97}]},{"name":"Leaf28","translateFrame":[{"duration":2,"tweenEasing":0,"x":-0.53,"y":2.15},{"duration":3,"tweenEasing":0,"x":-2.29,"y":2.09},{"duration":5,"tweenEasing":0,"x":-5.96,"y":3.25},{"duration":10,"tweenEasing":0,"x":-10.3,"y":2.07},{"duration":10,"tweenEasing":0,"x":1.78,"y":2.8},{"duration":10,"tweenEasing":0,"x":-5.26,"y":0.93},{"duration":10,"tweenEasing":0,"x":1.78,"y":2.8},{"duration":5,"tweenEasing":0,"x":-10.3,"y":2.07},{"duration":3,"tweenEasing":0,"x":-5.96,"y":3.25},{"duration":2,"tweenEasing":0,"x":-2.29,"y":2.09},{"duration":0,"x":-0.53,"y":2.15}],"rotateFrame":[{"duration":2,"tweenEasing":0,"rotate":-11.58},{"duration":3,"tweenEasing":0,"rotate":-30.81},{"duration":5,"tweenEasing":0,"rotate":-57.22},{"duration":10,"tweenEasing":0,"rotate":-36.76},{"duration":10,"tweenEasing":0,"rotate":-28.8},{"duration":10,"tweenEasing":0,"rotate":-11.21},{"duration":10,"tweenEasing":0,"rotate":-28.8},{"duration":5,"tweenEasing":0,"rotate":-36.76},{"duration":3,"tweenEasing":0,"rotate":-57.22},{"duration":2,"tweenEasing":0,"rotate":-30.81},{"duration":0,"rotate":-11.58}]},{"name":"Leaf38","translateFrame":[{"duration":5,"tweenEasing":0},{"duration":5,"tweenEasing":0,"x":-3.09,"y":0.23},{"duration":10,"tweenEasing":0,"x":-6.38,"y":1.25},{"duration":10,"tweenEasing":0,"x":1.82,"y":-0.49},{"duration":10,"tweenEasing":0,"x":-3.1,"y":-0.19},{"duration":10,"tweenEasing":0,"x":1.82,"y":-0.49},{"duration":5,"tweenEasing":0,"x":-6.38,"y":1.25},{"duration":5,"tweenEasing":0,"x":-3.09,"y":0.23},{"duration":0}],"rotateFrame":[{"duration":10,"tweenEasing":0},{"duration":10,"tweenEasing":0,"rotate":4.91},{"duration":10,"tweenEasing":0,"rotate":9.32},{"duration":10,"tweenEasing":0,"rotate":-13.21},{"duration":10,"tweenEasing":0,"rotate":9.67},{"duration":10,"tweenEasing":0,"rotate":4.91},{"duration":0}],"scaleFrame":[{"duration":20,"tweenEasing":0},{"duration":10,"tweenEasing":0,"x":0.96,"y":0.99},{"duration":10,"tweenEasing":0,"x":0.91},{"duration":20,"tweenEasing":0,"x":0.96,"y":0.99},{"duration":0}]},{"name":"Leaf19","translateFrame":[{"duration":5,"tweenEasing":0},{"duration":5,"tweenEasing":0,"x":-4.46,"y":0.84},{"duration":10,"tweenEasing":0,"x":-7.98,"y":0.54},{"duration":10,"tweenEasing":0,"x":3.65,"y":0.29},{"duration":10,"tweenEasing":0,"x":-3.87,"y":-0.93},{"duration":10,"tweenEasing":0,"x":3.65,"y":0.29},{"duration":5,"tweenEasing":0,"x":-7.98,"y":0.54},{"duration":5,"tweenEasing":0,"x":-4.46,"y":0.84},{"duration":0}],"rotateFrame":[{"duration":10,"tweenEasing":0},{"duration":10,"tweenEasing":0,"rotate":-6.19},{"duration":10,"tweenEasing":0,"rotate":21.04},{"duration":10,"tweenEasing":0,"rotate":-6.46},{"duration":10,"tweenEasing":0,"rotate":21.04},{"duration":10,"tweenEasing":0,"rotate":-6.19},{"duration":0}]},{"name":"Leaf_Stem8","rotateFrame":[{},{"tweenEasing":0,"rotate":-0.82},{"duration":3,"tweenEasing":0,"rotate":-2.04},{"duration":5,"tweenEasing":0,"rotate":-6.41},{"duration":10,"tweenEasing":0,"rotate":-11.68},{"duration":10,"tweenEasing":0,"rotate":3.32},{"duration":10,"tweenEasing":0,"rotate":-6.21},{"duration":10,"tweenEasing":0,"rotate":3.32},{"duration":5,"tweenEasing":0,"rotate":-11.68},{"duration":3,"tweenEasing":0,"rotate":-6.41},{"tweenEasing":0,"rotate":-2.04},{"tweenEasing":0,"rotate":-0.82},{"duration":0}]},{"name":"Leaf118","translateFrame":[{"duration":10,"tweenEasing":0},{"duration":10,"tweenEasing":0,"x":-0.52,"y":0.71},{"duration":20,"tweenEasing":0,"x":-0.05,"y":-0.29},{"duration":10,"tweenEasing":0,"x":-0.05,"y":-0.29},{"duration":10,"tweenEasing":0,"x":-0.52,"y":0.71},{"duration":0}],"rotateFrame":[{"duration":10,"tweenEasing":0},{"duration":40,"tweenEasing":0,"rotate":20.72},{"duration":10,"tweenEasing":0,"rotate":20.72},{"duration":0}]}]}],"defaultActions":[{"gotoAndPlay":"Idle"}]}]}