{"frameRate":24,"name":"Level_2","version":"5.5","compatibleVersion":"5.5","armature":[{"type":"Armature","frameRate":24,"name":"Level_2","aabb":{"x":-225.66,"y":-156.3,"width":450,"height":268.78},"bone":[{"name":"root","transform":{"x":-0.6576839999999999,"y":-0.198}},{"name":"root0","parent":"root","transform":{"x":119.374128,"y":-60.43968}},{"name":"root01","parent":"root","transform":{"x":54.781056,"y":-29.448324}},{"name":"root02","parent":"root","transform":{"x":-5.224463999999999,"y":0.034848}},{"name":"root03","parent":"root","transform":{"x":176.24937599999998,"y":-27.651528}},{"name":"root04","parent":"root","transform":{"x":117.664812,"y":2.182032}},{"name":"root05","parent":"root","transform":{"x":58.375512,"y":32.387256}},{"name":"root06","parent":"root","transform":{"x":242.47551599999997,"y":2.908764}},{"name":"root07","parent":"root","transform":{"x":182.822832,"y":32.80914}},{"name":"root08","parent":"root","transform":{"x":122.73552000000001,"y":62.483544}},{"name":"TreeB","parent":"root","transform":{"x":-224.34231599999998,"y":-132.158376,"scX":2,"scY":2}},{"length":72,"name":"TreeA","parent":"root","transform":{"x":187.401816,"y":-14.846507999999998,"skX":-89.47,"skY":-89.47}},{"length":18,"name":"Leaf21","parent":"root01","transform":{"x":-111.83399999999999,"y":-48.366,"skX":39.7619,"skY":39.7619}},{"length":19.439999999999998,"name":"Leaf31","parent":"root01","transform":{"x":-121.91399999999999,"y":-29.574,"skX":122.7478,"skY":122.7478}},{"length":64.44,"name":"Leaf_Stem2","parent":"root02","transform":{"x":-119.97,"y":-0.414,"skX":-87.4286,"skY":-87.4286}},{"length":20.16,"name":"Leaf41","parent":"root01","transform":{"x":-114.858,"y":-34.362,"skX":-7.6514,"skY":-7.6514}},{"length":64.44,"name":"Leaf_Stem3","parent":"root03","transform":{"x":-119.97,"y":-0.414,"skX":-87.4286,"skY":-87.4286}},{"length":18,"name":"Leaf23","parent":"root03","transform":{"x":-111.83399999999999,"y":-48.366,"skX":39.7619,"skY":39.7619}},{"length":20.16,"name":"Leaf42","parent":"root02","transform":{"x":-114.858,"y":-34.362,"skX":-7.6514,"skY":-7.6514}},{"length":5.76,"name":"Leaf12","parent":"root01","transform":{"x":-121.338,"y":-42.102,"skX":-168.5874,"skY":-168.5874}},{"length":18,"name":"Leaf24","parent":"root04","transform":{"x":-111.83399999999999,"y":-48.366,"skX":39.7619,"skY":39.7619}},{"length":19.439999999999998,"name":"Leaf32","parent":"root02","transform":{"x":-121.91399999999999,"y":-29.574,"skX":122.7478,"skY":122.7478}},{"length":19.439999999999998,"name":"Leaf34","parent":"root04","transform":{"x":-121.91399999999999,"y":-29.574,"skX":122.7478,"skY":122.7478}},{"length":5.76,"name":"Leaf15","parent":"root04","transform":{"x":-121.338,"y":-42.102,"skX":-168.5874,"skY":-168.5874}},{"length":19.439999999999998,"name":"Leaf33","parent":"root03","transform":{"x":-121.91399999999999,"y":-29.574,"skX":122.7478,"skY":122.7478}},{"length":20.16,"name":"Leaf43","parent":"root03","transform":{"x":-114.858,"y":-34.362,"skX":-7.6514,"skY":-7.6514}},{"length":18,"name":"Leaf25","parent":"root05","transform":{"x":-111.83399999999999,"y":-48.366,"skX":39.7619,"skY":39.7619}},{"length":64.44,"name":"Leaf_Stem5","parent":"root05","transform":{"x":-119.97,"y":-0.414,"skX":-87.4286,"skY":-87.4286}},{"length":64.44,"name":"Leaf_Stem1","parent":"root01","transform":{"x":-119.97,"y":-0.414,"skX":-87.4286,"skY":-87.4286}},{"length":19.439999999999998,"name":"Leaf35","parent":"root05","transform":{"x":-121.91399999999999,"y":-29.574,"skX":122.7478,"skY":122.7478}},{"length":20.16,"name":"Leaf44","parent":"root04","transform":{"x":-114.858,"y":-34.362,"skX":-7.6514,"skY":-7.6514}},{"length":18,"name":"Leaf22","parent":"root02","transform":{"x":-111.83399999999999,"y":-48.366,"skX":39.7619,"skY":39.7619}},{"length":64.44,"name":"Leaf_Stem6","parent":"root06","transform":{"x":-119.97,"y":-0.414,"skX":-87.4286,"skY":-87.4286}},{"length":5.76,"name":"Leaf17","parent":"root06","transform":{"x":-121.338,"y":-42.102,"skX":-168.5874,"skY":-168.5874}},{"length":5.76,"name":"Leaf16","parent":"root05","transform":{"x":-121.338,"y":-42.102,"skX":-168.5874,"skY":-168.5874}},{"length":18,"name":"Leaf26","parent":"root06","transform":{"x":-111.83399999999999,"y":-48.366,"skX":39.7619,"skY":39.7619}},{"length":64.44,"name":"Leaf_Stem4","parent":"root04","transform":{"x":-119.97,"y":-0.414,"skX":-87.4286,"skY":-87.4286}},{"length":64.44,"name":"Leaf_Stem7","parent":"root07","transform":{"x":-119.97,"y":-0.414,"skX":-87.4286,"skY":-87.4286}},{"length":5.76,"name":"Leaf18","parent":"root07","transform":{"x":-121.338,"y":-42.102,"skX":-168.5874,"skY":-168.5874}},{"length":19.439999999999998,"name":"Leaf37","parent":"root07","transform":{"x":-121.91399999999999,"y":-29.574,"skX":122.7478,"skY":122.7478}},{"length":18,"name":"Leaf27","parent":"root07","transform":{"x":-111.83399999999999,"y":-48.366,"skX":39.7619,"skY":39.7619}},{"length":20.16,"name":"Leaf47","parent":"root07","transform":{"x":-114.858,"y":-34.362,"skX":-7.6514,"skY":-7.6514}},{"length":20.16,"name":"Leaf45","parent":"root05","transform":{"x":-114.858,"y":-34.362,"skX":-7.6514,"skY":-7.6514}},{"length":5.76,"name":"Leaf19","parent":"root08","transform":{"x":-121.338,"y":-42.102,"skX":-168.5874,"skY":-168.5874}},{"length":19.439999999999998,"name":"Leaf38","parent":"root08","transform":{"x":-121.91399999999999,"y":-29.574,"skX":122.7478,"skY":122.7478}},{"length":64.44,"name":"Leaf_Stem8","parent":"root08","transform":{"x":-119.97,"y":-0.414,"skX":-87.4286,"skY":-87.4286}},{"length":18,"name":"Leaf28","parent":"root08","transform":{"x":-111.83399999999999,"y":-48.366,"skX":39.7619,"skY":39.7619}},{"length":20.16,"name":"Leaf48","parent":"root08","transform":{"x":-114.858,"y":-34.362,"skX":-7.6514,"skY":-7.6514}},{"length":5.76,"name":"Leaf13","parent":"root02","transform":{"x":-121.338,"y":-42.102,"skX":-168.5874,"skY":-168.5874}},{"length":20.16,"name":"Leaf46","parent":"root06","transform":{"x":-114.858,"y":-34.362,"skX":-7.6514,"skY":-7.6514}},{"length":19.439999999999998,"name":"Leaf36","parent":"root06","transform":{"x":-121.91399999999999,"y":-29.574,"skX":122.7478,"skY":122.7478}},{"name":"Tree2","parent":"TreeB"},{"length":7.92,"name":"Tree211","parent":"TreeB","transform":{"x":98.658,"y":3.96,"skX":-85.2787,"skY":-85.2787}},{"length":8.64,"name":"Tree2111","parent":"TreeB","transform":{"x":108,"y":13.049999999999999,"skX":-88.9391,"skY":-88.9391}},{"length":5.3999999999999995,"name":"Tree21111","parent":"TreeB","transform":{"x":108.14399999999999,"y":-4.698,"skX":-89.2607,"skY":-89.2607}},{"length":5.76,"name":"Leaf14","parent":"root03","transform":{"x":-121.338,"y":-42.102,"skX":-168.5874,"skY":-168.5874}},{"length":16.56,"name":"Leaf114","parent":"Leaf15","transform":{"x":6.142284,"y":-0.046296,"skX":-56.4126,"skY":-56.4126}},{"length":16.56,"name":"Leaf116","parent":"Leaf17","transform":{"x":6.142284,"y":-0.046296,"skX":-56.4126,"skY":-56.4126}},{"length":16.56,"name":"Leaf117","parent":"Leaf18","transform":{"x":6.142284,"y":-0.046296,"skX":-56.4126,"skY":-56.4126}},{"length":16.56,"name":"Leaf112","parent":"Leaf13","transform":{"x":6.142284,"y":-0.046296,"skX":-56.4126,"skY":-56.4126}},{"length":16.56,"name":"Leaf111","parent":"Leaf12","transform":{"x":6.142284,"y":-0.046296,"skX":-56.4126,"skY":-56.4126}},{"length":16.56,"name":"Leaf113","parent":"Leaf14","transform":{"x":6.142284,"y":-0.046296,"skX":-56.4126,"skY":-56.4126}},{"length":13.32,"name":"Tree2_Stem2","parent":"Tree2","transform":{"x":122.112,"y":4.446,"skX":-57.1777,"skY":-57.1777}},{"length":21.96,"name":"Tree2_Stem1","parent":"Tree2","transform":{"x":112.158,"y":9.774,"skX":-121.485,"skY":-121.485}},{"length":8.64,"name":"Tree21","parent":"Tree2","transform":{"x":116.00999999999999,"y":-6.93,"skX":-85.832,"skY":-85.832}},{"length":16.56,"name":"Leaf118","parent":"Leaf19","transform":{"x":6.142284,"y":-0.046296,"skX":-56.4126,"skY":-56.4126}},{"length":15.84,"name":"Tree2_Stem3","parent":"Tree2","transform":{"x":111.564,"y":15.606,"skX":-43.5312,"skY":-43.5312}},{"length":16.56,"name":"Leaf115","parent":"Leaf16","transform":{"x":6.142284,"y":-0.046296,"skX":-56.4126,"skY":-56.4126}}],"slot":[{"name":"Dirt","parent":"root"},{"name":"Soil1","parent":"root01"},{"name":"Leaf_Stem1","parent":"Leaf_Stem1"},{"name":"Leaf41","parent":"Leaf41"},{"name":"Leaf31","parent":"Leaf31"},{"name":"Leaf21","parent":"Leaf21"},{"name":"Leaf11","parent":"Leaf111"},{"name":"Soil2","parent":"root02"},{"name":"Leaf_Stem2","parent":"Leaf_Stem2"},{"name":"Leaf42","parent":"Leaf42"},{"name":"Leaf32","parent":"Leaf32"},{"name":"Leaf22","parent":"Leaf22"},{"name":"Leaf12","parent":"Leaf112"},{"name":"Soil3","parent":"root03"},{"name":"Leaf_Stem3","parent":"Leaf_Stem3"},{"name":"Leaf43","parent":"Leaf43"},{"name":"Leaf33","parent":"Leaf33"},{"name":"Leaf23","parent":"Leaf23"},{"name":"Leaf13","parent":"Leaf113"},{"name":"Soil4","parent":"root04"},{"name":"Leaf_Stem4","parent":"Leaf_Stem4"},{"name":"Leaf44","parent":"Leaf44"},{"name":"Leaf34","parent":"Leaf34"},{"name":"Leaf24","parent":"Leaf24"},{"name":"Leaf14","parent":"Leaf114"},{"name":"Soil5","parent":"root05"},{"name":"Leaf_Stem5","parent":"Leaf_Stem5"},{"name":"Leaf45","parent":"Leaf45"},{"name":"Leaf35","parent":"Leaf35"},{"name":"Leaf25","parent":"Leaf25"},{"name":"Leaf15","parent":"Leaf115"},{"name":"Soil6","parent":"root06"},{"name":"Leaf_Stem6","parent":"Leaf_Stem6"},{"name":"Leaf46","parent":"Leaf46"},{"name":"Leaf36","parent":"Leaf36"},{"name":"Leaf26","parent":"Leaf26"},{"name":"Leaf16","parent":"Leaf116"},{"name":"Soil7","parent":"root07"},{"name":"Leaf_Stem7","parent":"Leaf_Stem7"},{"name":"Leaf47","parent":"Leaf47"},{"name":"Leaf37","parent":"Leaf37"},{"name":"Leaf27","parent":"Leaf27"},{"name":"Leaf17","parent":"Leaf117"},{"name":"Soil8","parent":"root08"},{"name":"Leaf_Stem8","parent":"Leaf_Stem8"},{"name":"Leaf48","parent":"Leaf48"},{"name":"Leaf38","parent":"Leaf38"},{"name":"Leaf28","parent":"Leaf28"},{"name":"Leaf18","parent":"Leaf118"},{"name":"Tree2_Shadow","parent":"Tree2","color":{"aM":10}},{"name":"Tree2_Stem","parent":"Tree2"},{"name":"Tree2","parent":"Tree21"},{"name":"Tree2_Stem1","parent":"Tree2_Stem1"},{"name":"Tree2_Stem2","parent":"Tree2_Stem2"},{"name":"Tree2_Stem3","parent":"Tree2_Stem3"},{"name":"Tree211","parent":"Tree2111"},{"name":"Tree21","parent":"Tree211"},{"name":"Tree2111","parent":"Tree21111"},{"name":"Tree1_Shadow","parent":"TreeA","color":{"aM":10}},{"name":"Tree1_Stem","parent":"TreeA"},{"name":"Tree1","parent":"TreeA"}],"skin":[{"slot":[{"name":"Leaf_Stem7","display":[{"name":"Farmland/Leaf_Stem","transform":{"x":32.16,"y":-0.81,"skX":87.43,"skY":87.43}}]},{"name":"Leaf33","display":[{"name":"Farmland/Leaf3","transform":{"x":7.19,"y":-1.9,"skX":-122.75,"skY":-122.75}}]},{"name":"Soil6","display":[{"name":"Farmland/Soil","transform":{"x":-121.32,"y":-0.18}}]},{"name":"Leaf14","display":[{"name":"Farmland/Leaf1","transform":{"x":4.94,"y":-1.27,"skX":-135,"skY":-135}}]},{"name":"Soil1","display":[{"name":"Farmland/Soil","transform":{"x":-121.32,"y":-0.18}}]},{"name":"Leaf_Stem2","display":[{"name":"Farmland/Leaf_Stem","transform":{"x":32.16,"y":-0.81,"skX":87.43,"skY":87.43}}]},{"name":"Leaf43","display":[{"name":"Farmland/Leaf4","transform":{"x":10.25,"y":-0.46,"skX":7.65,"skY":7.65}}]},{"name":"Tree2_Stem1","display":[{"name":"Farmland/Tree2_Stem1","transform":{"x":16.55,"y":-1.07,"skX":121.49,"skY":121.49}}]},{"name":"Leaf23","display":[{"name":"Farmland/Leaf2","transform":{"x":7.87,"y":-0.76,"skX":-39.76,"skY":-39.76}}]},{"name":"Leaf47","display":[{"name":"Farmland/Leaf4","transform":{"x":10.25,"y":-0.46,"skX":7.65,"skY":7.65}}]},{"name":"Tree1_Stem","display":[{"name":"Farmland/Tree1_Stem","transform":{"x":-3.94,"y":0.54,"skX":89.47,"skY":89.47}}]},{"name":"Tree1","display":[{"name":"Farmland/Tree1","transform":{"x":35.49,"y":1.26,"skX":89.47,"skY":89.47}}]},{"name":"Tree2_Stem2","display":[{"name":"Farmland/Tree2_Stem2","transform":{"x":8.8,"y":0.45,"skX":57.18,"skY":57.18}}]},{"name":"Leaf48","display":[{"name":"Farmland/Leaf4","transform":{"x":10.25,"y":-0.46,"skX":7.65,"skY":7.65}}]},{"name":"Leaf13","display":[{"name":"Farmland/Leaf1","transform":{"x":4.94,"y":-1.27,"skX":-135,"skY":-135}}]},{"name":"Soil2","display":[{"name":"Farmland/Soil","transform":{"x":-121.32,"y":-0.18}}]},{"name":"Leaf_Stem6","display":[{"name":"Farmland/Leaf_Stem","transform":{"x":32.16,"y":-0.81,"skX":87.43,"skY":87.43}}]},{"name":"Soil5","display":[{"name":"Farmland/Soil","transform":{"x":-121.32,"y":-0.18}}]},{"name":"Leaf38","display":[{"name":"Farmland/Leaf3","transform":{"x":7.19,"y":-1.9,"skX":-122.75,"skY":-122.75}}]},{"name":"Leaf37","display":[{"name":"Farmland/Leaf3","transform":{"x":7.19,"y":-1.9,"skX":-122.75,"skY":-122.75}}]},{"name":"Leaf_Stem3","display":[{"name":"Farmland/Leaf_Stem","transform":{"x":32.16,"y":-0.81,"skX":87.43,"skY":87.43}}]},{"name":"Soil3","display":[{"name":"Farmland/Soil","transform":{"x":-121.32,"y":-0.18}}]},{"name":"Tree2_Stem3","display":[{"name":"Farmland/Tree2_Stem3","transform":{"x":11.1,"y":-0.43,"skX":35.06,"skY":35.06}}]},{"name":"Soil4","display":[{"name":"Farmland/Soil","transform":{"x":-121.32,"y":-0.18}}]},{"name":"Leaf11","display":[{"name":"Farmland/Leaf1","transform":{"x":4.94,"y":-1.27,"skX":-135,"skY":-135}}]},{"name":"Leaf46","display":[{"name":"Farmland/Leaf4","transform":{"x":10.25,"y":-0.46,"skX":7.65,"skY":7.65}}]},{"name":"Leaf_Stem5","display":[{"name":"Farmland/Leaf_Stem","transform":{"x":32.16,"y":-0.81,"skX":87.43,"skY":87.43}}]},{"name":"Dirt","display":[{"name":"Farmland/Dirt"}]},{"name":"Leaf21","display":[{"name":"Farmland/Leaf2","transform":{"x":7.87,"y":-0.76,"skX":-39.76,"skY":-39.76}}]},{"name":"Leaf12","display":[{"name":"Farmland/Leaf1","transform":{"x":4.94,"y":-1.27,"skX":-135,"skY":-135}}]},{"name":"Leaf45","display":[{"name":"Farmland/Leaf4","transform":{"x":10.25,"y":-0.46,"skX":7.65,"skY":7.65}}]},{"name":"Leaf28","display":[{"name":"Farmland/Leaf2","transform":{"x":7.87,"y":-0.76,"skX":-39.76,"skY":-39.76}}]},{"name":"Leaf_Stem4","display":[{"name":"Farmland/Leaf_Stem","transform":{"x":32.16,"y":-0.81,"skX":87.43,"skY":87.43}}]},{"name":"Leaf27","display":[{"name":"Farmland/Leaf2","transform":{"x":7.87,"y":-0.76,"skX":-39.76,"skY":-39.76}}]},{"name":"Leaf36","display":[{"name":"Farmland/Leaf3","transform":{"x":7.19,"y":-1.9,"skX":-122.75,"skY":-122.75}}]},{"name":"Tree211","display":[{"name":"Farmland/Tree2","transform":{"x":0.26,"y":1.5,"skX":88.94,"skY":88.94,"scX":1.01,"scY":1.01}}]},{"name":"Leaf18","display":[{"name":"Farmland/Leaf1","transform":{"x":4.94,"y":-1.27,"skX":-135,"skY":-135}}]},{"name":"Leaf17","display":[{"name":"Farmland/Leaf1","transform":{"x":4.94,"y":-1.27,"skX":-135,"skY":-135}}]},{"name":"Leaf26","display":[{"name":"Farmland/Leaf2","transform":{"x":7.87,"y":-0.76,"skX":-39.76,"skY":-39.76}}]},{"name":"Tree21","display":[{"name":"Farmland/Tree2","transform":{"x":-0.23,"y":0.24,"skX":85.28,"skY":85.28}}]},{"name":"Tree2_Shadow","display":[{"name":"Farmland/Tree2_Shadow","transform":{"x":110.7,"y":30.96}}]},{"name":"Leaf31","display":[{"name":"Farmland/Leaf3","transform":{"x":7.19,"y":-1.9,"skX":-122.75,"skY":-122.75}}]},{"name":"Leaf22","display":[{"name":"Farmland/Leaf2","transform":{"x":7.87,"y":-0.76,"skX":-39.76,"skY":-39.76}}]},{"name":"Leaf35","display":[{"name":"Farmland/Leaf3","transform":{"x":7.19,"y":-1.9,"skX":-122.75,"skY":-122.75}}]},{"name":"Leaf44","display":[{"name":"Farmland/Leaf4","transform":{"x":10.25,"y":-0.46,"skX":7.65,"skY":7.65}}]},{"name":"Leaf41","display":[{"name":"Farmland/Leaf4","transform":{"x":10.25,"y":-0.46,"skX":7.65,"skY":7.65}}]},{"name":"Leaf16","display":[{"name":"Farmland/Leaf1","transform":{"x":4.94,"y":-1.27,"skX":-135,"skY":-135}}]},{"name":"Tree2111","display":[{"name":"Farmland/Tree2","transform":{"x":0.36,"y":0.33,"skX":89.26,"skY":89.26,"scX":0.6,"scY":0.6}}]},{"name":"Tree2_Stem","display":[{"name":"Farmland/Tree2_Stem","transform":{"x":111.42,"y":16.02}}]},{"name":"Soil8","display":[{"name":"Farmland/Soil","transform":{"x":-121.32,"y":-0.18}}]},{"name":"Leaf32","display":[{"name":"Farmland/Leaf3","transform":{"x":7.19,"y":-1.9,"skX":-122.75,"skY":-122.75}}]},{"name":"Leaf25","display":[{"name":"Farmland/Leaf2","transform":{"x":7.87,"y":-0.76,"skX":-39.76,"skY":-39.76}}]},{"name":"Leaf34","display":[{"name":"Farmland/Leaf3","transform":{"x":7.19,"y":-1.9,"skX":-122.75,"skY":-122.75}}]},{"name":"Leaf_Stem8","display":[{"name":"Farmland/Leaf_Stem","transform":{"x":32.16,"y":-0.81,"skX":87.43,"skY":87.43}}]},{"name":"Leaf42","display":[{"name":"Farmland/Leaf4","transform":{"x":10.25,"y":-0.46,"skX":7.65,"skY":7.65}}]},{"name":"Tree1_Shadow","display":[{"name":"Farmland/Tree1_Shadow","transform":{"x":-14.38,"y":-0.08,"skX":89.47,"skY":89.47}}]},{"name":"Leaf24","display":[{"name":"Farmland/Leaf2","transform":{"x":7.87,"y":-0.76,"skX":-39.76,"skY":-39.76}}]},{"name":"Leaf_Stem1","display":[{"name":"Farmland/Leaf_Stem","transform":{"x":32.16,"y":-0.81,"skX":87.43,"skY":87.43}}]},{"name":"Soil7","display":[{"name":"Farmland/Soil","transform":{"x":-121.32,"y":-0.18}}]},{"name":"Leaf15","display":[{"name":"Farmland/Leaf1","transform":{"x":4.94,"y":-1.27,"skX":-135,"skY":-135}}]},{"name":"Tree2","display":[{"name":"Farmland/Tree2","transform":{"x":0.46,"y":0.06,"skX":85.83,"skY":85.83}}]}]}],"animation":[{"duration":60,"playTimes":0,"name":"Idle","bone":[{"name":"Leaf41","translateFrame":[{"duration":5,"tweenEasing":0,"x":-0.61,"y":-0.31},{"duration":5,"tweenEasing":0,"x":-3.56,"y":-0.55},{"duration":10,"tweenEasing":0,"x":-6.83,"y":-1.41},{"duration":10,"tweenEasing":0,"x":1.9,"y":0.22},{"duration":10,"tweenEasing":0,"x":-3.44,"y":-1.69},{"duration":10,"tweenEasing":0,"x":1.9,"y":0.22},{"duration":5,"tweenEasing":0,"x":-6.83,"y":-1.41},{"duration":5,"tweenEasing":0,"x":-3.56,"y":-0.55},{"duration":0,"x":-0.61,"y":-0.31}],"rotateFrame":[{"duration":10,"tweenEasing":0,"rotate":22.97},{"duration":20,"tweenEasing":0,"rotate":2.72},{"duration":20,"tweenEasing":0,"rotate":36.36},{"duration":10,"tweenEasing":0,"rotate":2.72},{"duration":0,"rotate":22.97}]},{"name":"Leaf21","translateFrame":[{"duration":2,"tweenEasing":0,"x":-0.53,"y":2.15},{"duration":3,"tweenEasing":0,"x":-2.29,"y":2.09},{"duration":5,"tweenEasing":0,"x":-5.96,"y":3.25},{"duration":10,"tweenEasing":0,"x":-10.3,"y":2.07},{"duration":10,"tweenEasing":0,"x":1.78,"y":2.8},{"duration":10,"tweenEasing":0,"x":-5.26,"y":0.93},{"duration":10,"tweenEasing":0,"x":1.78,"y":2.8},{"duration":5,"tweenEasing":0,"x":-10.3,"y":2.07},{"duration":3,"tweenEasing":0,"x":-5.96,"y":3.25},{"duration":2,"tweenEasing":0,"x":-2.29,"y":2.09},{"duration":0,"x":-0.53,"y":2.15}],"rotateFrame":[{"duration":2,"tweenEasing":0,"rotate":-11.58},{"duration":3,"tweenEasing":0,"rotate":-30.81},{"duration":5,"tweenEasing":0,"rotate":-57.22},{"duration":10,"tweenEasing":0,"rotate":-36.76},{"duration":10,"tweenEasing":0,"rotate":-28.8},{"duration":10,"tweenEasing":0,"rotate":-11.21},{"duration":10,"tweenEasing":0,"rotate":-28.8},{"duration":5,"tweenEasing":0,"rotate":-36.76},{"duration":3,"tweenEasing":0,"rotate":-57.22},{"duration":2,"tweenEasing":0,"rotate":-30.81},{"duration":0,"rotate":-11.58}]},{"name":"Leaf31","translateFrame":[{"duration":5,"tweenEasing":0},{"duration":5,"tweenEasing":0,"x":-3.09,"y":0.23},{"duration":10,"tweenEasing":0,"x":-6.38,"y":1.25},{"duration":10,"tweenEasing":0,"x":1.82,"y":-0.49},{"duration":10,"tweenEasing":0,"x":-3.1,"y":-0.19},{"duration":10,"tweenEasing":0,"x":1.82,"y":-0.49},{"duration":5,"tweenEasing":0,"x":-6.38,"y":1.25},{"duration":5,"tweenEasing":0,"x":-3.09,"y":0.23},{"duration":0}],"rotateFrame":[{"duration":10,"tweenEasing":0},{"duration":10,"tweenEasing":0,"rotate":4.91},{"duration":10,"tweenEasing":0,"rotate":9.32},{"duration":10,"tweenEasing":0,"rotate":-13.21},{"duration":10,"tweenEasing":0,"rotate":9.67},{"duration":10,"tweenEasing":0,"rotate":4.91},{"duration":0}],"scaleFrame":[{"duration":20,"tweenEasing":0},{"duration":10,"tweenEasing":0,"x":0.96,"y":0.99},{"duration":10,"tweenEasing":0,"x":0.91},{"duration":20,"tweenEasing":0,"x":0.96,"y":0.99},{"duration":0}]},{"name":"Leaf12","translateFrame":[{"duration":5,"tweenEasing":0},{"duration":5,"tweenEasing":0,"x":-4.46,"y":0.84},{"duration":10,"tweenEasing":0,"x":-7.98,"y":0.54},{"duration":10,"tweenEasing":0,"x":3.65,"y":0.29},{"duration":10,"tweenEasing":0,"x":-3.87,"y":-0.93},{"duration":10,"tweenEasing":0,"x":3.65,"y":0.29},{"duration":5,"tweenEasing":0,"x":-7.98,"y":0.54},{"duration":5,"tweenEasing":0,"x":-4.46,"y":0.84},{"duration":0}],"rotateFrame":[{"duration":10,"tweenEasing":0},{"duration":10,"tweenEasing":0,"rotate":-6.19},{"duration":10,"tweenEasing":0,"rotate":21.04},{"duration":10,"tweenEasing":0,"rotate":-6.46},{"duration":10,"tweenEasing":0,"rotate":21.04},{"duration":10,"tweenEasing":0,"rotate":-6.19},{"duration":0}]},{"name":"Leaf_Stem1","rotateFrame":[{},{"tweenEasing":0,"rotate":-0.82},{"duration":3,"tweenEasing":0,"rotate":-2.04},{"duration":5,"tweenEasing":0,"rotate":-6.41},{"duration":10,"tweenEasing":0,"rotate":-11.68},{"duration":10,"tweenEasing":0,"rotate":3.32},{"duration":10,"tweenEasing":0,"rotate":-6.21},{"duration":10,"tweenEasing":0,"rotate":3.32},{"duration":5,"tweenEasing":0,"rotate":-11.68},{"duration":3,"tweenEasing":0,"rotate":-6.41},{"tweenEasing":0,"rotate":-2.04},{"tweenEasing":0,"rotate":-0.82},{"duration":0}]},{"name":"Leaf111","translateFrame":[{"duration":10,"tweenEasing":0},{"duration":10,"tweenEasing":0,"x":-0.52,"y":0.71},{"duration":20,"tweenEasing":0,"x":-0.05,"y":-0.29},{"duration":10,"tweenEasing":0,"x":-0.05,"y":-0.29},{"duration":10,"tweenEasing":0,"x":-0.52,"y":0.71},{"duration":0}],"rotateFrame":[{"duration":10,"tweenEasing":0},{"duration":40,"tweenEasing":0,"rotate":20.72},{"duration":10,"tweenEasing":0,"rotate":20.72},{"duration":0}]},{"name":"Leaf42","translateFrame":[{"duration":5,"tweenEasing":0,"x":-0.61,"y":-0.31},{"duration":5,"tweenEasing":0,"x":-3.56,"y":-0.55},{"duration":10,"tweenEasing":0,"x":-6.83,"y":-1.41},{"duration":10,"tweenEasing":0,"x":1.9,"y":0.22},{"duration":10,"tweenEasing":0,"x":-3.44,"y":-1.69},{"duration":10,"tweenEasing":0,"x":1.9,"y":0.22},{"duration":5,"tweenEasing":0,"x":-6.83,"y":-1.41},{"duration":5,"tweenEasing":0,"x":-3.56,"y":-0.55},{"duration":0,"x":-0.61,"y":-0.31}],"rotateFrame":[{"duration":10,"tweenEasing":0,"rotate":22.97},{"duration":20,"tweenEasing":0,"rotate":2.72},{"duration":20,"tweenEasing":0,"rotate":36.36},{"duration":10,"tweenEasing":0,"rotate":2.72},{"duration":0,"rotate":22.97}]},{"name":"Leaf22","translateFrame":[{"duration":2,"tweenEasing":0,"x":-0.53,"y":2.15},{"duration":3,"tweenEasing":0,"x":-2.29,"y":2.09},{"duration":5,"tweenEasing":0,"x":-5.96,"y":3.25},{"duration":10,"tweenEasing":0,"x":-10.3,"y":2.07},{"duration":10,"tweenEasing":0,"x":1.78,"y":2.8},{"duration":10,"tweenEasing":0,"x":-5.26,"y":0.93},{"duration":10,"tweenEasing":0,"x":1.78,"y":2.8},{"duration":5,"tweenEasing":0,"x":-10.3,"y":2.07},{"duration":3,"tweenEasing":0,"x":-5.96,"y":3.25},{"duration":2,"tweenEasing":0,"x":-2.29,"y":2.09},{"duration":0,"x":-0.53,"y":2.15}],"rotateFrame":[{"duration":2,"tweenEasing":0,"rotate":-11.58},{"duration":3,"tweenEasing":0,"rotate":-30.81},{"duration":5,"tweenEasing":0,"rotate":-57.22},{"duration":10,"tweenEasing":0,"rotate":-36.76},{"duration":10,"tweenEasing":0,"rotate":-28.8},{"duration":10,"tweenEasing":0,"rotate":-11.21},{"duration":10,"tweenEasing":0,"rotate":-28.8},{"duration":5,"tweenEasing":0,"rotate":-36.76},{"duration":3,"tweenEasing":0,"rotate":-57.22},{"duration":2,"tweenEasing":0,"rotate":-30.81},{"duration":0,"rotate":-11.58}]},{"name":"Leaf32","translateFrame":[{"duration":5,"tweenEasing":0},{"duration":5,"tweenEasing":0,"x":-3.09,"y":0.23},{"duration":10,"tweenEasing":0,"x":-6.38,"y":1.25},{"duration":10,"tweenEasing":0,"x":1.82,"y":-0.49},{"duration":10,"tweenEasing":0,"x":-3.1,"y":-0.19},{"duration":10,"tweenEasing":0,"x":1.82,"y":-0.49},{"duration":5,"tweenEasing":0,"x":-6.38,"y":1.25},{"duration":5,"tweenEasing":0,"x":-3.09,"y":0.23},{"duration":0}],"rotateFrame":[{"duration":10,"tweenEasing":0},{"duration":10,"tweenEasing":0,"rotate":4.91},{"duration":10,"tweenEasing":0,"rotate":9.32},{"duration":10,"tweenEasing":0,"rotate":-13.21},{"duration":10,"tweenEasing":0,"rotate":9.67},{"duration":10,"tweenEasing":0,"rotate":4.91},{"duration":0}],"scaleFrame":[{"duration":20,"tweenEasing":0},{"duration":10,"tweenEasing":0,"x":0.96,"y":0.99},{"duration":10,"tweenEasing":0,"x":0.91},{"duration":20,"tweenEasing":0,"x":0.96,"y":0.99},{"duration":0}]},{"name":"Leaf13","translateFrame":[{"duration":5,"tweenEasing":0},{"duration":5,"tweenEasing":0,"x":-4.46,"y":0.84},{"duration":10,"tweenEasing":0,"x":-7.98,"y":0.54},{"duration":10,"tweenEasing":0,"x":3.65,"y":0.29},{"duration":10,"tweenEasing":0,"x":-3.87,"y":-0.93},{"duration":10,"tweenEasing":0,"x":3.65,"y":0.29},{"duration":5,"tweenEasing":0,"x":-7.98,"y":0.54},{"duration":5,"tweenEasing":0,"x":-4.46,"y":0.84},{"duration":0}],"rotateFrame":[{"duration":10,"tweenEasing":0},{"duration":10,"tweenEasing":0,"rotate":-6.19},{"duration":10,"tweenEasing":0,"rotate":21.04},{"duration":10,"tweenEasing":0,"rotate":-6.46},{"duration":10,"tweenEasing":0,"rotate":21.04},{"duration":10,"tweenEasing":0,"rotate":-6.19},{"duration":0}]},{"name":"Leaf_Stem2","rotateFrame":[{},{"tweenEasing":0,"rotate":-0.82},{"duration":3,"tweenEasing":0,"rotate":-2.04},{"duration":5,"tweenEasing":0,"rotate":-6.41},{"duration":10,"tweenEasing":0,"rotate":-11.68},{"duration":10,"tweenEasing":0,"rotate":3.32},{"duration":10,"tweenEasing":0,"rotate":-6.21},{"duration":10,"tweenEasing":0,"rotate":3.32},{"duration":5,"tweenEasing":0,"rotate":-11.68},{"duration":3,"tweenEasing":0,"rotate":-6.41},{"tweenEasing":0,"rotate":-2.04},{"tweenEasing":0,"rotate":-0.82},{"duration":0}]},{"name":"Leaf112","translateFrame":[{"duration":10,"tweenEasing":0},{"duration":10,"tweenEasing":0,"x":-0.52,"y":0.71},{"duration":20,"tweenEasing":0,"x":-0.05,"y":-0.29},{"duration":10,"tweenEasing":0,"x":-0.05,"y":-0.29},{"duration":10,"tweenEasing":0,"x":-0.52,"y":0.71},{"duration":0}],"rotateFrame":[{"duration":10,"tweenEasing":0},{"duration":40,"tweenEasing":0,"rotate":20.72},{"duration":10,"tweenEasing":0,"rotate":20.72},{"duration":0}]},{"name":"Leaf43","translateFrame":[{"duration":5,"tweenEasing":0,"x":-0.61,"y":-0.31},{"duration":5,"tweenEasing":0,"x":-3.56,"y":-0.55},{"duration":10,"tweenEasing":0,"x":-6.83,"y":-1.41},{"duration":10,"tweenEasing":0,"x":1.9,"y":0.22},{"duration":10,"tweenEasing":0,"x":-3.44,"y":-1.69},{"duration":10,"tweenEasing":0,"x":1.9,"y":0.22},{"duration":5,"tweenEasing":0,"x":-6.83,"y":-1.41},{"duration":5,"tweenEasing":0,"x":-3.56,"y":-0.55},{"duration":0,"x":-0.61,"y":-0.31}],"rotateFrame":[{"duration":10,"tweenEasing":0,"rotate":22.97},{"duration":20,"tweenEasing":0,"rotate":2.72},{"duration":20,"tweenEasing":0,"rotate":36.36},{"duration":10,"tweenEasing":0,"rotate":2.72},{"duration":0,"rotate":22.97}]},{"name":"Leaf23","translateFrame":[{"duration":2,"tweenEasing":0,"x":-0.53,"y":2.15},{"duration":3,"tweenEasing":0,"x":-2.29,"y":2.09},{"duration":5,"tweenEasing":0,"x":-5.96,"y":3.25},{"duration":10,"tweenEasing":0,"x":-10.3,"y":2.07},{"duration":10,"tweenEasing":0,"x":1.78,"y":2.8},{"duration":10,"tweenEasing":0,"x":-5.26,"y":0.93},{"duration":10,"tweenEasing":0,"x":1.78,"y":2.8},{"duration":5,"tweenEasing":0,"x":-10.3,"y":2.07},{"duration":3,"tweenEasing":0,"x":-5.96,"y":3.25},{"duration":2,"tweenEasing":0,"x":-2.29,"y":2.09},{"duration":0,"x":-0.53,"y":2.15}],"rotateFrame":[{"duration":2,"tweenEasing":0,"rotate":-11.58},{"duration":3,"tweenEasing":0,"rotate":-30.81},{"duration":5,"tweenEasing":0,"rotate":-57.22},{"duration":10,"tweenEasing":0,"rotate":-36.76},{"duration":10,"tweenEasing":0,"rotate":-28.8},{"duration":10,"tweenEasing":0,"rotate":-11.21},{"duration":10,"tweenEasing":0,"rotate":-28.8},{"duration":5,"tweenEasing":0,"rotate":-36.76},{"duration":3,"tweenEasing":0,"rotate":-57.22},{"duration":2,"tweenEasing":0,"rotate":-30.81},{"duration":0,"rotate":-11.58}]},{"name":"Leaf33","translateFrame":[{"duration":5,"tweenEasing":0},{"duration":5,"tweenEasing":0,"x":-3.09,"y":0.23},{"duration":10,"tweenEasing":0,"x":-6.38,"y":1.25},{"duration":10,"tweenEasing":0,"x":1.82,"y":-0.49},{"duration":10,"tweenEasing":0,"x":-3.1,"y":-0.19},{"duration":10,"tweenEasing":0,"x":1.82,"y":-0.49},{"duration":5,"tweenEasing":0,"x":-6.38,"y":1.25},{"duration":5,"tweenEasing":0,"x":-3.09,"y":0.23},{"duration":0}],"rotateFrame":[{"duration":10,"tweenEasing":0},{"duration":10,"tweenEasing":0,"rotate":4.91},{"duration":10,"tweenEasing":0,"rotate":9.32},{"duration":10,"tweenEasing":0,"rotate":-13.21},{"duration":10,"tweenEasing":0,"rotate":9.67},{"duration":10,"tweenEasing":0,"rotate":4.91},{"duration":0}],"scaleFrame":[{"duration":20,"tweenEasing":0},{"duration":10,"tweenEasing":0,"x":0.96,"y":0.99},{"duration":10,"tweenEasing":0,"x":0.91},{"duration":20,"tweenEasing":0,"x":0.96,"y":0.99},{"duration":0}]},{"name":"Leaf14","translateFrame":[{"duration":5,"tweenEasing":0},{"duration":5,"tweenEasing":0,"x":-4.46,"y":0.84},{"duration":10,"tweenEasing":0,"x":-7.98,"y":0.54},{"duration":10,"tweenEasing":0,"x":3.65,"y":0.29},{"duration":10,"tweenEasing":0,"x":-3.87,"y":-0.93},{"duration":10,"tweenEasing":0,"x":3.65,"y":0.29},{"duration":5,"tweenEasing":0,"x":-7.98,"y":0.54},{"duration":5,"tweenEasing":0,"x":-4.46,"y":0.84},{"duration":0}],"rotateFrame":[{"duration":10,"tweenEasing":0},{"duration":10,"tweenEasing":0,"rotate":-6.19},{"duration":10,"tweenEasing":0,"rotate":21.04},{"duration":10,"tweenEasing":0,"rotate":-6.46},{"duration":10,"tweenEasing":0,"rotate":21.04},{"duration":10,"tweenEasing":0,"rotate":-6.19},{"duration":0}]},{"name":"Leaf_Stem3","rotateFrame":[{},{"tweenEasing":0,"rotate":-0.82},{"duration":3,"tweenEasing":0,"rotate":-2.04},{"duration":5,"tweenEasing":0,"rotate":-6.41},{"duration":10,"tweenEasing":0,"rotate":-11.68},{"duration":10,"tweenEasing":0,"rotate":3.32},{"duration":10,"tweenEasing":0,"rotate":-6.21},{"duration":10,"tweenEasing":0,"rotate":3.32},{"duration":5,"tweenEasing":0,"rotate":-11.68},{"duration":3,"tweenEasing":0,"rotate":-6.41},{"tweenEasing":0,"rotate":-2.04},{"tweenEasing":0,"rotate":-0.82},{"duration":0}]},{"name":"Leaf113","translateFrame":[{"duration":10,"tweenEasing":0},{"duration":10,"tweenEasing":0,"x":-0.52,"y":0.71},{"duration":20,"tweenEasing":0,"x":-0.05,"y":-0.29},{"duration":10,"tweenEasing":0,"x":-0.05,"y":-0.29},{"duration":10,"tweenEasing":0,"x":-0.52,"y":0.71},{"duration":0}],"rotateFrame":[{"duration":10,"tweenEasing":0},{"duration":40,"tweenEasing":0,"rotate":20.72},{"duration":10,"tweenEasing":0,"rotate":20.72},{"duration":0}]},{"name":"Leaf44","translateFrame":[{"duration":5,"tweenEasing":0,"x":-0.61,"y":-0.31},{"duration":5,"tweenEasing":0,"x":-3.56,"y":-0.55},{"duration":10,"tweenEasing":0,"x":-6.83,"y":-1.41},{"duration":10,"tweenEasing":0,"x":1.9,"y":0.22},{"duration":10,"tweenEasing":0,"x":-3.44,"y":-1.69},{"duration":10,"tweenEasing":0,"x":1.9,"y":0.22},{"duration":5,"tweenEasing":0,"x":-6.83,"y":-1.41},{"duration":5,"tweenEasing":0,"x":-3.56,"y":-0.55},{"duration":0,"x":-0.61,"y":-0.31}],"rotateFrame":[{"duration":10,"tweenEasing":0,"rotate":22.97},{"duration":20,"tweenEasing":0,"rotate":2.72},{"duration":20,"tweenEasing":0,"rotate":36.36},{"duration":10,"tweenEasing":0,"rotate":2.72},{"duration":0,"rotate":22.97}]},{"name":"Leaf24","translateFrame":[{"duration":2,"tweenEasing":0,"x":-0.53,"y":2.15},{"duration":3,"tweenEasing":0,"x":-2.29,"y":2.09},{"duration":5,"tweenEasing":0,"x":-5.96,"y":3.25},{"duration":10,"tweenEasing":0,"x":-10.3,"y":2.07},{"duration":10,"tweenEasing":0,"x":1.78,"y":2.8},{"duration":10,"tweenEasing":0,"x":-5.26,"y":0.93},{"duration":10,"tweenEasing":0,"x":1.78,"y":2.8},{"duration":5,"tweenEasing":0,"x":-10.3,"y":2.07},{"duration":3,"tweenEasing":0,"x":-5.96,"y":3.25},{"duration":2,"tweenEasing":0,"x":-2.29,"y":2.09},{"duration":0,"x":-0.53,"y":2.15}],"rotateFrame":[{"duration":2,"tweenEasing":0,"rotate":-11.58},{"duration":3,"tweenEasing":0,"rotate":-30.81},{"duration":5,"tweenEasing":0,"rotate":-57.22},{"duration":10,"tweenEasing":0,"rotate":-36.76},{"duration":10,"tweenEasing":0,"rotate":-28.8},{"duration":10,"tweenEasing":0,"rotate":-11.21},{"duration":10,"tweenEasing":0,"rotate":-28.8},{"duration":5,"tweenEasing":0,"rotate":-36.76},{"duration":3,"tweenEasing":0,"rotate":-57.22},{"duration":2,"tweenEasing":0,"rotate":-30.81},{"duration":0,"rotate":-11.58}]},{"name":"Leaf34","translateFrame":[{"duration":5,"tweenEasing":0},{"duration":5,"tweenEasing":0,"x":-3.09,"y":0.23},{"duration":10,"tweenEasing":0,"x":-6.38,"y":1.25},{"duration":10,"tweenEasing":0,"x":1.82,"y":-0.49},{"duration":10,"tweenEasing":0,"x":-3.1,"y":-0.19},{"duration":10,"tweenEasing":0,"x":1.82,"y":-0.49},{"duration":5,"tweenEasing":0,"x":-6.38,"y":1.25},{"duration":5,"tweenEasing":0,"x":-3.09,"y":0.23},{"duration":0}],"rotateFrame":[{"duration":10,"tweenEasing":0},{"duration":10,"tweenEasing":0,"rotate":4.91},{"duration":10,"tweenEasing":0,"rotate":9.32},{"duration":10,"tweenEasing":0,"rotate":-13.21},{"duration":10,"tweenEasing":0,"rotate":9.67},{"duration":10,"tweenEasing":0,"rotate":4.91},{"duration":0}],"scaleFrame":[{"duration":20,"tweenEasing":0},{"duration":10,"tweenEasing":0,"x":0.96,"y":0.99},{"duration":10,"tweenEasing":0,"x":0.91},{"duration":20,"tweenEasing":0,"x":0.96,"y":0.99},{"duration":0}]},{"name":"Leaf15","translateFrame":[{"duration":5,"tweenEasing":0},{"duration":5,"tweenEasing":0,"x":-4.46,"y":0.84},{"duration":10,"tweenEasing":0,"x":-7.98,"y":0.54},{"duration":10,"tweenEasing":0,"x":3.65,"y":0.29},{"duration":10,"tweenEasing":0,"x":-3.87,"y":-0.93},{"duration":10,"tweenEasing":0,"x":3.65,"y":0.29},{"duration":5,"tweenEasing":0,"x":-7.98,"y":0.54},{"duration":5,"tweenEasing":0,"x":-4.46,"y":0.84},{"duration":0}],"rotateFrame":[{"duration":10,"tweenEasing":0},{"duration":10,"tweenEasing":0,"rotate":-6.19},{"duration":10,"tweenEasing":0,"rotate":21.04},{"duration":10,"tweenEasing":0,"rotate":-6.46},{"duration":10,"tweenEasing":0,"rotate":21.04},{"duration":10,"tweenEasing":0,"rotate":-6.19},{"duration":0}]},{"name":"Leaf_Stem4","rotateFrame":[{},{"tweenEasing":0,"rotate":-0.82},{"duration":3,"tweenEasing":0,"rotate":-2.04},{"duration":5,"tweenEasing":0,"rotate":-6.41},{"duration":10,"tweenEasing":0,"rotate":-11.68},{"duration":10,"tweenEasing":0,"rotate":3.32},{"duration":10,"tweenEasing":0,"rotate":-6.21},{"duration":10,"tweenEasing":0,"rotate":3.32},{"duration":5,"tweenEasing":0,"rotate":-11.68},{"duration":3,"tweenEasing":0,"rotate":-6.41},{"tweenEasing":0,"rotate":-2.04},{"tweenEasing":0,"rotate":-0.82},{"duration":0}]},{"name":"Leaf114","translateFrame":[{"duration":10,"tweenEasing":0},{"duration":10,"tweenEasing":0,"x":-0.52,"y":0.71},{"duration":20,"tweenEasing":0,"x":-0.05,"y":-0.29},{"duration":10,"tweenEasing":0,"x":-0.05,"y":-0.29},{"duration":10,"tweenEasing":0,"x":-0.52,"y":0.71},{"duration":0}],"rotateFrame":[{"duration":10,"tweenEasing":0},{"duration":40,"tweenEasing":0,"rotate":20.72},{"duration":10,"tweenEasing":0,"rotate":20.72},{"duration":0}]},{"name":"Leaf45","translateFrame":[{"duration":5,"tweenEasing":0,"x":-0.61,"y":-0.31},{"duration":5,"tweenEasing":0,"x":-3.56,"y":-0.55},{"duration":10,"tweenEasing":0,"x":-6.83,"y":-1.41},{"duration":10,"tweenEasing":0,"x":1.9,"y":0.22},{"duration":10,"tweenEasing":0,"x":-3.44,"y":-1.69},{"duration":10,"tweenEasing":0,"x":1.9,"y":0.22},{"duration":5,"tweenEasing":0,"x":-6.83,"y":-1.41},{"duration":5,"tweenEasing":0,"x":-3.56,"y":-0.55},{"duration":0,"x":-0.61,"y":-0.31}],"rotateFrame":[{"duration":10,"tweenEasing":0,"rotate":22.97},{"duration":20,"tweenEasing":0,"rotate":2.72},{"duration":20,"tweenEasing":0,"rotate":36.36},{"duration":10,"tweenEasing":0,"rotate":2.72},{"duration":0,"rotate":22.97}]},{"name":"Leaf25","translateFrame":[{"duration":2,"tweenEasing":0,"x":-0.53,"y":2.15},{"duration":3,"tweenEasing":0,"x":-2.29,"y":2.09},{"duration":5,"tweenEasing":0,"x":-5.96,"y":3.25},{"duration":10,"tweenEasing":0,"x":-10.3,"y":2.07},{"duration":10,"tweenEasing":0,"x":1.78,"y":2.8},{"duration":10,"tweenEasing":0,"x":-5.26,"y":0.93},{"duration":10,"tweenEasing":0,"x":1.78,"y":2.8},{"duration":5,"tweenEasing":0,"x":-10.3,"y":2.07},{"duration":3,"tweenEasing":0,"x":-5.96,"y":3.25},{"duration":2,"tweenEasing":0,"x":-2.29,"y":2.09},{"duration":0,"x":-0.53,"y":2.15}],"rotateFrame":[{"duration":2,"tweenEasing":0,"rotate":-11.58},{"duration":3,"tweenEasing":0,"rotate":-30.81},{"duration":5,"tweenEasing":0,"rotate":-57.22},{"duration":10,"tweenEasing":0,"rotate":-36.76},{"duration":10,"tweenEasing":0,"rotate":-28.8},{"duration":10,"tweenEasing":0,"rotate":-11.21},{"duration":10,"tweenEasing":0,"rotate":-28.8},{"duration":5,"tweenEasing":0,"rotate":-36.76},{"duration":3,"tweenEasing":0,"rotate":-57.22},{"duration":2,"tweenEasing":0,"rotate":-30.81},{"duration":0,"rotate":-11.58}]},{"name":"Leaf35","translateFrame":[{"duration":5,"tweenEasing":0},{"duration":5,"tweenEasing":0,"x":-3.09,"y":0.23},{"duration":10,"tweenEasing":0,"x":-6.38,"y":1.25},{"duration":10,"tweenEasing":0,"x":1.82,"y":-0.49},{"duration":10,"tweenEasing":0,"x":-3.1,"y":-0.19},{"duration":10,"tweenEasing":0,"x":1.82,"y":-0.49},{"duration":5,"tweenEasing":0,"x":-6.38,"y":1.25},{"duration":5,"tweenEasing":0,"x":-3.09,"y":0.23},{"duration":0}],"rotateFrame":[{"duration":10,"tweenEasing":0},{"duration":10,"tweenEasing":0,"rotate":4.91},{"duration":10,"tweenEasing":0,"rotate":9.32},{"duration":10,"tweenEasing":0,"rotate":-13.21},{"duration":10,"tweenEasing":0,"rotate":9.67},{"duration":10,"tweenEasing":0,"rotate":4.91},{"duration":0}],"scaleFrame":[{"duration":20,"tweenEasing":0},{"duration":10,"tweenEasing":0,"x":0.96,"y":0.99},{"duration":10,"tweenEasing":0,"x":0.91},{"duration":20,"tweenEasing":0,"x":0.96,"y":0.99},{"duration":0}]},{"name":"Leaf16","translateFrame":[{"duration":5,"tweenEasing":0},{"duration":5,"tweenEasing":0,"x":-4.46,"y":0.84},{"duration":10,"tweenEasing":0,"x":-7.98,"y":0.54},{"duration":10,"tweenEasing":0,"x":3.65,"y":0.29},{"duration":10,"tweenEasing":0,"x":-3.87,"y":-0.93},{"duration":10,"tweenEasing":0,"x":3.65,"y":0.29},{"duration":5,"tweenEasing":0,"x":-7.98,"y":0.54},{"duration":5,"tweenEasing":0,"x":-4.46,"y":0.84},{"duration":0}],"rotateFrame":[{"duration":10,"tweenEasing":0},{"duration":10,"tweenEasing":0,"rotate":-6.19},{"duration":10,"tweenEasing":0,"rotate":21.04},{"duration":10,"tweenEasing":0,"rotate":-6.46},{"duration":10,"tweenEasing":0,"rotate":21.04},{"duration":10,"tweenEasing":0,"rotate":-6.19},{"duration":0}]},{"name":"Leaf_Stem5","rotateFrame":[{},{"tweenEasing":0,"rotate":-0.82},{"duration":3,"tweenEasing":0,"rotate":-2.04},{"duration":5,"tweenEasing":0,"rotate":-6.41},{"duration":10,"tweenEasing":0,"rotate":-11.68},{"duration":10,"tweenEasing":0,"rotate":3.32},{"duration":10,"tweenEasing":0,"rotate":-6.21},{"duration":10,"tweenEasing":0,"rotate":3.32},{"duration":5,"tweenEasing":0,"rotate":-11.68},{"duration":3,"tweenEasing":0,"rotate":-6.41},{"tweenEasing":0,"rotate":-2.04},{"tweenEasing":0,"rotate":-0.82},{"duration":0}]},{"name":"Leaf115","translateFrame":[{"duration":10,"tweenEasing":0},{"duration":10,"tweenEasing":0,"x":-0.52,"y":0.71},{"duration":20,"tweenEasing":0,"x":-0.05,"y":-0.29},{"duration":10,"tweenEasing":0,"x":-0.05,"y":-0.29},{"duration":10,"tweenEasing":0,"x":-0.52,"y":0.71},{"duration":0}],"rotateFrame":[{"duration":10,"tweenEasing":0},{"duration":40,"tweenEasing":0,"rotate":20.72},{"duration":10,"tweenEasing":0,"rotate":20.72},{"duration":0}]},{"name":"Leaf46","translateFrame":[{"duration":5,"tweenEasing":0,"x":-0.61,"y":-0.31},{"duration":5,"tweenEasing":0,"x":-3.56,"y":-0.55},{"duration":10,"tweenEasing":0,"x":-6.83,"y":-1.41},{"duration":10,"tweenEasing":0,"x":1.9,"y":0.22},{"duration":10,"tweenEasing":0,"x":-3.44,"y":-1.69},{"duration":10,"tweenEasing":0,"x":1.9,"y":0.22},{"duration":5,"tweenEasing":0,"x":-6.83,"y":-1.41},{"duration":5,"tweenEasing":0,"x":-3.56,"y":-0.55},{"duration":0,"x":-0.61,"y":-0.31}],"rotateFrame":[{"duration":10,"tweenEasing":0,"rotate":22.97},{"duration":20,"tweenEasing":0,"rotate":2.72},{"duration":20,"tweenEasing":0,"rotate":36.36},{"duration":10,"tweenEasing":0,"rotate":2.72},{"duration":0,"rotate":22.97}]},{"name":"Leaf26","translateFrame":[{"duration":2,"tweenEasing":0,"x":-0.53,"y":2.15},{"duration":3,"tweenEasing":0,"x":-2.29,"y":2.09},{"duration":5,"tweenEasing":0,"x":-5.96,"y":3.25},{"duration":10,"tweenEasing":0,"x":-10.3,"y":2.07},{"duration":10,"tweenEasing":0,"x":1.78,"y":2.8},{"duration":10,"tweenEasing":0,"x":-5.26,"y":0.93},{"duration":10,"tweenEasing":0,"x":1.78,"y":2.8},{"duration":5,"tweenEasing":0,"x":-10.3,"y":2.07},{"duration":3,"tweenEasing":0,"x":-5.96,"y":3.25},{"duration":2,"tweenEasing":0,"x":-2.29,"y":2.09},{"duration":0,"x":-0.53,"y":2.15}],"rotateFrame":[{"duration":2,"tweenEasing":0,"rotate":-11.58},{"duration":3,"tweenEasing":0,"rotate":-30.81},{"duration":5,"tweenEasing":0,"rotate":-57.22},{"duration":10,"tweenEasing":0,"rotate":-36.76},{"duration":10,"tweenEasing":0,"rotate":-28.8},{"duration":10,"tweenEasing":0,"rotate":-11.21},{"duration":10,"tweenEasing":0,"rotate":-28.8},{"duration":5,"tweenEasing":0,"rotate":-36.76},{"duration":3,"tweenEasing":0,"rotate":-57.22},{"duration":2,"tweenEasing":0,"rotate":-30.81},{"duration":0,"rotate":-11.58}]},{"name":"Leaf36","translateFrame":[{"duration":5,"tweenEasing":0},{"duration":5,"tweenEasing":0,"x":-3.09,"y":0.23},{"duration":10,"tweenEasing":0,"x":-6.38,"y":1.25},{"duration":10,"tweenEasing":0,"x":1.82,"y":-0.49},{"duration":10,"tweenEasing":0,"x":-3.1,"y":-0.19},{"duration":10,"tweenEasing":0,"x":1.82,"y":-0.49},{"duration":5,"tweenEasing":0,"x":-6.38,"y":1.25},{"duration":5,"tweenEasing":0,"x":-3.09,"y":0.23},{"duration":0}],"rotateFrame":[{"duration":10,"tweenEasing":0},{"duration":10,"tweenEasing":0,"rotate":4.91},{"duration":10,"tweenEasing":0,"rotate":9.32},{"duration":10,"tweenEasing":0,"rotate":-13.21},{"duration":10,"tweenEasing":0,"rotate":9.67},{"duration":10,"tweenEasing":0,"rotate":4.91},{"duration":0}],"scaleFrame":[{"duration":20,"tweenEasing":0},{"duration":10,"tweenEasing":0,"x":0.96,"y":0.99},{"duration":10,"tweenEasing":0,"x":0.91},{"duration":20,"tweenEasing":0,"x":0.96,"y":0.99},{"duration":0}]},{"name":"Leaf17","translateFrame":[{"duration":5,"tweenEasing":0},{"duration":5,"tweenEasing":0,"x":-4.46,"y":0.84},{"duration":10,"tweenEasing":0,"x":-7.98,"y":0.54},{"duration":10,"tweenEasing":0,"x":3.65,"y":0.29},{"duration":10,"tweenEasing":0,"x":-3.87,"y":-0.93},{"duration":10,"tweenEasing":0,"x":3.65,"y":0.29},{"duration":5,"tweenEasing":0,"x":-7.98,"y":0.54},{"duration":5,"tweenEasing":0,"x":-4.46,"y":0.84},{"duration":0}],"rotateFrame":[{"duration":10,"tweenEasing":0},{"duration":10,"tweenEasing":0,"rotate":-6.19},{"duration":10,"tweenEasing":0,"rotate":21.04},{"duration":10,"tweenEasing":0,"rotate":-6.46},{"duration":10,"tweenEasing":0,"rotate":21.04},{"duration":10,"tweenEasing":0,"rotate":-6.19},{"duration":0}]},{"name":"Leaf_Stem6","rotateFrame":[{},{"tweenEasing":0,"rotate":-0.82},{"duration":3,"tweenEasing":0,"rotate":-2.04},{"duration":5,"tweenEasing":0,"rotate":-6.41},{"duration":10,"tweenEasing":0,"rotate":-11.68},{"duration":10,"tweenEasing":0,"rotate":3.32},{"duration":10,"tweenEasing":0,"rotate":-6.21},{"duration":10,"tweenEasing":0,"rotate":3.32},{"duration":5,"tweenEasing":0,"rotate":-11.68},{"duration":3,"tweenEasing":0,"rotate":-6.41},{"tweenEasing":0,"rotate":-2.04},{"tweenEasing":0,"rotate":-0.82},{"duration":0}]},{"name":"Leaf116","translateFrame":[{"duration":10,"tweenEasing":0},{"duration":10,"tweenEasing":0,"x":-0.52,"y":0.71},{"duration":20,"tweenEasing":0,"x":-0.05,"y":-0.29},{"duration":10,"tweenEasing":0,"x":-0.05,"y":-0.29},{"duration":10,"tweenEasing":0,"x":-0.52,"y":0.71},{"duration":0}],"rotateFrame":[{"duration":10,"tweenEasing":0},{"duration":40,"tweenEasing":0,"rotate":20.72},{"duration":10,"tweenEasing":0,"rotate":20.72},{"duration":0}]},{"name":"Leaf47","translateFrame":[{"duration":5,"tweenEasing":0,"x":-0.61,"y":-0.31},{"duration":5,"tweenEasing":0,"x":-3.56,"y":-0.55},{"duration":10,"tweenEasing":0,"x":-6.83,"y":-1.41},{"duration":10,"tweenEasing":0,"x":1.9,"y":0.22},{"duration":10,"tweenEasing":0,"x":-3.44,"y":-1.69},{"duration":10,"tweenEasing":0,"x":1.9,"y":0.22},{"duration":5,"tweenEasing":0,"x":-6.83,"y":-1.41},{"duration":5,"tweenEasing":0,"x":-3.56,"y":-0.55},{"duration":0,"x":-0.61,"y":-0.31}],"rotateFrame":[{"duration":10,"tweenEasing":0,"rotate":22.97},{"duration":20,"tweenEasing":0,"rotate":2.72},{"duration":20,"tweenEasing":0,"rotate":36.36},{"duration":10,"tweenEasing":0,"rotate":2.72},{"duration":0,"rotate":22.97}]},{"name":"Leaf27","translateFrame":[{"duration":2,"tweenEasing":0,"x":-0.53,"y":2.15},{"duration":3,"tweenEasing":0,"x":-2.29,"y":2.09},{"duration":5,"tweenEasing":0,"x":-5.96,"y":3.25},{"duration":10,"tweenEasing":0,"x":-10.3,"y":2.07},{"duration":10,"tweenEasing":0,"x":1.78,"y":2.8},{"duration":10,"tweenEasing":0,"x":-5.26,"y":0.93},{"duration":10,"tweenEasing":0,"x":1.78,"y":2.8},{"duration":5,"tweenEasing":0,"x":-10.3,"y":2.07},{"duration":3,"tweenEasing":0,"x":-5.96,"y":3.25},{"duration":2,"tweenEasing":0,"x":-2.29,"y":2.09},{"duration":0,"x":-0.53,"y":2.15}],"rotateFrame":[{"duration":2,"tweenEasing":0,"rotate":-11.58},{"duration":3,"tweenEasing":0,"rotate":-30.81},{"duration":5,"tweenEasing":0,"rotate":-57.22},{"duration":10,"tweenEasing":0,"rotate":-36.76},{"duration":10,"tweenEasing":0,"rotate":-28.8},{"duration":10,"tweenEasing":0,"rotate":-11.21},{"duration":10,"tweenEasing":0,"rotate":-28.8},{"duration":5,"tweenEasing":0,"rotate":-36.76},{"duration":3,"tweenEasing":0,"rotate":-57.22},{"duration":2,"tweenEasing":0,"rotate":-30.81},{"duration":0,"rotate":-11.58}]},{"name":"Leaf37","translateFrame":[{"duration":5,"tweenEasing":0},{"duration":5,"tweenEasing":0,"x":-3.09,"y":0.23},{"duration":10,"tweenEasing":0,"x":-6.38,"y":1.25},{"duration":10,"tweenEasing":0,"x":1.82,"y":-0.49},{"duration":10,"tweenEasing":0,"x":-3.1,"y":-0.19},{"duration":10,"tweenEasing":0,"x":1.82,"y":-0.49},{"duration":5,"tweenEasing":0,"x":-6.38,"y":1.25},{"duration":5,"tweenEasing":0,"x":-3.09,"y":0.23},{"duration":0}],"rotateFrame":[{"duration":10,"tweenEasing":0},{"duration":10,"tweenEasing":0,"rotate":4.91},{"duration":10,"tweenEasing":0,"rotate":9.32},{"duration":10,"tweenEasing":0,"rotate":-13.21},{"duration":10,"tweenEasing":0,"rotate":9.67},{"duration":10,"tweenEasing":0,"rotate":4.91},{"duration":0}],"scaleFrame":[{"duration":20,"tweenEasing":0},{"duration":10,"tweenEasing":0,"x":0.96,"y":0.99},{"duration":10,"tweenEasing":0,"x":0.91},{"duration":20,"tweenEasing":0,"x":0.96,"y":0.99},{"duration":0}]},{"name":"Leaf18","translateFrame":[{"duration":5,"tweenEasing":0},{"duration":5,"tweenEasing":0,"x":-4.46,"y":0.84},{"duration":10,"tweenEasing":0,"x":-7.98,"y":0.54},{"duration":10,"tweenEasing":0,"x":3.65,"y":0.29},{"duration":10,"tweenEasing":0,"x":-3.87,"y":-0.93},{"duration":10,"tweenEasing":0,"x":3.65,"y":0.29},{"duration":5,"tweenEasing":0,"x":-7.98,"y":0.54},{"duration":5,"tweenEasing":0,"x":-4.46,"y":0.84},{"duration":0}],"rotateFrame":[{"duration":10,"tweenEasing":0},{"duration":10,"tweenEasing":0,"rotate":-6.19},{"duration":10,"tweenEasing":0,"rotate":21.04},{"duration":10,"tweenEasing":0,"rotate":-6.46},{"duration":10,"tweenEasing":0,"rotate":21.04},{"duration":10,"tweenEasing":0,"rotate":-6.19},{"duration":0}]},{"name":"Leaf_Stem7","rotateFrame":[{},{"tweenEasing":0,"rotate":-0.82},{"duration":3,"tweenEasing":0,"rotate":-2.04},{"duration":5,"tweenEasing":0,"rotate":-6.41},{"duration":10,"tweenEasing":0,"rotate":-11.68},{"duration":10,"tweenEasing":0,"rotate":3.32},{"duration":10,"tweenEasing":0,"rotate":-6.21},{"duration":10,"tweenEasing":0,"rotate":3.32},{"duration":5,"tweenEasing":0,"rotate":-11.68},{"duration":3,"tweenEasing":0,"rotate":-6.41},{"tweenEasing":0,"rotate":-2.04},{"tweenEasing":0,"rotate":-0.82},{"duration":0}]},{"name":"Leaf117","translateFrame":[{"duration":10,"tweenEasing":0},{"duration":10,"tweenEasing":0,"x":-0.52,"y":0.71},{"duration":20,"tweenEasing":0,"x":-0.05,"y":-0.29},{"duration":10,"tweenEasing":0,"x":-0.05,"y":-0.29},{"duration":10,"tweenEasing":0,"x":-0.52,"y":0.71},{"duration":0}],"rotateFrame":[{"duration":10,"tweenEasing":0},{"duration":40,"tweenEasing":0,"rotate":20.72},{"duration":10,"tweenEasing":0,"rotate":20.72},{"duration":0}]},{"name":"Leaf48","translateFrame":[{"duration":5,"tweenEasing":0,"x":-0.61,"y":-0.31},{"duration":5,"tweenEasing":0,"x":-3.56,"y":-0.55},{"duration":10,"tweenEasing":0,"x":-6.83,"y":-1.41},{"duration":10,"tweenEasing":0,"x":1.9,"y":0.22},{"duration":10,"tweenEasing":0,"x":-3.44,"y":-1.69},{"duration":10,"tweenEasing":0,"x":1.9,"y":0.22},{"duration":5,"tweenEasing":0,"x":-6.83,"y":-1.41},{"duration":5,"tweenEasing":0,"x":-3.56,"y":-0.55},{"duration":0,"x":-0.61,"y":-0.31}],"rotateFrame":[{"duration":10,"tweenEasing":0,"rotate":22.97},{"duration":20,"tweenEasing":0,"rotate":2.72},{"duration":20,"tweenEasing":0,"rotate":36.36},{"duration":10,"tweenEasing":0,"rotate":2.72},{"duration":0,"rotate":22.97}]},{"name":"Leaf28","translateFrame":[{"duration":2,"tweenEasing":0,"x":-0.53,"y":2.15},{"duration":3,"tweenEasing":0,"x":-2.29,"y":2.09},{"duration":5,"tweenEasing":0,"x":-5.96,"y":3.25},{"duration":10,"tweenEasing":0,"x":-10.3,"y":2.07},{"duration":10,"tweenEasing":0,"x":1.78,"y":2.8},{"duration":10,"tweenEasing":0,"x":-5.26,"y":0.93},{"duration":10,"tweenEasing":0,"x":1.78,"y":2.8},{"duration":5,"tweenEasing":0,"x":-10.3,"y":2.07},{"duration":3,"tweenEasing":0,"x":-5.96,"y":3.25},{"duration":2,"tweenEasing":0,"x":-2.29,"y":2.09},{"duration":0,"x":-0.53,"y":2.15}],"rotateFrame":[{"duration":2,"tweenEasing":0,"rotate":-11.58},{"duration":3,"tweenEasing":0,"rotate":-30.81},{"duration":5,"tweenEasing":0,"rotate":-57.22},{"duration":10,"tweenEasing":0,"rotate":-36.76},{"duration":10,"tweenEasing":0,"rotate":-28.8},{"duration":10,"tweenEasing":0,"rotate":-11.21},{"duration":10,"tweenEasing":0,"rotate":-28.8},{"duration":5,"tweenEasing":0,"rotate":-36.76},{"duration":3,"tweenEasing":0,"rotate":-57.22},{"duration":2,"tweenEasing":0,"rotate":-30.81},{"duration":0,"rotate":-11.58}]},{"name":"Leaf38","translateFrame":[{"duration":5,"tweenEasing":0},{"duration":5,"tweenEasing":0,"x":-3.09,"y":0.23},{"duration":10,"tweenEasing":0,"x":-6.38,"y":1.25},{"duration":10,"tweenEasing":0,"x":1.82,"y":-0.49},{"duration":10,"tweenEasing":0,"x":-3.1,"y":-0.19},{"duration":10,"tweenEasing":0,"x":1.82,"y":-0.49},{"duration":5,"tweenEasing":0,"x":-6.38,"y":1.25},{"duration":5,"tweenEasing":0,"x":-3.09,"y":0.23},{"duration":0}],"rotateFrame":[{"duration":10,"tweenEasing":0},{"duration":10,"tweenEasing":0,"rotate":4.91},{"duration":10,"tweenEasing":0,"rotate":9.32},{"duration":10,"tweenEasing":0,"rotate":-13.21},{"duration":10,"tweenEasing":0,"rotate":9.67},{"duration":10,"tweenEasing":0,"rotate":4.91},{"duration":0}],"scaleFrame":[{"duration":20,"tweenEasing":0},{"duration":10,"tweenEasing":0,"x":0.96,"y":0.99},{"duration":10,"tweenEasing":0,"x":0.91},{"duration":20,"tweenEasing":0,"x":0.96,"y":0.99},{"duration":0}]},{"name":"Leaf19","translateFrame":[{"duration":5,"tweenEasing":0},{"duration":5,"tweenEasing":0,"x":-4.46,"y":0.84},{"duration":10,"tweenEasing":0,"x":-7.98,"y":0.54},{"duration":10,"tweenEasing":0,"x":3.65,"y":0.29},{"duration":10,"tweenEasing":0,"x":-3.87,"y":-0.93},{"duration":10,"tweenEasing":0,"x":3.65,"y":0.29},{"duration":5,"tweenEasing":0,"x":-7.98,"y":0.54},{"duration":5,"tweenEasing":0,"x":-4.46,"y":0.84},{"duration":0}],"rotateFrame":[{"duration":10,"tweenEasing":0},{"duration":10,"tweenEasing":0,"rotate":-6.19},{"duration":10,"tweenEasing":0,"rotate":21.04},{"duration":10,"tweenEasing":0,"rotate":-6.46},{"duration":10,"tweenEasing":0,"rotate":21.04},{"duration":10,"tweenEasing":0,"rotate":-6.19},{"duration":0}]},{"name":"Leaf_Stem8","rotateFrame":[{},{"tweenEasing":0,"rotate":-0.82},{"duration":3,"tweenEasing":0,"rotate":-2.04},{"duration":5,"tweenEasing":0,"rotate":-6.41},{"duration":10,"tweenEasing":0,"rotate":-11.68},{"duration":10,"tweenEasing":0,"rotate":3.32},{"duration":10,"tweenEasing":0,"rotate":-6.21},{"duration":10,"tweenEasing":0,"rotate":3.32},{"duration":5,"tweenEasing":0,"rotate":-11.68},{"duration":3,"tweenEasing":0,"rotate":-6.41},{"tweenEasing":0,"rotate":-2.04},{"tweenEasing":0,"rotate":-0.82},{"duration":0}]},{"name":"Leaf118","translateFrame":[{"duration":10,"tweenEasing":0},{"duration":10,"tweenEasing":0,"x":-0.52,"y":0.71},{"duration":20,"tweenEasing":0,"x":-0.05,"y":-0.29},{"duration":10,"tweenEasing":0,"x":-0.05,"y":-0.29},{"duration":10,"tweenEasing":0,"x":-0.52,"y":0.71},{"duration":0}],"rotateFrame":[{"duration":10,"tweenEasing":0},{"duration":40,"tweenEasing":0,"rotate":20.72},{"duration":10,"tweenEasing":0,"rotate":20.72},{"duration":0}]},{"name":"Tree211","translateFrame":[{"duration":30,"tweenEasing":0},{"duration":30,"tweenEasing":0,"x":-6.11,"y":5.97},{"duration":0}]},{"name":"Tree2111","translateFrame":[{"duration":30,"tweenEasing":0},{"duration":5,"tweenEasing":0,"x":0.64,"y":-1.11},{"duration":25,"tweenEasing":0,"x":0.64,"y":-1.11},{"duration":0}],"scaleFrame":[{"duration":30,"tweenEasing":0},{"duration":5,"tweenEasing":0,"x":1.1,"y":1.1},{"duration":25,"tweenEasing":0,"x":1.1,"y":1.1},{"duration":0}]},{"name":"Tree21111","translateFrame":[{"duration":30,"tweenEasing":0},{"duration":30,"tweenEasing":0,"x":-3.99,"y":0.42},{"duration":0}]},{"name":"Tree2_Stem2","translateFrame":[{"duration":30,"tweenEasing":0,"x":1.04},{"duration":30,"tweenEasing":0,"x":4.88,"y":-2.75},{"duration":0,"x":1.04}],"rotateFrame":[{"duration":30,"tweenEasing":0,"rotate":0.36},{"duration":30,"tweenEasing":0,"rotate":-16.51},{"duration":0,"rotate":0.36}]},{"name":"Tree2_Stem1","translateFrame":[{"duration":30,"tweenEasing":0},{"duration":30,"tweenEasing":0,"x":-2.57,"y":-1.71},{"duration":0}],"rotateFrame":[{"duration":30,"tweenEasing":0},{"duration":30,"tweenEasing":0,"rotate":-14.56},{"duration":0}]},{"name":"Tree21","translateFrame":[{"duration":30,"tweenEasing":0},{"duration":30,"tweenEasing":0,"x":-3.31,"y":-4.31},{"duration":0}],"scaleFrame":[{"duration":30,"tweenEasing":0},{"duration":30,"tweenEasing":0,"x":1.1,"y":1.1},{"duration":0}]},{"name":"TreeA","rotateFrame":[{"duration":15,"tweenEasing":0},{"duration":15,"tweenEasing":0,"rotate":-8.76},{"duration":15,"tweenEasing":0},{"duration":15,"tweenEasing":0,"rotate":5.7},{"duration":0}],"scaleFrame":[{"duration":15,"tweenEasing":0},{"duration":15,"tweenEasing":0,"y":1.06},{"duration":15,"tweenEasing":0},{"duration":15,"tweenEasing":0,"y":1.07},{"duration":0}]},{"name":"Tree2_Stem3","translateFrame":[{"duration":30,"tweenEasing":0},{"duration":30,"tweenEasing":0,"x":4.24,"y":-4.31},{"duration":0}],"rotateFrame":[{"duration":30,"tweenEasing":0},{"duration":30,"tweenEasing":0,"rotate":2.48},{"duration":0}]}]}],"defaultActions":[{"gotoAndPlay":"Idle"}]}]}