{"SubTexture":[{"x":1,"y":1,"width":450,"name":"Farmland/Dirt","height":225},{"x":1,"y":228,"width":85,"name":"Farmland/Soil","height":59},{"x":453,"y":1,"width":15,"name":"Farmland/Leaf_Stem","height":66},{"x":489,"y":18,"width":20,"name":"Farmland/Leaf4","height":13},{"x":470,"y":1,"width":17,"name":"Farmland/Leaf3","height":19},{"x":470,"y":22,"width":15,"name":"Farmland/Leaf2","height":14},{"x":489,"y":1,"width":19,"name":"Farmland/Leaf1","height":15}],"imagePath":"Level_1_tex.png","width":512,"name":"Level_1","height":512}