{"imagePath":"Soldier_06_tex.png","width":128,"name":"Soldier_06","SubTexture":[{"y":113,"frameY":0,"height":8,"frameWidth":13,"frameX":0,"frameHeight":8,"width":12,"name":"foot_back_toe_rt","x":15},{"x":49,"y":96,"width":19,"name":"leg_back_rt","height":24},{"y":112,"frameY":-1,"height":8,"frameWidth":18,"frameX":-1,"frameHeight":10,"width":15,"name":"foot_front_toe_rt","x":32},{"y":100,"frameY":0,"height":10,"frameWidth":14,"frameX":0,"frameHeight":11,"width":13,"name":"foot_back_toe_lt","x":32},{"x":1,"y":66,"width":24,"name":"leg_back_lt","height":32},{"x":49,"y":66,"width":22,"name":"leg_front_rt","height":28},{"x":27,"y":66,"width":20,"name":"leg_front_lt","height":32},{"y":100,"frameY":0,"height":11,"frameWidth":16,"frameX":-1,"frameHeight":12,"width":15,"name":"foot_front_toe_lt","x":15},{"x":1,"y":1,"width":76,"name":"Sheep_01_Body","height":63},{"x":1,"y":100,"width":12,"name":"ear_lt","height":18},{"x":118,"y":1,"width":6,"name":"ear_rt","height":13},{"x":79,"y":1,"width":37,"name":"Sheep_01_Head","height":44},{"x":1,"y":120,"width":4,"name":"eye_lt","height":5},{"x":7,"y":120,"width":3,"name":"eye_rt","height":5},{"x":79,"y":47,"width":40,"name":"Sheep_01_Hair","height":29}],"height":128}