{"frameRate":24,"name":"Level_0","version":"5.5","compatibleVersion":"5.5","armature":[{"type":"Armature","frameRate":24,"name":"Level_0","aabb":{"x":-225.18,"y":-94.5,"width":450.36,"height":189},"bone":[{"name":"root"}],"slot":[{"name":"Dirt_Site","parent":"root"},{"name":"铲","parent":"root"}],"skin":[{"slot":[{"name":"铲","display":[{"name":"BuildableUpgrading/铲","transform":{"x":35.28,"y":-9}},{"name":"BuildableUpgrading/倒","transform":{"x":44.82,"y":-11.16}}]},{"name":"Dirt_Site","display":[{"name":"BuildableUpgrading/Dirt_Site"}]}]}],"animation":[{"duration":18,"playTimes":0,"name":"Idle","slot":[{"name":"铲","displayFrame":[{"duration":9},{"duration":9,"value":1},{"duration":0}]}]}],"defaultActions":[{"gotoAndPlay":"Idle"}]}]}