{"imagePath":"Soldier_07_tex.png","width":64,"name":"Soldier_07","SubTexture":[{"y":1,"frameY":0,"height":5,"frameWidth":9,"frameX":0,"frameHeight":6,"width":8,"name":"foot_back_toe_rt","x":55},{"x":18,"y":92,"width":13,"name":"leg_back_rt","height":16},{"y":108,"frameY":-1,"height":6,"frameWidth":12,"frameX":-1,"frameHeight":7,"width":11,"name":"foot_front_toe_rt","x":1},{"y":116,"frameY":0,"height":7,"frameWidth":10,"frameX":0,"frameHeight":8,"width":9,"name":"foot_back_toe_lt","x":1},{"x":28,"y":68,"width":16,"name":"leg_back_lt","height":22},{"x":1,"y":78,"width":15,"name":"leg_front_rt","height":19},{"x":46,"y":68,"width":13,"name":"leg_front_lt","height":22},{"y":99,"frameY":0,"height":7,"frameWidth":11,"frameX":0,"frameHeight":8,"width":10,"name":"foot_front_toe_lt","x":1},{"x":1,"y":1,"width":52,"name":"Sheep_01_Body","height":43},{"x":18,"y":78,"width":8,"name":"ear_lt","height":12},{"x":55,"y":8,"width":4,"name":"ear_rt","height":9},{"x":1,"y":46,"width":25,"name":"Sheep_01_Head","height":30},{"x":13,"y":99,"width":3,"name":"eye_lt","height":4},{"x":14,"y":105,"width":2,"name":"eye_rt","height":3},{"x":28,"y":46,"width":27,"name":"Sheep_01_Hair","height":20}],"height":128}