{
  "__type__": "cc.Material",
  "_name": "",
  "_objFlags": 0,
  "_native": "",
  "_effectAsset": {
    "__uuid__": "a3cd009f-0ab0-420d-9278-b9fdab939bbc"
  },
  "_techIdx": 0,
  "_defines": [
    {
      "USE_TEXTURE": true
    }
  ],
  "_states": [
    {
      "blendState": {
        "targets": [
          {}
        ]
      },
      "depthStencilState": {},
      "rasterizerState": {}
    }
  ],
  "_props": [
    {
      "mainTexture": {
        "__uuid__": "3039e498-1edc-480a-bfa4-d3d39b29a985@6c48a"
      }
    }
  ]
}