[
  {
    "__type__": "cc.SceneAsset",
    "_name": "",
    "_objFlags": 0,
    "_native": "",
    "scene": {
      "__id__": 1
    },
    "asyncLoadAssets": false
  },
  {
    "__type__": "cc.Scene",
    "_name": "",
    "_objFlags": 0,
    "_parent": null,
    "_children": [
      {
        "__id__": 2
      },
      {
        "__id__": 4
      },
      {
        "__id__": 6
      },
      {
        "__id__": 8
      },
      {
        "__id__": 60
      }
    ],
    "_active": true,
    "_components": [],
    "_prefab": null,
    "_lpos": {
      "__type__": "cc.Vec3",
      "x": 0,
      "y": 0,
      "z": 0
    },
    "_lrot": {
      "__type__": "cc.Quat",
      "x": 0,
      "y": 0,
      "z": 0,
      "w": 1
    },
    "_lscale": {
      "__type__": "cc.Vec3",
      "x": 1,
      "y": 1,
      "z": 1
    },
    "_layer": 1,
    "_euler": {
      "__type__": "cc.Vec3",
      "x": 0,
      "y": 0,
      "z": 0
    },
    "autoReleaseAssets": false,
    "_globals": {
      "__id__": 67
    },
    "_id": "f46876e4-e81b-4931-b493-6d367be385e7"
  },
  {
    "__type__": "cc.Node",
    "_name": "Main Light",
    "_objFlags": 0,
    "_parent": {
      "__id__": 1
    },
    "_children": [],
    "_active": true,
    "_components": [
      {
        "__id__": 3
      }
    ],
    "_prefab": null,
    "_lpos": {
      "__type__": "cc.Vec3",
      "x": 0,
      "y": 0,
      "z": 0
    },
    "_lrot": {
      "__type__": "cc.Quat",
      "x": 0,
      "y": 0,
      "z": 0,
      "w": 1
    },
    "_lscale": {
      "__type__": "cc.Vec3",
      "x": 1,
      "y": 1,
      "z": 1
    },
    "_layer": 1073741824,
    "_euler": {
      "__type__": "cc.Vec3",
      "x": 0,
      "y": 0,
      "z": 0
    },
    "_id": "c0y6F5f+pAvI805TdmxIjx"
  },
  {
    "__type__": "cc.DirectionalLightComponent",
    "_name": "",
    "_objFlags": 0,
    "node": {
      "__id__": 2
    },
    "_enabled": true,
    "_color": {
      "__type__": "cc.Color",
      "r": 255,
      "g": 255,
      "b": 255,
      "a": 255
    },
    "_useColorTemperature": false,
    "_colorTemperature": 6550,
    "_illuminance": 65000,
    "_id": "597uMYCbhEtJQc0ffJlcgA"
  },
  {
    "__type__": "cc.Node",
    "_name": "ground_plane",
    "_objFlags": 0,
    "_parent": {
      "__id__": 1
    },
    "_children": [],
    "_active": true,
    "_components": [
      {
        "__id__": 5
      }
    ],
    "_prefab": null,
    "_lpos": {
      "__type__": "cc.Vec3",
      "x": 0,
      "y": 0,
      "z": -20
    },
    "_lrot": {
      "__type__": "cc.Quat",
      "x": 0,
      "y": 0,
      "z": 0,
      "w": 1
    },
    "_lscale": {
      "__type__": "cc.Vec3",
      "x": 1,
      "y": 1,
      "z": 1
    },
    "_layer": 1073741824,
    "_euler": {
      "__type__": "cc.Vec3",
      "x": 0,
      "y": 0,
      "z": 0
    },
    "_id": "47rDjOS5hF+YadxN8CwAVM"
  },
  {
    "__type__": "cc.ModelComponent",
    "_name": "Plane<ModelComponent>",
    "_objFlags": 0,
    "node": {
      "__id__": 4
    },
    "_enabled": true,
    "_materials": [
      {
        "__uuid__": "39660966-00d8-4d49-8889-fabae909deb4"
      }
    ],
    "_visFlags": 0,
    "_enableDynamicBatching": false,
    "_mesh": {
      "__uuid__": "1263d74c-8167-4928-91a6-4e2672411f47@2e76e"
    },
    "_shadowCastingMode": 0,
    "_receiveShadows": false,
    "_id": "c7so2GvyVP9aXZgf89X+cF"
  },
  {
    "__type__": "cc.Node",
    "_name": "bar_plane",
    "_objFlags": 0,
    "_parent": {
      "__id__": 1
    },
    "_children": [],
    "_active": true,
    "_components": [
      {
        "__id__": 7
      }
    ],
    "_prefab": null,
    "_lpos": {
      "__type__": "cc.Vec3",
      "x": 0,
      "y": 2.5,
      "z": -25
    },
    "_lrot": {
      "__type__": "cc.Quat",
      "x": -4.329780281177466e-17,
      "y": 0.7071067811865476,
      "z": 0.7071067811865475,
      "w": 4.329780281177467e-17
    },
    "_lscale": {
      "__type__": "cc.Vec3",
      "x": 0.25,
      "y": 1,
      "z": 0.25
    },
    "_layer": 1073741824,
    "_euler": {
      "__type__": "cc.Vec3",
      "x": -90,
      "y": 180,
      "z": 0
    },
    "_id": "10M5j/7gBO4JkPTEUEwJVa"
  },
  {
    "__type__": "cc.ModelComponent",
    "_name": "Plane<ModelComponent>",
    "_objFlags": 0,
    "node": {
      "__id__": 6
    },
    "_enabled": true,
    "_materials": [
      {
        "__uuid__": "35b3be0e-298b-4c3c-a2f2-6b5c7d8ac429"
      }
    ],
    "_visFlags": 0,
    "_enableDynamicBatching": false,
    "_mesh": {
      "__uuid__": "1263d74c-8167-4928-91a6-4e2672411f47@2e76e"
    },
    "_shadowCastingMode": 0,
    "_receiveShadows": false,
    "_id": "9ddBY3PoxBLoZ/R7fOEvYP"
  },
  {
    "__type__": "cc.Node",
    "_name": "person",
    "_objFlags": 0,
    "_parent": {
      "__id__": 1
    },
    "_children": [
      {
        "__id__": 9
      },
      {
        "__id__": 49
      },
      {
        "__id__": 52
      },
      {
        "__id__": 55
      }
    ],
    "_active": true,
    "_components": [
      {
        "__id__": 58
      }
    ],
    "_prefab": {
      "__id__": 59
    },
    "_lpos": {
      "__type__": "cc.Vec3",
      "x": 0,
      "y": 1,
      "z": -14.37
    },
    "_lrot": {
      "__type__": "cc.Quat",
      "x": 0,
      "y": 0,
      "z": 0,
      "w": 1
    },
    "_lscale": {
      "__type__": "cc.Vec3",
      "x": 1,
      "y": 1,
      "z": 1
    },
    "_layer": 1073741824,
    "_euler": {
      "__type__": "cc.Vec3",
      "x": 0,
      "y": 0,
      "z": 0
    },
    "_id": "f4pitO4eBMFKpcWPJdI3d4"
  },
  {
    "__type__": "cc.Node",
    "_name": "righthand",
    "_objFlags": 0,
    "_parent": {
      "__id__": 8
    },
    "_children": [
      {
        "__id__": 10
      },
      {
        "__id__": 40
      }
    ],
    "_active": true,
    "_components": [],
    "_prefab": {
      "__id__": 48
    },
    "_lpos": {
      "__type__": "cc.Vec3",
      "x": 0.278,
      "y": 0.895,
      "z": -0.521
    },
    "_lrot": {
      "__type__": "cc.Quat",
      "x": 0,
      "y": 0,
      "z": 0,
      "w": 1
    },
    "_lscale": {
      "__type__": "cc.Vec3",
      "x": 1,
      "y": 1,
      "z": 1
    },
    "_layer": 1073741824,
    "_euler": {
      "__type__": "cc.Vec3",
      "x": 0,
      "y": 0,
      "z": 0
    },
    "_id": "e5iKY2GEFLOpz+H2r6vehJ"
  },
  {
    "__type__": "cc.Node",
    "_name": "Longbow_b",
    "_objFlags": 0,
    "_parent": {
      "__id__": 9
    },
    "_children": [
      {
        "__id__": 11
      }
    ],
    "_active": true,
    "_components": [
      {
        "__id__": 38
      }
    ],
    "_prefab": {
      "__id__": 39
    },
    "_lpos": {
      "__type__": "cc.Vec3",
      "x": -0.073,
      "y": 0.452,
      "z": -0.9
    },
    "_lrot": {
      "__type__": "cc.Quat",
      "x": 0.7071067811865475,
      "y": 0,
      "z": 0,
      "w": 0.7071067811865476
    },
    "_lscale": {
      "__type__": "cc.Vec3",
      "x": 1,
      "y": 1,
      "z": 1
    },
    "_layer": 1073741824,
    "_euler": {
      "__type__": "cc.Vec3",
      "x": 90,
      "y": 0,
      "z": 0
    },
    "_id": "c0TcAC4jVK7pS3MLE8kKxn"
  },
  {
    "__type__": "cc.Node",
    "_name": "RootNode",
    "_objFlags": 0,
    "_parent": {
      "__id__": 10
    },
    "_children": [
      {
        "__id__": 12
      },
      {
        "__id__": 15
      }
    ],
    "_active": true,
    "_components": [],
    "_prefab": {
      "__id__": 37
    },
    "_lpos": {
      "__type__": "cc.Vec3",
      "x": 0,
      "y": 0,
      "z": 0
    },
    "_lrot": {
      "__type__": "cc.Quat",
      "x": 0,
      "y": 0,
      "z": 0,
      "w": 1
    },
    "_lscale": {
      "__type__": "cc.Vec3",
      "x": 1,
      "y": 1,
      "z": 1
    },
    "_layer": 1073741824,
    "_euler": {
      "__type__": "cc.Vec3",
      "x": 0,
      "y": 0,
      "z": 0
    },
    "_id": "15i86qnfZMkqMXcEl5nD1l"
  },
  {
    "__type__": "cc.Node",
    "_name": "Longbow_b",
    "_objFlags": 0,
    "_parent": {
      "__id__": 11
    },
    "_children": [],
    "_active": true,
    "_components": [
      {
        "__id__": 13
      }
    ],
    "_prefab": {
      "__id__": 14
    },
    "_lpos": {
      "__type__": "cc.Vec3",
      "x": 0,
      "y": 0,
      "z": 0
    },
    "_lrot": {
      "__type__": "cc.Quat",
      "x": 0,
      "y": 0,
      "z": 0.7071067215818996,
      "w": 0.7071068407911906
    },
    "_lscale": {
      "__type__": "cc.Vec3",
      "x": 1,
      "y": 1,
      "z": 1
    },
    "_layer": 1073741824,
    "_euler": {
      "__type__": "cc.Vec3",
      "x": 0,
      "y": 0,
      "z": 90
    },
    "_id": "f318gEz3NF4bmoAbyv6vUu"
  },
  {
    "__type__": "cc.SkinningModelComponent",
    "_name": "",
    "_objFlags": 0,
    "node": {
      "__id__": 12
    },
    "_enabled": true,
    "_materials": [
      {
        "__uuid__": "771d3108-959e-466b-a2d8-ba0412fbe17f"
      }
    ],
    "_visFlags": 0,
    "_enableDynamicBatching": false,
    "_mesh": {
      "__uuid__": "44e38be6-c99e-4ee9-a6e0-58d62bb05c19@1ef07"
    },
    "_shadowCastingMode": 0,
    "_receiveShadows": false,
    "_skeleton": {
      "__uuid__": "44e38be6-c99e-4ee9-a6e0-58d62bb05c19@438fe"
    },
    "_skinningRoot": {
      "__id__": 10
    },
    "_id": "86gBtyzjFOcbBSHurOsQKP"
  },
  {
    "__type__": "cc.PrefabInfo",
    "root": {
      "__id__": 8
    },
    "asset": {
      "__uuid__": "f9ef4be0-7a7b-408b-983f-764ac6ac6a5b"
    },
    "fileId": "be1fa+Zd5C9YDqYftagE0k",
    "sync": false,
    "_synced": {
      "default": false,
      "serializable": false
    }
  },
  {
    "__type__": "cc.Node",
    "_name": "Armature",
    "_objFlags": 0,
    "_parent": {
      "__id__": 11
    },
    "_children": [
      {
        "__id__": 16
      }
    ],
    "_active": true,
    "_components": [],
    "_prefab": {
      "__id__": 36
    },
    "_lpos": {
      "__type__": "cc.Vec3",
      "x": 0,
      "y": 0,
      "z": 0
    },
    "_lrot": {
      "__type__": "cc.Quat",
      "x": -0.7071068407911906,
      "y": 0,
      "z": 0,
      "w": 0.7071067215818996
    },
    "_lscale": {
      "__type__": "cc.Vec3",
      "x": 1,
      "y": 1,
      "z": 1
    },
    "_layer": 1073741824,
    "_euler": {
      "__type__": "cc.Vec3",
      "x": -90.0000096593463,
      "y": 0,
      "z": 0
    },
    "_id": "124oMqysFCY7jgJF3NdqDy"
  },
  {
    "__type__": "cc.Node",
    "_name": "Master",
    "_objFlags": 0,
    "_parent": {
      "__id__": 15
    },
    "_children": [
      {
        "__id__": 17
      },
      {
        "__id__": 19
      },
      {
        "__id__": 27
      }
    ],
    "_active": true,
    "_components": [],
    "_prefab": {
      "__id__": 35
    },
    "_lpos": {
      "__type__": "cc.Vec3",
      "x": 0,
      "y": 0,
      "z": 0
    },
    "_lrot": {
      "__type__": "cc.Quat",
      "x": -0.4999998807907011,
      "y": 0.4999999403953461,
      "z": -0.5000001192092811,
      "w": 0.5000000596046361
    },
    "_lscale": {
      "__type__": "cc.Vec3",
      "x": 0.99999988079071,
      "y": 0.999999940395355,
      "z": 0.999999940395355
    },
    "_layer": 1073741824,
    "_euler": {
      "__type__": "cc.Vec3",
      "x": 0,
      "y": 89.99997950943118,
      "z": -90
    },
    "_id": "2cjG1F2zdME6mvwM4O7T4y"
  },
  {
    "__type__": "cc.Node",
    "_name": "string",
    "_objFlags": 0,
    "_parent": {
      "__id__": 16
    },
    "_children": [],
    "_active": true,
    "_components": [],
    "_prefab": {
      "__id__": 18
    },
    "_lpos": {
      "__type__": "cc.Vec3",
      "x": -0.250199526548386,
      "y": -0.0394905284047127,
      "z": 1.2396738746645e-8
    },
    "_lrot": {
      "__type__": "cc.Quat",
      "x": 1.42069803865013e-14,
      "y": 2.71315240917393e-21,
      "z": 5.90276085117841e-21,
      "w": 1
    },
    "_lscale": {
      "__type__": "cc.Vec3",
      "x": 1,
      "y": 1,
      "z": 1
    },
    "_layer": 1073741824,
    "_euler": {
      "__type__": "cc.Vec3",
      "x": 1.6280000315433272e-12,
      "y": 3.109043644428256e-19,
      "z": 6.76406568495149e-19
    },
    "_id": "daH0DC0xhACJu35nmpihxD"
  },
  {
    "__type__": "cc.PrefabInfo",
    "root": {
      "__id__": 8
    },
    "asset": {
      "__uuid__": "f9ef4be0-7a7b-408b-983f-764ac6ac6a5b"
    },
    "fileId": "51QMa5g3VBTqfDkg7E5Iwx",
    "sync": false,
    "_synced": {
      "default": false,
      "serializable": false
    }
  },
  {
    "__type__": "cc.Node",
    "_name": "Bow_a1",
    "_objFlags": 0,
    "_parent": {
      "__id__": 16
    },
    "_children": [
      {
        "__id__": 20
      }
    ],
    "_active": true,
    "_components": [],
    "_prefab": {
      "__id__": 26
    },
    "_lpos": {
      "__type__": "cc.Vec3",
      "x": -0.00216717459261417,
      "y": -0.159184768795967,
      "z": 5.8367493949163e-8
    },
    "_lrot": {
      "__type__": "cc.Quat",
      "x": -0.4645767452192434,
      "y": 0.5330747895739127,
      "z": 0.5330744915506924,
      "w": -0.4645764769983447
    },
    "_lscale": {
      "__type__": "cc.Vec3",
      "x": 0.999999940395355,
      "y": 1,
      "z": 1
    },
    "_layer": 1073741824,
    "_euler": {
      "__type__": "cc.Vec3",
      "x": -89.9999712759034,
      "y": 179.99999620431763,
      "z": -82.14455289506522
    },
    "_id": "fduJ7mI19Jb7MROpRkQx7X"
  },
  {
    "__type__": "cc.Node",
    "_name": "Bow_a2",
    "_objFlags": 0,
    "_parent": {
      "__id__": 19
    },
    "_children": [
      {
        "__id__": 21
      }
    ],
    "_active": true,
    "_components": [],
    "_prefab": {
      "__id__": 25
    },
    "_lpos": {
      "__type__": "cc.Vec3",
      "x": 0.339855849742889,
      "y": 2.56583998492488e-8,
      "z": -5.96046501044611e-9
    },
    "_lrot": {
      "__type__": "cc.Quat",
      "x": -0.7053393101810845,
      "y": -0.049962475727839094,
      "z": -0.04996244220022651,
      "w": 0.7053396082043075
    },
    "_lscale": {
      "__type__": "cc.Vec3",
      "x": 1,
      "y": 1,
      "z": 1
    },
    "_layer": 1073741824,
    "_euler": {
      "__type__": "cc.Vec3",
      "x": -89.99997572003556,
      "y": -8.103515415462788,
      "z": 0.0000010036358550381183
    },
    "_id": "7d8V+4XitGu6Bnuw3GsvE1"
  },
  {
    "__type__": "cc.Node",
    "_name": "Bow_a3",
    "_objFlags": 0,
    "_parent": {
      "__id__": 20
    },
    "_children": [
      {
        "__id__": 22
      }
    ],
    "_active": true,
    "_components": [],
    "_prefab": {
      "__id__": 24
    },
    "_lpos": {
      "__type__": "cc.Vec3",
      "x": 0.245776951313019,
      "y": 9.5367438390781e-9,
      "z": 6.79999998231531e-15
    },
    "_lrot": {
      "__type__": "cc.Quat",
      "x": -2.126616705572291e-8,
      "y": 2.8277559266933412e-8,
      "z": -0.046012490040258265,
      "w": 0.9989408644961391
    },
    "_lscale": {
      "__type__": "cc.Vec3",
      "x": 0.99999988079071,
      "y": 0.99999988079071,
      "z": 1
    },
    "_layer": 1073741824,
    "_euler": {
      "__type__": "cc.Vec3",
      "x": -0.000002294962286794484,
      "y": 0.0000031380963417388383,
      "z": -5.274505238493902
    },
    "_id": "00nsLkXLpLHqk7LB42NGZC"
  },
  {
    "__type__": "cc.Node",
    "_name": "Bow_a4",
    "_objFlags": 0,
    "_parent": {
      "__id__": 21
    },
    "_children": [],
    "_active": true,
    "_components": [],
    "_prefab": {
      "__id__": 23
    },
    "_lpos": {
      "__type__": "cc.Vec3",
      "x": 0.224488198757172,
      "y": 9.53673584547232e-9,
      "z": 5.68000007989647e-15
    },
    "_lrot": {
      "__type__": "cc.Quat",
      "x": -1.4005482129942777e-7,
      "y": -3.0673408362232783e-8,
      "z": 0.018822347536874985,
      "w": 0.9998228439244526
    },
    "_lscale": {
      "__type__": "cc.Vec3",
      "x": 0.999999940395355,
      "y": 0.999999940395355,
      "z": 1
    },
    "_layer": 1073741824,
    "_euler": {
      "__type__": "cc.Vec3",
      "x": -0.00001599142911079979,
      "y": -0.000003214486914426269,
      "z": 2.1570095260685327
    },
    "_id": "d7nqwJYiNBgqQmkQ5IDetG"
  },
  {
    "__type__": "cc.PrefabInfo",
    "root": {
      "__id__": 8
    },
    "asset": {
      "__uuid__": "f9ef4be0-7a7b-408b-983f-764ac6ac6a5b"
    },
    "fileId": "a2Stc6aONNWpQ8VMylCBiL",
    "sync": false,
    "_synced": {
      "default": false,
      "serializable": false
    }
  },
  {
    "__type__": "cc.PrefabInfo",
    "root": {
      "__id__": 8
    },
    "asset": {
      "__uuid__": "f9ef4be0-7a7b-408b-983f-764ac6ac6a5b"
    },
    "fileId": "43GQfQwUBF9Y/9yD6va7KG",
    "sync": false,
    "_synced": {
      "default": false,
      "serializable": false
    }
  },
  {
    "__type__": "cc.PrefabInfo",
    "root": {
      "__id__": 8
    },
    "asset": {
      "__uuid__": "f9ef4be0-7a7b-408b-983f-764ac6ac6a5b"
    },
    "fileId": "6eDJU+mF5AXaEDEeQ7gNYk",
    "sync": false,
    "_synced": {
      "default": false,
      "serializable": false
    }
  },
  {
    "__type__": "cc.PrefabInfo",
    "root": {
      "__id__": 8
    },
    "asset": {
      "__uuid__": "f9ef4be0-7a7b-408b-983f-764ac6ac6a5b"
    },
    "fileId": "56jL1rIERE8IN+OS5pQT8g",
    "sync": false,
    "_synced": {
      "default": false,
      "serializable": false
    }
  },
  {
    "__type__": "cc.Node",
    "_name": "Bow_b1",
    "_objFlags": 0,
    "_parent": {
      "__id__": 16
    },
    "_children": [
      {
        "__id__": 28
      }
    ],
    "_active": true,
    "_components": [],
    "_prefab": {
      "__id__": 34
    },
    "_lpos": {
      "__type__": "cc.Vec3",
      "x": -0.00216716062277555,
      "y": 0.159184798598289,
      "z": -4.15739798143022e-8
    },
    "_lrot": {
      "__type__": "cc.Quat",
      "x": 0.4645764362775648,
      "y": 0.5330752284745885,
      "z": 0.5330745132188314,
      "w": 0.46457625746362574
    },
    "_lscale": {
      "__type__": "cc.Vec3",
      "x": 0.999999940395355,
      "y": 1,
      "z": 0.999999940395355
    },
    "_layer": 1073741824,
    "_euler": {
      "__type__": "cc.Vec3",
      "x": -89.99974997236849,
      "y": 179.9998013193916,
      "z": 82.14449609347527
    },
    "_id": "9bn6MxPOdIIpIyRQEdHhB7"
  },
  {
    "__type__": "cc.Node",
    "_name": "Bow_b2",
    "_objFlags": 0,
    "_parent": {
      "__id__": 27
    },
    "_children": [
      {
        "__id__": 29
      }
    ],
    "_active": true,
    "_components": [],
    "_prefab": {
      "__id__": 33
    },
    "_lpos": {
      "__type__": "cc.Vec3",
      "x": 0.339855879545212,
      "y": 2.56583998492488e-8,
      "z": -1.0813793843668e-13
    },
    "_lrot": {
      "__type__": "cc.Quat",
      "x": -0.7053396708283999,
      "y": 0.04996246104055941,
      "z": 0.04996237163359213,
      "w": 0.7053392535958865
    },
    "_lscale": {
      "__type__": "cc.Vec3",
      "x": 1.00000011920929,
      "y": 1.00000011920929,
      "z": 1
    },
    "_layer": 1073741824,
    "_euler": {
      "__type__": "cc.Vec3",
      "x": -90.0000332113346,
      "y": 8.103508490157003,
      "z": -0.000009615172228254772
    },
    "_id": "54bhq3RzdMI7Wji7hkzFwA"
  },
  {
    "__type__": "cc.Node",
    "_name": "Bow_b3",
    "_objFlags": 0,
    "_parent": {
      "__id__": 28
    },
    "_children": [
      {
        "__id__": 30
      }
    ],
    "_active": true,
    "_components": [],
    "_prefab": {
      "__id__": 32
    },
    "_lpos": {
      "__type__": "cc.Vec3",
      "x": 0.245776951313019,
      "y": 2.86103087887568e-8,
      "z": 4.55000010650235e-15
    },
    "_lrot": {
      "__type__": "cc.Quat",
      "x": -2.1365223823799416e-7,
      "y": 1.1430302694923074e-8,
      "z": 0.04601248260545078,
      "w": 0.9989408648385736
    },
    "_lscale": {
      "__type__": "cc.Vec3",
      "x": 1,
      "y": 1,
      "z": 1
    },
    "_layer": 1073741824,
    "_euler": {
      "__type__": "cc.Vec3",
      "x": -0.000024621334475923273,
      "y": 0.000002445294827980885,
      "z": 5.274504385623949
    },
    "_id": "3cuAVR5NVFA69n8R7OJbDx"
  },
  {
    "__type__": "cc.Node",
    "_name": "Bow_b4",
    "_objFlags": 0,
    "_parent": {
      "__id__": 29
    },
    "_children": [],
    "_active": true,
    "_components": [],
    "_prefab": {
      "__id__": 31
    },
    "_lpos": {
      "__type__": "cc.Vec3",
      "x": 0.22448818385601,
      "y": 4.15845133393093e-14,
      "z": 0
    },
    "_lrot": {
      "__type__": "cc.Quat",
      "x": 1.745533049562644e-7,
      "y": -1.2157092973227268e-8,
      "z": -0.01882235684680109,
      "w": 0.999822843749182
    },
    "_lscale": {
      "__type__": "cc.Vec3",
      "x": 0.999999940395355,
      "y": 0.999999940395355,
      "z": 1
    },
    "_layer": 1073741824,
    "_euler": {
      "__type__": "cc.Vec3",
      "x": 0.000019986732223230892,
      "y": -0.0000010170830135344478,
      "z": -2.1570105930962495
    },
    "_id": "d0ay+Gh7VAC7WAN+iTyuGr"
  },
  {
    "__type__": "cc.PrefabInfo",
    "root": {
      "__id__": 8
    },
    "asset": {
      "__uuid__": "f9ef4be0-7a7b-408b-983f-764ac6ac6a5b"
    },
    "fileId": "dbYC2iwXtNQoKnvtAijiRq",
    "sync": false,
    "_synced": {
      "default": false,
      "serializable": false
    }
  },
  {
    "__type__": "cc.PrefabInfo",
    "root": {
      "__id__": 8
    },
    "asset": {
      "__uuid__": "f9ef4be0-7a7b-408b-983f-764ac6ac6a5b"
    },
    "fileId": "9ceUDKbIVKrKdWsfR00aKR",
    "sync": false,
    "_synced": {
      "default": false,
      "serializable": false
    }
  },
  {
    "__type__": "cc.PrefabInfo",
    "root": {
      "__id__": 8
    },
    "asset": {
      "__uuid__": "f9ef4be0-7a7b-408b-983f-764ac6ac6a5b"
    },
    "fileId": "d9kl26qzFJap5oWtM/+rNp",
    "sync": false,
    "_synced": {
      "default": false,
      "serializable": false
    }
  },
  {
    "__type__": "cc.PrefabInfo",
    "root": {
      "__id__": 8
    },
    "asset": {
      "__uuid__": "f9ef4be0-7a7b-408b-983f-764ac6ac6a5b"
    },
    "fileId": "70uJZ8zoJF/LI7BVftHPvo",
    "sync": false,
    "_synced": {
      "default": false,
      "serializable": false
    }
  },
  {
    "__type__": "cc.PrefabInfo",
    "root": {
      "__id__": 8
    },
    "asset": {
      "__uuid__": "f9ef4be0-7a7b-408b-983f-764ac6ac6a5b"
    },
    "fileId": "d0nxY/s5lASZhVu2YOx0kJ",
    "sync": false,
    "_synced": {
      "default": false,
      "serializable": false
    }
  },
  {
    "__type__": "cc.PrefabInfo",
    "root": {
      "__id__": 8
    },
    "asset": {
      "__uuid__": "f9ef4be0-7a7b-408b-983f-764ac6ac6a5b"
    },
    "fileId": "dbbrTpp9hEaoY132j+Tmxy",
    "sync": false,
    "_synced": {
      "default": false,
      "serializable": false
    }
  },
  {
    "__type__": "cc.PrefabInfo",
    "root": {
      "__id__": 8
    },
    "asset": {
      "__uuid__": "f9ef4be0-7a7b-408b-983f-764ac6ac6a5b"
    },
    "fileId": "bfN+CJz5dJu7EKByOqckS8",
    "sync": false,
    "_synced": {
      "default": false,
      "serializable": false
    }
  },
  {
    "__type__": "cc.SkeletalAnimationComponent",
    "_name": "Longbow_b<SkeletalAnimationComponent>",
    "_objFlags": 0,
    "node": {
      "__id__": 10
    },
    "_enabled": true,
    "playOnLoad": false,
    "_clips": [
      {
        "__uuid__": "44e38be6-c99e-4ee9-a6e0-58d62bb05c19@ccd1e"
      },
      {
        "__uuid__": "44e38be6-c99e-4ee9-a6e0-58d62bb05c19@a6c68"
      },
      {
        "__uuid__": "44e38be6-c99e-4ee9-a6e0-58d62bb05c19@63ab1"
      }
    ],
    "_defaultClip": {
      "__uuid__": "44e38be6-c99e-4ee9-a6e0-58d62bb05c19@ccd1e"
    },
    "_sockets": [],
    "_id": "e3I4y4iMtPPqB5gzF5tuSc"
  },
  {
    "__type__": "cc.PrefabInfo",
    "root": {
      "__id__": 8
    },
    "asset": {
      "__uuid__": "f9ef4be0-7a7b-408b-983f-764ac6ac6a5b"
    },
    "fileId": "7chuc93yBPdbwfDVcPD4DO",
    "sync": false,
    "_synced": {
      "default": false,
      "serializable": false
    }
  },
  {
    "__type__": "cc.Node",
    "_name": "Arrow",
    "_objFlags": 0,
    "_parent": {
      "__id__": 9
    },
    "_children": [
      {
        "__id__": 41
      }
    ],
    "_active": true,
    "_components": [
      {
        "__id__": 46
      }
    ],
    "_prefab": {
      "__id__": 47
    },
    "_lpos": {
      "__type__": "cc.Vec3",
      "x": -0.112,
      "y": 0.452,
      "z": -1.166
    },
    "_lrot": {
      "__type__": "cc.Quat",
      "x": -0.7071067811865475,
      "y": 0,
      "z": 0,
      "w": 0.7071067811865476
    },
    "_lscale": {
      "__type__": "cc.Vec3",
      "x": 1,
      "y": 1,
      "z": 1
    },
    "_layer": 1073741824,
    "_euler": {
      "__type__": "cc.Vec3",
      "x": -90,
      "y": 0,
      "z": 0
    },
    "_id": "e7EOy+fzVBL5Uhl+8R3E8Q"
  },
  {
    "__type__": "cc.Node",
    "_name": "RootNode",
    "_objFlags": 0,
    "_parent": {
      "__id__": 40
    },
    "_children": [
      {
        "__id__": 42
      }
    ],
    "_active": true,
    "_components": [],
    "_prefab": {
      "__id__": 45
    },
    "_lpos": {
      "__type__": "cc.Vec3",
      "x": 0,
      "y": 0,
      "z": 0
    },
    "_lrot": {
      "__type__": "cc.Quat",
      "x": 0,
      "y": 0,
      "z": 0,
      "w": 1
    },
    "_lscale": {
      "__type__": "cc.Vec3",
      "x": 1,
      "y": 1,
      "z": 1
    },
    "_layer": 1073741824,
    "_euler": {
      "__type__": "cc.Vec3",
      "x": 0,
      "y": 0,
      "z": 0
    },
    "_id": "cffgL0Bm5KcZdQWTB34MZe"
  },
  {
    "__type__": "cc.Node",
    "_name": "Arrow",
    "_objFlags": 0,
    "_parent": {
      "__id__": 41
    },
    "_children": [],
    "_active": true,
    "_components": [
      {
        "__id__": 43
      }
    ],
    "_prefab": {
      "__id__": 44
    },
    "_lpos": {
      "__type__": "cc.Vec3",
      "x": 0.0300284326076508,
      "y": 0,
      "z": 0
    },
    "_lrot": {
      "__type__": "cc.Quat",
      "x": -0.7071068407911907,
      "y": 0,
      "z": 0,
      "w": 0.7071067215818994
    },
    "_lscale": {
      "__type__": "cc.Vec3",
      "x": 1,
      "y": 1,
      "z": 1
    },
    "_layer": 1073741824,
    "_euler": {
      "__type__": "cc.Vec3",
      "x": -90.0000096593463,
      "y": 0,
      "z": 0
    },
    "_id": "30VwbJPX1Eo4qMNl3OmhtE"
  },
  {
    "__type__": "cc.ModelComponent",
    "_name": "Arrow<ModelComponent>",
    "_objFlags": 0,
    "node": {
      "__id__": 42
    },
    "_enabled": true,
    "_materials": [
      {
        "__uuid__": "771d3108-959e-466b-a2d8-ba0412fbe17f"
      }
    ],
    "_visFlags": 0,
    "_enableDynamicBatching": false,
    "_mesh": {
      "__uuid__": "f8c06b09-4e54-4752-afbf-22a5989a2d1f@392cb"
    },
    "_shadowCastingMode": 0,
    "_receiveShadows": false,
    "_id": "3f7icDzGVFIIfS27BlYKJr"
  },
  {
    "__type__": "cc.PrefabInfo",
    "root": {
      "__id__": 8
    },
    "asset": {
      "__uuid__": "f9ef4be0-7a7b-408b-983f-764ac6ac6a5b"
    },
    "fileId": "93ps73PGlELJsbgkYaGzwu",
    "sync": false,
    "_synced": {
      "default": false,
      "serializable": false
    }
  },
  {
    "__type__": "cc.PrefabInfo",
    "root": {
      "__id__": 8
    },
    "asset": {
      "__uuid__": "f9ef4be0-7a7b-408b-983f-764ac6ac6a5b"
    },
    "fileId": "adrpD+z59LD5gxRTisI4Ju",
    "sync": false,
    "_synced": {
      "default": false,
      "serializable": false
    }
  },
  {
    "__type__": "cc.AnimationComponent",
    "_name": "Arrow<AnimationComponent>",
    "_objFlags": 0,
    "node": {
      "__id__": 40
    },
    "_enabled": true,
    "playOnLoad": false,
    "_clips": [],
    "_defaultClip": null,
    "_id": "50Kvfn6BNCsaVTivCdDtr3"
  },
  {
    "__type__": "cc.PrefabInfo",
    "root": {
      "__id__": 8
    },
    "asset": {
      "__uuid__": "f9ef4be0-7a7b-408b-983f-764ac6ac6a5b"
    },
    "fileId": "5dbNguFbNEwbGLE+AetVbc",
    "sync": false,
    "_synced": {
      "default": false,
      "serializable": false
    }
  },
  {
    "__type__": "cc.PrefabInfo",
    "root": {
      "__id__": 8
    },
    "asset": {
      "__uuid__": "f9ef4be0-7a7b-408b-983f-764ac6ac6a5b"
    },
    "fileId": "30sz5269VOhpZnyy3vw3YZ",
    "sync": false,
    "_synced": {
      "default": false,
      "serializable": false
    }
  },
  {
    "__type__": "cc.Node",
    "_name": "eye",
    "_objFlags": 0,
    "_parent": {
      "__id__": 8
    },
    "_children": [],
    "_active": true,
    "_components": [
      {
        "__id__": 50
      }
    ],
    "_prefab": {
      "__id__": 51
    },
    "_lpos": {
      "__type__": "cc.Vec3",
      "x": 0,
      "y": 1.5,
      "z": 0
    },
    "_lrot": {
      "__type__": "cc.Quat",
      "x": 0,
      "y": 0,
      "z": 0,
      "w": 1
    },
    "_lscale": {
      "__type__": "cc.Vec3",
      "x": 1,
      "y": 1,
      "z": 1
    },
    "_layer": 1073741824,
    "_euler": {
      "__type__": "cc.Vec3",
      "x": 0,
      "y": 0,
      "z": 0
    },
    "_id": "c9DMICJLFO5IeO07EPon7U"
  },
  {
    "__type__": "cc.CameraComponent",
    "_name": "",
    "_objFlags": 0,
    "node": {
      "__id__": 49
    },
    "_enabled": true,
    "_projection": 1,
    "_priority": 0,
    "_fov": 45,
    "_orthoHeight": 10,
    "_near": 1,
    "_far": 1000,
    "_color": {
      "__type__": "cc.Color",
      "r": 51,
      "g": 76,
      "b": 120,
      "a": 255
    },
    "_depth": 1,
    "_stencil": 0,
    "_clearFlags": 7,
    "_rect": {
      "__type__": "cc.Rect",
      "x": 0,
      "y": 0,
      "width": 1,
      "height": 1
    },
    "_screenScale": 1,
    "_visibility": 1822425087,
    "_targetTexture": null,
    "_id": "7dWQTpwS5LrIHnc1zAPUtf"
  },
  {
    "__type__": "cc.PrefabInfo",
    "root": {
      "__id__": 8
    },
    "asset": {
      "__uuid__": "f9ef4be0-7a7b-408b-983f-764ac6ac6a5b"
    },
    "fileId": "c9DMICJLFO5IeO07EPon7U",
    "sync": false,
    "_synced": {
      "default": false,
      "serializable": false
    }
  },
  {
    "__type__": "cc.Node",
    "_name": "body",
    "_objFlags": 0,
    "_parent": {
      "__id__": 8
    },
    "_children": [],
    "_active": true,
    "_components": [
      {
        "__id__": 53
      }
    ],
    "_prefab": {
      "__id__": 54
    },
    "_lpos": {
      "__type__": "cc.Vec3",
      "x": 0,
      "y": 0,
      "z": 0
    },
    "_lrot": {
      "__type__": "cc.Quat",
      "x": 0,
      "y": 0,
      "z": 0,
      "w": 1
    },
    "_lscale": {
      "__type__": "cc.Vec3",
      "x": 1,
      "y": 1,
      "z": 1
    },
    "_layer": 1073741824,
    "_euler": {
      "__type__": "cc.Vec3",
      "x": 0,
      "y": 0,
      "z": 0
    },
    "_id": "71Eulf939LGYw2bN1bAXNr"
  },
  {
    "__type__": "cc.ModelComponent",
    "_name": "Capsule<ModelComponent>",
    "_objFlags": 0,
    "node": {
      "__id__": 52
    },
    "_enabled": true,
    "_materials": [
      {
        "__uuid__": "d3c7820c-2a98-4429-8bc7-b8453bc9ac41"
      }
    ],
    "_visFlags": 0,
    "_enableDynamicBatching": false,
    "_mesh": {
      "__uuid__": "1263d74c-8167-4928-91a6-4e2672411f47@801ec"
    },
    "_shadowCastingMode": 0,
    "_receiveShadows": false,
    "_id": "a3xWypnBFLh4eF0oZ871mL"
  },
  {
    "__type__": "cc.PrefabInfo",
    "root": {
      "__id__": 8
    },
    "asset": {
      "__uuid__": "f9ef4be0-7a7b-408b-983f-764ac6ac6a5b"
    },
    "fileId": "71Eulf939LGYw2bN1bAXNr",
    "sync": false,
    "_synced": {
      "default": false,
      "serializable": false
    }
  },
  {
    "__type__": "cc.Node",
    "_name": "header",
    "_objFlags": 0,
    "_parent": {
      "__id__": 8
    },
    "_children": [],
    "_active": true,
    "_components": [
      {
        "__id__": 56
      }
    ],
    "_prefab": {
      "__id__": 57
    },
    "_lpos": {
      "__type__": "cc.Vec3",
      "x": 0,
      "y": 1.5,
      "z": 0
    },
    "_lrot": {
      "__type__": "cc.Quat",
      "x": 0,
      "y": 0,
      "z": 0,
      "w": 1
    },
    "_lscale": {
      "__type__": "cc.Vec3",
      "x": 1,
      "y": 1,
      "z": 1
    },
    "_layer": 1073741824,
    "_euler": {
      "__type__": "cc.Vec3",
      "x": 0,
      "y": 0,
      "z": 0
    },
    "_id": "598Nn3HfhOoqQjulO4H1OG"
  },
  {
    "__type__": "cc.ModelComponent",
    "_name": "Sphere<ModelComponent>",
    "_objFlags": 0,
    "node": {
      "__id__": 55
    },
    "_enabled": true,
    "_materials": [
      {
        "__uuid__": "d3c7820c-2a98-4429-8bc7-b8453bc9ac41"
      }
    ],
    "_visFlags": 0,
    "_enableDynamicBatching": false,
    "_mesh": {
      "__uuid__": "1263d74c-8167-4928-91a6-4e2672411f47@17020"
    },
    "_shadowCastingMode": 0,
    "_receiveShadows": false,
    "_id": "392y+dLVNKPJMb53pr5nJ1"
  },
  {
    "__type__": "cc.PrefabInfo",
    "root": {
      "__id__": 8
    },
    "asset": {
      "__uuid__": "f9ef4be0-7a7b-408b-983f-764ac6ac6a5b"
    },
    "fileId": "598Nn3HfhOoqQjulO4H1OG",
    "sync": false,
    "_synced": {
      "default": false,
      "serializable": false
    }
  },
  {
    "__type__": "42a6bD1Z3dJLIeDqs9ONMEe",
    "_name": "",
    "_objFlags": 0,
    "node": {
      "__id__": 8
    },
    "_enabled": true,
    "eye": {
      "__id__": 49
    },
    "rhs": {
      "__id__": 9
    },
    "_id": "14Kgf9L8xNDpjwVNwbWb1j"
  },
  {
    "__type__": "cc.PrefabInfo",
    "root": {
      "__id__": 8
    },
    "asset": {
      "__uuid__": "f9ef4be0-7a7b-408b-983f-764ac6ac6a5b"
    },
    "fileId": "de0vL/BXlL1J4GvKnCsnSa",
    "sync": false,
    "_synced": {}
  },
  {
    "__type__": "cc.Node",
    "_name": "Canvas",
    "_objFlags": 0,
    "_parent": {
      "__id__": 1
    },
    "_children": [
      {
        "__id__": 61
      }
    ],
    "_active": true,
    "_components": [
      {
        "__id__": 64
      },
      {
        "__id__": 65
      },
      {
        "__id__": 66
      }
    ],
    "_prefab": null,
    "_lpos": {
      "__type__": "cc.Vec3",
      "x": 480,
      "y": 320,
      "z": 1
    },
    "_lrot": {
      "__type__": "cc.Quat",
      "x": 0,
      "y": 0,
      "z": 0,
      "w": 1
    },
    "_lscale": {
      "__type__": "cc.Vec3",
      "x": 1,
      "y": 1,
      "z": 1
    },
    "_layer": 33554432,
    "_euler": {
      "__type__": "cc.Vec3",
      "x": 0,
      "y": 0,
      "z": 0
    },
    "_id": "bfDQB2tVFKk7ssYqXdyyz7"
  },
  {
    "__type__": "cc.Node",
    "_name": "cursor",
    "_objFlags": 0,
    "_parent": {
      "__id__": 60
    },
    "_children": [],
    "_active": true,
    "_components": [
      {
        "__id__": 62
      },
      {
        "__id__": 63
      }
    ],
    "_prefab": null,
    "_lpos": {
      "__type__": "cc.Vec3",
      "x": 0,
      "y": 0,
      "z": 0
    },
    "_lrot": {
      "__type__": "cc.Quat",
      "x": 0,
      "y": 0,
      "z": 0,
      "w": 1
    },
    "_lscale": {
      "__type__": "cc.Vec3",
      "x": 1,
      "y": 1,
      "z": 1
    },
    "_layer": 33554432,
    "_euler": {
      "__type__": "cc.Vec3",
      "x": 0,
      "y": 0,
      "z": 0
    },
    "_id": "9bCCx9FSBAnY0jQiLBTX7X"
  },
  {
    "__type__": "cc.UITransformComponent",
    "_name": "",
    "_objFlags": 0,
    "node": {
      "__id__": 61
    },
    "_enabled": true,
    "_contentSize": {
      "__type__": "cc.Size",
      "width": 40,
      "height": 40
    },
    "_anchorPoint": {
      "__type__": "cc.Vec2",
      "x": 0.5,
      "y": 0.5
    },
    "_id": "d7BHV7OqVA+aS/QlPJ03e7"
  },
  {
    "__type__": "cc.SpriteComponent",
    "_name": "",
    "_objFlags": 0,
    "node": {
      "__id__": 61
    },
    "_enabled": true,
    "_priority": 0,
    "_srcBlendFactor": 2,
    "_dstBlendFactor": 4,
    "_color": {
      "__type__": "cc.Color",
      "r": 255,
      "g": 255,
      "b": 255,
      "a": 255
    },
    "_sharedMaterial": null,
    "_spriteFrame": {
      "__uuid__": "b4a82d4d-2245-4ca0-92a8-eb24590c91f9@f9941"
    },
    "_type": 0,
    "_fillType": 0,
    "_sizeMode": 2,
    "_fillCenter": {
      "__type__": "cc.Vec2",
      "x": 0,
      "y": 0
    },
    "_fillStart": 0,
    "_fillRange": 0,
    "_isTrimmedMode": true,
    "_atlas": null,
    "_id": "e7CwoQREFMoqfU/ZoyetJq"
  },
  {
    "__type__": "cc.UITransformComponent",
    "_name": "",
    "_objFlags": 0,
    "node": {
      "__id__": 60
    },
    "_enabled": true,
    "_contentSize": {
      "__type__": "cc.Size",
      "width": 960,
      "height": 640
    },
    "_anchorPoint": {
      "__type__": "cc.Vec2",
      "x": 0.5,
      "y": 0.5
    },
    "_id": "c0OoXnC8BF66Oe6VZJi2ef"
  },
  {
    "__type__": "cc.CanvasComponent",
    "_name": "",
    "_objFlags": 0,
    "node": {
      "__id__": 60
    },
    "_enabled": true,
    "_priority": 0,
    "_targetTexture": null,
    "_clearFlag": 0,
    "_color": {
      "__type__": "cc.Color",
      "r": 0,
      "g": 0,
      "b": 0,
      "a": 0
    },
    "_renderMode": 0,
    "_id": "6e5zi8fUpLnp4roQsO7as0"
  },
  {
    "__type__": "f4f11mp+ntIarYnDFPV/AVT",
    "_name": "",
    "_objFlags": 0,
    "node": {
      "__id__": 60
    },
    "_enabled": true,
    "_id": "73TMYghOZPwLxIKdXZTWMz"
  },
  {
    "__type__": "cc.SceneGlobals",
    "ambient": {
      "__id__": 68
    },
    "skybox": {
      "__id__": 69
    },
    "planarShadows": {
      "__id__": 70
    }
  },
  {
    "__type__": "cc.AmbientInfo",
    "_skyColor": {
      "__type__": "cc.Color",
      "r": 51,
      "g": 128,
      "b": 204,
      "a": 1
    },
    "_skyIllum": 20000,
    "_groundAlbedo": {
      "__type__": "cc.Color",
      "r": 51,
      "g": 51,
      "b": 51,
      "a": 255
    }
  },
  {
    "__type__": "cc.SkyboxInfo",
    "_envmap": null,
    "_isRGBE": false,
    "_enabled": false,
    "_useIBL": false
  },
  {
    "__type__": "cc.PlanarShadowInfo",
    "_enabled": false,
    "_normal": {
      "__type__": "cc.Vec3",
      "x": 0,
      "y": 1,
      "z": 0
    },
    "_distance": 0,
    "_shadowColor": {
      "__type__": "cc.Color",
      "r": 0,
      "g": 0,
      "b": 0,
      "a": 76
    }
  }
]