{"frameRate":24,"armature":[{"ik":[],"slot":[{"color":{},"name":"图层31","parent":"图层3"},{"z":1,"color":{},"name":"图层61","parent":"图层1"},{"z":2,"color":{},"name":"图层7","parent":"图层2"},{"z":3,"color":{},"name":"图层11","parent":"图层_0"},{"z":4,"color":{},"name":"图层4","parent":"图层_2"},{"z":5,"color":{},"name":"图层51","parent":"图层51"},{"z":6,"color":{},"name":"图层21","parent":"图层_1"}],"type":"Armature","frameRate":24,"aabb":{"width":233,"y":-262.8590604026846,"height":268,"x":-90.81208053691276},"animation":[{"duration":16,"frame":[],"slot":[],"bone":[{"frame":[{"duration":4,"tweenEasing":0,"transform":{}},{"duration":3,"tweenEasing":0,"transform":{}},{"duration":5,"tweenEasing":0,"transform":{"y":1.6292}},{"duration":4,"tweenEasing":0,"transform":{"y":0.8044}},{"duration":0,"transform":{}}],"name":"root"},{"frame":[{"duration":7,"tweenEasing":0,"transform":{}},{"duration":1,"tweenEasing":0,"transform":{"y":0.739,"skX":1.86,"skY":1.86}},{"duration":6,"tweenEasing":0,"transform":{"y":0.8446,"skX":1.1657,"skY":1.1657}},{"duration":2,"tweenEasing":0,"transform":{"y":0.2112,"skX":-3,"skY":-3}},{"duration":0,"transform":{}}],"name":"图层_1"},{"frame":[{"duration":16,"tweenEasing":0,"transform":{}},{"duration":0,"transform":{}}],"name":"图层_0"},{"frame":[{"duration":4,"tweenEasing":0,"transform":{}},{"duration":5,"tweenEasing":0,"transform":{"y":-0.4693,"skX":13.9956,"skY":13.9956,"x":-3.8492}},{"duration":5,"tweenEasing":0,"transform":{}},{"duration":2,"tweenEasing":0,"transform":{"y":-4.282,"x":0.0456}},{"duration":0,"transform":{}}],"name":"图层1"},{"frame":[{"duration":4,"tweenEasing":0,"transform":{}},{"duration":5,"tweenEasing":0,"transform":{"y":-3.8538,"x":0.0411}},{"duration":5,"tweenEasing":0,"transform":{"y":-1.3713,"skX":10.0031,"skY":10.0031,"x":-8.1221}},{"duration":2,"tweenEasing":0,"transform":{"y":2.2598,"skX":-0.9969,"skY":-0.9969,"x":-0.6714}},{"duration":0,"transform":{}}],"name":"图层2"},{"frame":[{"duration":5,"tweenEasing":0,"transform":{}},{"duration":8,"tweenEasing":0,"transform":{"skX":-7.9973,"skY":-7.9973}},{"duration":3,"tweenEasing":0,"transform":{"skX":6.2827,"skY":6.2827}},{"duration":0,"transform":{}}],"name":"图层3"},{"frame":[{"duration":6,"tweenEasing":0,"transform":{}},{"duration":7,"tweenEasing":0,"transform":{"skX":6.9961,"skY":6.9961}},{"duration":3,"tweenEasing":0,"transform":{"skX":-10.8639,"skY":-10.8639}},{"duration":0,"transform":{}}],"name":"图层_2"},{"frame":[{"duration":6,"tweenEasing":0,"transform":{}},{"duration":7,"tweenEasing":0,"transform":{"skX":-5.9966,"skY":-5.9966}},{"duration":3,"tweenEasing":0,"transform":{"skX":10.2034,"skY":10.2034}},{"duration":0,"transform":{}}],"name":"图层51"}],"ik":[],"playTimes":0,"name":"walk","ffd":[]},{"duration":8,"frame":[],"slot":[],"bone":[{"frame":[{"duration":4,"tweenEasing":0,"transform":{}},{"duration":4,"tweenEasing":0,"transform":{"y":-5.4477}},{"duration":0,"transform":{}}],"name":"root"},{"frame":[{"duration":8,"tweenEasing":0,"transform":{}},{"duration":0,"transform":{}}],"name":"图层_1"},{"frame":[{"duration":8,"tweenEasing":0,"transform":{}},{"duration":0,"transform":{}}],"name":"图层_0"},{"frame":[{"duration":4,"tweenEasing":0,"transform":{}},{"duration":4,"tweenEasing":0,"transform":{"skX":19.9956,"skY":19.9956,"x":-3.0047}},{"duration":0,"transform":{}}],"name":"图层1"},{"frame":[{"duration":4,"tweenEasing":0,"transform":{}},{"duration":4,"tweenEasing":0,"transform":{"skX":-24.9969,"skY":-24.9969,"x":-3.9972}},{"duration":0,"transform":{}}],"name":"图层2"},{"frame":[{"duration":4,"tweenEasing":0,"transform":{}},{"duration":4,"tweenEasing":0,"transform":{"skX":12.0027,"skY":12.0027}},{"duration":0,"transform":{}}],"name":"图层3"},{"frame":[{"duration":4,"tweenEasing":0,"transform":{}},{"duration":4,"tweenEasing":0,"transform":{"skX":-26.0039,"skY":-26.0039}},{"duration":0,"transform":{}}],"name":"图层_2"},{"frame":[{"duration":4,"tweenEasing":0,"transform":{}},{"duration":4,"tweenEasing":0,"transform":{"y":1.7217,"skX":12.0034,"skY":12.0034,"x":0.9956}},{"duration":0,"transform":{}}],"name":"图层51"}],"ik":[],"playTimes":0,"name":"jump","ffd":[]}],"defaultActions":[{"gotoAndPlay":"walk"}],"bone":[{"name":"root","transform":{}},{"length":79,"transform":{"y":-116.7,"skX":-90,"skY":-90,"x":-4.9},"parent":"root","name":"图层_1"},{"length":65,"transform":{"y":-92.25,"skX":89.3896,"skY":89.3896,"x":-2.8},"parent":"root","name":"图层_0"},{"length":26,"transform":{"y":13.9768,"skX":15.7344,"skY":15.7344,"x":63.4547},"parent":"图层_0","name":"图层1"},{"length":27,"transform":{"y":24.5583,"skX":74.4373,"skY":74.4373,"x":5.3387},"parent":"图层_0","name":"图层3"},{"length":38,"transform":{"y":-15.3566,"skX":-33.3461,"skY":-33.3461,"x":-0.5364},"parent":"图层_0","name":"图层_2"},{"length":25,"transform":{"y":-18.1713,"skX":-10.3931,"skY":-10.3931,"x":63.7972},"parent":"图层_0","name":"图层2"},{"transform":{"y":-14.442,"skX":-56.0434,"skY":-56.0434,"x":10.6898},"name":"图层51","parent":"图层_2"}],"name":"Armature","skin":[{"name":"","slot":[{"display":[{"path":"role9/图层6","type":"image","name":"role9/图层6","transform":{"y":-0.8626,"skX":-105.124,"skY":-105.124,"x":7.8373}}],"name":"图层61"},{"display":[{"path":"role9/图层1","type":"image","name":"role9/图层1","transform":{"y":-32.2156,"skX":-89.3896,"skY":-89.3896,"x":25.7356}}],"name":"图层11"},{"display":[{"path":"role9/图层7","type":"image","name":"role9/图层7","transform":{"y":-2.1794,"skX":-78.9965,"skY":-78.9965,"x":7.8513}}],"name":"图层7"},{"display":[{"path":"role9/图层4","type":"image","name":"role9/图层4","transform":{"y":-5.5751,"skX":-56.0434,"skY":-56.0434,"x":37.6208}}],"name":"图层4"},{"display":[{"path":"role9/图层3","type":"image","name":"role9/图层3","transform":{"y":8.0114,"skX":-163.8268,"skY":-163.8268,"x":-57.4948}}],"name":"图层31"},{"display":[{"path":"role9/图层5","type":"image","name":"role9/图层5","transform":{"y":-2.7091,"x":5.1879}}],"name":"图层51"},{"display":[{"path":"role9/图层2","type":"image","name":"role9/图层2","transform":{"y":27.5879,"skX":90,"skY":90,"x":64.1591}}],"name":"图层21"}]}]}],"isGlobal":0,"name":"sanxiao9","version":"4.0"}