{"frameRate":24,"isGlobal":0,"name":"sanxiao12","version":"4.0","armature":[{"slot":[{"name":"图层4","parent":"图层5","color":{}},{"z":1,"name":"图层7","parent":"图层2","color":{}},{"z":2,"name":"图层6","parent":"图层1","color":{}},{"z":3,"name":"图层11","parent":"图层_0","color":{}},{"z":4,"name":"图层3","parent":"图层_2","color":{}},{"z":5,"name":"图层5","parent":"图层51","color":{}},{"z":6,"name":"图层21","parent":"图层_1","color":{}}],"bone":[{"name":"root","transform":{}},{"length":79,"transform":{"skX":-90,"skY":-90,"y":-116.7,"x":-4.9},"parent":"root","name":"图层_1"},{"length":65,"transform":{"skX":89.3896,"skY":89.3896,"y":-92.25,"x":-2.8},"parent":"root","name":"图层_0"},{"transform":{"skX":90,"skY":90,"y":29.9,"x":-7.7},"name":"图层5","parent":"图层_1"},{"length":26,"transform":{"skX":15.7344,"skY":15.7344,"y":13.9768,"x":63.4547},"parent":"图层_0","name":"图层1"},{"length":25,"transform":{"skX":-10.3931,"skY":-10.3931,"y":-18.1713,"x":63.7972},"parent":"图层_0","name":"图层2"},{"length":27,"transform":{"skX":74.4373,"skY":74.4373,"y":24.5583,"x":5.3387},"parent":"图层_0","name":"图层3"},{"length":38,"transform":{"skX":-33.3461,"skY":-33.3461,"y":-15.3566,"x":-0.5364},"parent":"图层_0","name":"图层_2"},{"transform":{"skX":-56.0434,"skY":-56.0434,"y":-13.0289,"x":-1.5342},"name":"图层51","parent":"图层_2"}],"aabb":{"width":213,"y":-255.863184079602,"height":257,"x":-95.55472636815921},"type":"Armature","frameRate":24,"animation":[{"slot":[],"bone":[{"frame":[{"tweenEasing":0,"transform":{},"duration":4},{"tweenEasing":0,"transform":{},"duration":3},{"tweenEasing":0,"transform":{"y":1.6292},"duration":5},{"tweenEasing":0,"transform":{"y":0.8044},"duration":4},{"transform":{},"duration":0}],"name":"root"},{"frame":[{"tweenEasing":0,"transform":{},"duration":7},{"tweenEasing":0,"transform":{"skX":1.86,"skY":1.86,"y":0.739},"duration":1},{"tweenEasing":0,"transform":{"skX":1.1657,"skY":1.1657,"y":0.8446},"duration":6},{"tweenEasing":0,"transform":{"skX":-3,"skY":-3,"y":0.2112},"duration":2},{"transform":{},"duration":0}],"name":"图层_1"},{"frame":[{"tweenEasing":0,"transform":{},"duration":16},{"transform":{},"duration":0}],"name":"图层_0"},{"frame":[{"tweenEasing":0,"transform":{},"duration":4},{"tweenEasing":0,"transform":{"skX":13.9956,"skY":13.9956,"y":-0.4693,"x":-3.8492},"duration":5},{"tweenEasing":0,"transform":{},"duration":5},{"tweenEasing":0,"transform":{"y":-4.282,"x":0.0456},"duration":2},{"transform":{},"duration":0}],"name":"图层1"},{"frame":[{"tweenEasing":0,"transform":{},"duration":4},{"tweenEasing":0,"transform":{"y":-3.8538,"x":0.0411},"duration":5},{"tweenEasing":0,"transform":{"skX":10.0031,"skY":10.0031,"y":-1.3713,"x":-8.1221},"duration":5},{"tweenEasing":0,"transform":{"skX":-0.9969,"skY":-0.9969,"y":2.2598,"x":-0.6714},"duration":2},{"transform":{},"duration":0}],"name":"图层2"},{"frame":[{"tweenEasing":0,"transform":{},"duration":5},{"tweenEasing":0,"transform":{"skX":-7.9973,"skY":-7.9973},"duration":8},{"tweenEasing":0,"transform":{"skX":6.2827,"skY":6.2827},"duration":3},{"transform":{},"duration":0}],"name":"图层3"},{"frame":[{"tweenEasing":0,"transform":{},"duration":6},{"tweenEasing":0,"transform":{"skX":6.9961,"skY":6.9961},"duration":7},{"tweenEasing":0,"transform":{"skX":-10.8639,"skY":-10.8639},"duration":3},{"transform":{},"duration":0}],"name":"图层_2"},{"frame":[{"tweenEasing":0,"transform":{},"duration":6},{"tweenEasing":0,"transform":{"skX":-5.9966,"skY":-5.9966},"duration":7},{"tweenEasing":0,"transform":{"skX":4.2034,"skY":4.2034},"duration":3},{"transform":{},"duration":0}],"name":"图层51"},{"frame":[{"tweenEasing":0,"transform":{},"duration":6},{"tweenEasing":0,"transform":{"x":-4},"duration":6},{"tweenEasing":0,"transform":{"x":3.4},"duration":4},{"transform":{},"duration":0}],"name":"图层5"}],"frame":[],"ik":[],"playTimes":0,"ffd":[],"name":"walk","duration":16},{"slot":[],"bone":[{"frame":[{"tweenEasing":0,"transform":{},"duration":4},{"tweenEasing":0,"transform":{"y":-5.4477},"duration":4},{"transform":{},"duration":0}],"name":"root"},{"frame":[{"tweenEasing":0,"transform":{},"duration":8},{"transform":{},"duration":0}],"name":"图层_1"},{"frame":[{"tweenEasing":0,"transform":{},"duration":8},{"transform":{},"duration":0}],"name":"图层_0"},{"frame":[{"tweenEasing":0,"transform":{},"duration":4},{"tweenEasing":0,"transform":{"skX":19.9956,"skY":19.9956,"x":-3.0047},"duration":4},{"transform":{},"duration":0}],"name":"图层1"},{"frame":[{"tweenEasing":0,"transform":{},"duration":4},{"tweenEasing":0,"transform":{"skX":-24.9969,"skY":-24.9969,"x":-3.9972},"duration":4},{"transform":{},"duration":0}],"name":"图层2"},{"frame":[{"tweenEasing":0,"transform":{},"duration":4},{"tweenEasing":0,"transform":{"skX":12.0027,"skY":12.0027},"duration":4},{"transform":{},"duration":0}],"name":"图层3"},{"frame":[{"tweenEasing":0,"transform":{},"duration":4},{"tweenEasing":0,"transform":{"skX":-26.0039,"skY":-26.0039},"duration":4},{"transform":{},"duration":0}],"name":"图层_2"},{"frame":[{"transform":{},"duration":8}],"name":"图层51"},{"frame":[{"transform":{},"duration":8}],"name":"图层5"}],"frame":[],"ik":[],"playTimes":0,"ffd":[],"name":"jump","duration":8}],"defaultActions":[{"gotoAndPlay":"walk"}],"skin":[{"slot":[{"display":[{"path":"role12/图层2","type":"image","name":"role12/图层2","transform":{"skX":90,"skY":90,"y":15.8453,"x":61.1632}}],"name":"图层21"},{"display":[{"path":"role12/图层5","type":"image","name":"role12/图层5","transform":{"y":6.6368,"x":4.4453}}],"name":"图层5"},{"display":[{"path":"role12/图层3","type":"image","name":"role12/图层3","transform":{"skX":-56.0434,"skY":-56.0434,"y":-6.5184,"x":30.4146}}],"name":"图层3"},{"display":[{"path":"role12/图层1","type":"image","name":"role12/图层1","transform":{"skX":-89.3896,"skY":-89.3896,"y":-18.8618,"x":36.0898}}],"name":"图层11"},{"display":[{"path":"role12/图层6","type":"image","name":"role12/图层6","transform":{"skX":-105.124,"skY":-105.124,"y":-1.2665,"x":16.0109}}],"name":"图层6"},{"display":[{"path":"role12/图层7","type":"image","name":"role12/图层7","transform":{"skX":-78.9965,"skY":-78.9965,"y":1.6436,"x":15.7629}}],"name":"图层7"},{"display":[{"path":"role12/图层4","type":"image","name":"role12/图层4","transform":{"y":0.6368,"x":1.4453}}],"name":"图层4"}],"name":""}],"name":"Armature","ik":[]}]}