{"SubTexture":[{"width":90,"y":121,"height":84,"name":"role15/图层4","x":183},{"frameHeight":84,"y":121,"frameWidth":33,"frameX":0,"width":32,"frameY":0,"height":84,"name":"role15/图层6","x":312},{"width":149,"y":1,"height":118,"name":"role15/图层1","x":183},{"width":35,"y":121,"height":81,"name":"role15/图层3","x":275},{"width":180,"y":1,"height":193,"name":"role15/图层5","x":1},{"width":49,"y":196,"height":57,"name":"role15/图层2","x":1}],"width":512,"imagePath":"sanxiao15_tex.png","name":"sanxiao15","height":256}