{"SubTexture":[{"width":20,"y":133,"height":21,"name":"role6/图层6","x":201},{"width":18,"y":68,"height":19,"name":"role6/图层5","x":236},{"width":33,"y":68,"height":63,"name":"role6/图层8","x":201},{"frameHeight":142,"y":155,"frameWidth":164,"frameX":-18,"width":146,"frameY":0,"height":142,"name":"role6/图层9","x":1},{"width":37,"y":1,"height":65,"name":"role6/图层7","x":201},{"width":198,"y":1,"height":152,"name":"role6/图层2","x":1}],"width":256,"imagePath":"sanxiao6_tex.png","name":"sanxiao6","height":512}