{"frameRate":24,"name":"sanxiao2","version":"5.5","compatibleVersion":"5.5","armature":[{"type":"Armature","frameRate":24,"name":"Armature","aabb":{"x":-70.82,"y":-239.62,"width":162,"height":240},"bone":[{"name":"root"},{"length":79,"name":"图层_1","parent":"root","transform":{"x":-4.9,"y":-116.7,"skX":-90,"skY":-90}},{"length":65,"name":"图层_0","parent":"root","transform":{"x":-2.8,"y":-92.25,"skX":89.3896,"skY":89.3896}},{"length":26,"name":"图层1","parent":"图层_0","transform":{"x":63.4547,"y":13.9768,"skX":15.7344,"skY":15.7344}},{"length":25,"name":"图层2","parent":"图层_0","transform":{"x":63.7972,"y":-18.1713,"skX":-10.3931,"skY":-10.3931}},{"length":27,"name":"图层3","parent":"图层_0","transform":{"x":5.3387,"y":24.5583,"skX":74.4373,"skY":74.4373}},{"length":38,"name":"图层_2","parent":"图层_0","transform":{"x":-0.5364,"y":-15.3566,"skX":-33.3461,"skY":-33.3461}}],"slot":[{"name":"图层_21","parent":"图层1"},{"name":"图层11","parent":"图层2"},{"name":"图层4","parent":"图层3"},{"name":"role2/图层_0","parent":"图层_0"},{"name":"图层31","parent":"图层_2"},{"name":"图层21","parent":"图层_0"},{"name":"图层_11","parent":"图层_1"}],"skin":[{"slot":[{"name":"图层21","display":[{"name":"role2/图层2","transform":{"x":2.45,"y":-0.01,"skX":-83.04,"skY":-83.04}}]},{"name":"图层31","display":[{"name":"role2/图层3","transform":{"x":28.1,"y":-5.34,"skX":-56.04,"skY":-56.04}}]},{"name":"role2/图层_0","display":[{"name":"role2/图层_0","transform":{"x":5.96,"y":-30.92,"skX":-89.39,"skY":-89.39}}]},{"name":"图层4","display":[{"name":"role2/图层4","transform":{"x":8.39,"y":-12.69,"skX":-163.83,"skY":-163.83}}]},{"name":"图层11","display":[{"name":"role2/图层1","transform":{"x":11.53,"y":1.09,"skX":-79,"skY":-79}}]},{"name":"图层_21","display":[{"name":"role2/图层_2","transform":{"x":12.45,"y":-0.03,"skX":-105.12,"skY":-105.12}}]},{"name":"图层_11","display":[{"name":"role2/图层_1","transform":{"x":52.42,"y":15.08,"skX":90,"skY":90}}]}]}],"animation":[{"duration":16,"playTimes":0,"name":"walk","bone":[{"name":"root","translateFrame":[{"duration":4,"tweenEasing":0},{"duration":3,"tweenEasing":0},{"duration":5,"tweenEasing":0,"y":1.63},{"duration":4,"tweenEasing":0,"y":0.8},{"duration":0}]},{"name":"图层_1","translateFrame":[{"duration":8,"tweenEasing":0},{"duration":8,"tweenEasing":0,"y":0.84},{"duration":0}],"rotateFrame":[{"duration":7,"tweenEasing":0},{"duration":7,"tweenEasing":0,"rotate":1.86},{"duration":2,"tweenEasing":0,"rotate":-3},{"duration":0}]},{"name":"图层1","translateFrame":[{"duration":4,"tweenEasing":0},{"duration":5,"tweenEasing":0,"x":-3.85,"y":-0.47},{"duration":5,"tweenEasing":0},{"duration":2,"tweenEasing":0,"x":0.05,"y":-4.28},{"duration":0}],"rotateFrame":[{"duration":4,"tweenEasing":0},{"duration":5,"tweenEasing":0,"rotate":14},{"duration":7}]},{"name":"图层2","translateFrame":[{"duration":4,"tweenEasing":0},{"duration":5,"tweenEasing":0,"x":0.04,"y":-3.85},{"duration":5,"tweenEasing":0,"x":-8.12,"y":-1.37},{"duration":2,"tweenEasing":0,"x":-0.67,"y":2.26},{"duration":0}],"rotateFrame":[{"duration":4,"tweenEasing":0},{"duration":5,"tweenEasing":0},{"duration":5,"tweenEasing":0,"rotate":10},{"duration":2,"tweenEasing":0,"rotate":-1},{"duration":0}]},{"name":"图层3","rotateFrame":[{"duration":5,"tweenEasing":0},{"duration":8,"tweenEasing":0,"rotate":-8},{"duration":3,"tweenEasing":0,"rotate":6.28},{"duration":0}]},{"name":"图层_2","rotateFrame":[{"duration":6,"tweenEasing":0},{"duration":7,"tweenEasing":0,"rotate":7},{"duration":3,"tweenEasing":0,"rotate":-10.86},{"duration":0}]}]},{"duration":8,"playTimes":0,"name":"jump","bone":[{"name":"root","translateFrame":[{"duration":4,"tweenEasing":0},{"duration":4,"tweenEasing":0,"y":-5.45},{"duration":0}]},{"name":"图层1","translateFrame":[{"duration":4,"tweenEasing":0},{"duration":4,"tweenEasing":0,"x":-3},{"duration":0}],"rotateFrame":[{"duration":4,"tweenEasing":0},{"duration":4,"tweenEasing":0,"rotate":20},{"duration":0}]},{"name":"图层2","translateFrame":[{"duration":4,"tweenEasing":0},{"duration":4,"tweenEasing":0,"x":-4},{"duration":0}],"rotateFrame":[{"duration":4,"tweenEasing":0},{"duration":4,"tweenEasing":0,"rotate":-25},{"duration":0}]},{"name":"图层3","rotateFrame":[{"duration":4,"tweenEasing":0},{"duration":4,"tweenEasing":0,"rotate":12},{"duration":0}]},{"name":"图层_2","rotateFrame":[{"duration":4,"tweenEasing":0},{"duration":4,"tweenEasing":0,"rotate":-18},{"duration":0}]}],"zOrder":{"frame":[{"duration":8}]}}],"defaultActions":[{"gotoAndPlay":"walk"}]}]}