{"frameRate":24,"armature":[{"ik":[],"slot":[{"color":{},"name":"图层3","parent":"图层31"},{"z":1,"color":{},"name":"图层7","parent":"图层3"},{"z":2,"color":{},"name":"图层8","parent":"图层2"},{"z":3,"color":{},"name":"图层9","parent":"图层1"},{"z":4,"color":{},"name":"图层11","parent":"图层_0"},{"z":5,"color":{},"name":"图层6","parent":"图层3"},{"z":6,"color":{},"name":"图层5","parent":"图层_2"},{"z":7,"color":{},"name":"图层4","parent":"root"},{"z":8,"color":{},"name":"图层21","parent":"图层_1"}],"type":"Armature","frameRate":24,"aabb":{"width":190,"y":-271,"height":271,"x":-72},"animation":[{"duration":16,"frame":[],"slot":[],"bone":[{"frame":[{"duration":4,"tweenEasing":0,"transform":{}},{"duration":3,"tweenEasing":0,"transform":{}},{"duration":5,"tweenEasing":0,"transform":{"y":1.6292}},{"duration":4,"tweenEasing":0,"transform":{"y":0.8044}},{"duration":0,"transform":{}}],"name":"root"},{"frame":[{"duration":7,"tweenEasing":0,"transform":{}},{"duration":1,"tweenEasing":0,"transform":{"y":0.739,"skX":1.86,"skY":1.86}},{"duration":6,"tweenEasing":0,"transform":{"y":0.8446,"skX":1.1657,"skY":1.1657}},{"duration":2,"tweenEasing":0,"transform":{"y":0.2112,"skX":-3,"skY":-3}},{"duration":0,"transform":{}}],"name":"图层_1"},{"frame":[{"duration":16,"tweenEasing":0,"transform":{}},{"duration":0,"transform":{}}],"name":"图层_0"},{"frame":[{"duration":4,"tweenEasing":0,"transform":{}},{"duration":5,"tweenEasing":0,"transform":{"y":-0.4693,"skX":13.9956,"skY":13.9956,"x":-3.8492}},{"duration":5,"tweenEasing":0,"transform":{}},{"duration":2,"tweenEasing":0,"transform":{"y":-4.282,"x":0.0456}},{"duration":0,"transform":{}}],"name":"图层1"},{"frame":[{"duration":4,"tweenEasing":0,"transform":{}},{"duration":5,"tweenEasing":0,"transform":{"y":-3.8538,"x":0.0411}},{"duration":5,"tweenEasing":0,"transform":{"y":-1.3713,"skX":10.0031,"skY":10.0031,"x":-8.1221}},{"duration":2,"tweenEasing":0,"transform":{"y":2.2598,"skX":-0.9969,"skY":-0.9969,"x":-0.6714}},{"duration":0,"transform":{}}],"name":"图层2"},{"frame":[{"duration":5,"tweenEasing":0,"transform":{}},{"duration":8,"tweenEasing":0,"transform":{"skX":-7.9973,"skY":-7.9973}},{"duration":3,"tweenEasing":0,"transform":{"skX":6.2827,"skY":6.2827}},{"duration":0,"transform":{}}],"name":"图层3"},{"frame":[{"duration":6,"tweenEasing":0,"transform":{}},{"duration":7,"tweenEasing":0,"transform":{"skX":6.9961,"skY":6.9961}},{"duration":3,"tweenEasing":0,"transform":{"skX":-7.3139,"skY":-7.3139}},{"duration":0,"transform":{}}],"name":"图层_2"},{"frame":[{"duration":6,"tweenEasing":0,"transform":{}},{"duration":6,"tweenEasing":0,"transform":{"skX":7,"skY":7}},{"duration":4,"tweenEasing":0,"transform":{"skX":-4,"skY":-4}},{"duration":0,"transform":{}}],"name":"图层31"}],"ik":[],"playTimes":0,"name":"walk","ffd":[]},{"duration":8,"frame":[],"slot":[],"bone":[{"frame":[{"duration":4,"tweenEasing":0,"transform":{}},{"duration":4,"tweenEasing":0,"transform":{"y":-5.4477}},{"duration":0,"transform":{}}],"name":"root"},{"frame":[{"duration":8,"tweenEasing":0,"transform":{}},{"duration":0,"transform":{}}],"name":"图层_1"},{"frame":[{"duration":8,"tweenEasing":0,"transform":{}},{"duration":0,"transform":{}}],"name":"图层_0"},{"frame":[{"duration":4,"tweenEasing":0,"transform":{}},{"duration":4,"tweenEasing":0,"transform":{"skX":19.9956,"skY":19.9956,"x":-3.0047}},{"duration":0,"transform":{}}],"name":"图层1"},{"frame":[{"duration":4,"tweenEasing":0,"transform":{}},{"duration":4,"tweenEasing":0,"transform":{"skX":-24.9969,"skY":-24.9969,"x":-3.9972}},{"duration":0,"transform":{}}],"name":"图层2"},{"frame":[{"duration":4,"tweenEasing":0,"transform":{}},{"duration":4,"tweenEasing":0,"transform":{"skX":12.0027,"skY":12.0027}},{"duration":0,"transform":{}}],"name":"图层3"},{"frame":[{"duration":4,"tweenEasing":0,"transform":{}},{"duration":4,"tweenEasing":0,"transform":{"skX":-26.0039,"skY":-26.0039}},{"duration":0,"transform":{}}],"name":"图层_2"},{"frame":[{"duration":8,"transform":{}}],"name":"图层31"}],"ik":[],"playTimes":0,"name":"jump","ffd":[]}],"defaultActions":[{"gotoAndPlay":"walk"}],"bone":[{"name":"root","transform":{}},{"length":79,"transform":{"y":-116.7,"skX":-90,"skY":-90,"x":-4.9},"parent":"root","name":"图层_1"},{"length":65,"transform":{"y":-92.25,"skX":89.3896,"skY":89.3896,"x":-2.8},"parent":"root","name":"图层_0"},{"transform":{"y":38.4,"skX":90,"skY":90,"x":-9.8},"name":"图层31","parent":"图层_1"},{"length":26,"transform":{"y":13.9768,"skX":15.7344,"skY":15.7344,"x":63.4547},"parent":"图层_0","name":"图层1"},{"length":27,"transform":{"y":24.5583,"skX":74.4373,"skY":74.4373,"x":5.3387},"parent":"图层_0","name":"图层3"},{"length":38,"transform":{"y":-15.3566,"skX":-33.3461,"skY":-33.3461,"x":-0.5364},"parent":"图层_0","name":"图层_2"},{"length":25,"transform":{"y":-18.1713,"skX":-10.3931,"skY":-10.3931,"x":63.7972},"parent":"图层_0","name":"图层2"}],"name":"Armature","skin":[{"name":"","slot":[{"display":[{"path":"role14/图层6","type":"image","name":"role14/图层6","transform":{"y":-3.8242,"skX":-163.8268,"skY":-163.8268,"x":10.6882}}],"name":"图层6"},{"display":[{"path":"role14/图层1","type":"image","name":"role14/图层1","transform":{"y":-41.9274,"skX":-89.3896,"skY":-89.3896,"x":35.1987}}],"name":"图层11"},{"display":[{"path":"role14/图层9","type":"image","name":"role14/图层9","transform":{"y":-0.227,"skX":-105.124,"skY":-105.124,"x":17.704}}],"name":"图层9"},{"display":[{"path":"role14/图层2","type":"image","name":"role14/图层2","transform":{"y":27.9,"skX":90,"skY":90,"x":66.3}}],"name":"图层21"},{"display":[{"path":"role14/图层4","type":"image","name":"role14/图层4","transform":{"y":-79,"x":28.5}}],"name":"图层4"},{"display":[{"path":"role14/图层8","type":"image","name":"role14/图层8","transform":{"y":5.2857,"skX":-78.9965,"skY":-78.9965,"x":16.4434}}],"name":"图层8"},{"display":[{"path":"role14/图层7","type":"image","name":"role14/图层7","transform":{"y":-19.9353,"skX":-163.8268,"skY":-163.8268,"x":17.9637}}],"name":"图层7"},{"display":[{"path":"role14/图层3","type":"image","name":"role14/图层3","transform":{"y":1.9,"x":1}}],"name":"图层3"},{"display":[{"path":"role14/图层5","type":"image","name":"role14/图层5","transform":{"y":0.3251,"skX":-56.0434,"skY":-56.0434,"x":37.0945}}],"name":"图层5"}]}]}],"isGlobal":0,"name":"sanxiao14","version":"4.0"}