{"frameRate":24,"isGlobal":0,"name":"sanxiao10","version":"4.0","armature":[{"slot":[{"name":"图层4","parent":"图层4","color":{}},{"z":1,"name":"图层9","parent":"图层1","color":{}},{"z":2,"name":"图层8","parent":"图层2","color":{}},{"z":3,"name":"图层61","parent":"图层3","color":{}},{"z":4,"name":"图层11","parent":"图层_0","color":{}},{"z":5,"name":"图层7","parent":"图层7","color":{}},{"z":6,"name":"图层51","parent":"图层_2","color":{}},{"z":7,"name":"图层31","parent":"图层31","color":{}},{"z":8,"name":"图层21","parent":"图层_1","color":{}}],"bone":[{"name":"root","transform":{}},{"length":79,"transform":{"skX":-90,"skY":-90,"y":-116.7,"x":-4.9},"parent":"root","name":"图层_1"},{"length":65,"transform":{"skX":89.3896,"skY":89.3896,"y":-92.25,"x":-2.8},"parent":"root","name":"图层_0"},{"length":26,"transform":{"skX":15.7344,"skY":15.7344,"y":13.9768,"x":63.4547},"parent":"图层_0","name":"图层1"},{"length":27,"transform":{"skX":74.4373,"skY":74.4373,"y":24.5583,"x":5.3387},"parent":"图层_0","name":"图层3"},{"length":38,"transform":{"skX":-33.3461,"skY":-33.3461,"y":-15.3566,"x":-0.5364},"parent":"图层_0","name":"图层_2"},{"length":25,"transform":{"skX":-10.3931,"skY":-10.3931,"y":-18.1713,"x":63.7972},"parent":"图层_0","name":"图层2"},{"transform":{"skX":-89.3896,"skY":-89.3896,"y":-58.5931,"x":57.2775},"name":"图层4","parent":"图层_0"},{"transform":{"skX":-89.3896,"skY":-89.3896,"y":2.6249,"x":68.0259},"name":"图层7","parent":"图层_0"},{"transform":{"skX":-56.0434,"skY":-56.0434,"y":-9.2807,"x":8.239},"name":"图层31","parent":"图层_2"}],"aabb":{"width":150,"y":-257.51677852348996,"height":260,"x":-64.09060402684564},"type":"Armature","frameRate":24,"animation":[{"slot":[],"bone":[{"frame":[{"tweenEasing":0,"transform":{},"duration":4},{"tweenEasing":0,"transform":{},"duration":3},{"tweenEasing":0,"transform":{"y":1.6292},"duration":5},{"tweenEasing":0,"transform":{"y":0.8044},"duration":4},{"transform":{},"duration":0}],"name":"root"},{"frame":[{"tweenEasing":0,"transform":{},"duration":7},{"tweenEasing":0,"transform":{"skX":1.86,"skY":1.86,"y":0.739},"duration":1},{"tweenEasing":0,"transform":{"skX":1.1657,"skY":1.1657,"y":0.8446},"duration":6},{"tweenEasing":0,"transform":{"skX":-3,"skY":-3,"y":0.2112},"duration":2},{"transform":{},"duration":0}],"name":"图层_1"},{"frame":[{"tweenEasing":0,"transform":{},"duration":16},{"transform":{},"duration":0}],"name":"图层_0"},{"frame":[{"tweenEasing":0,"transform":{},"duration":4},{"tweenEasing":0,"transform":{"skX":13.9956,"skY":13.9956,"y":-0.4693,"x":-3.8492},"duration":5},{"tweenEasing":0,"transform":{},"duration":5},{"tweenEasing":0,"transform":{"y":-4.282,"x":0.0456},"duration":2},{"transform":{},"duration":0}],"name":"图层1"},{"frame":[{"tweenEasing":0,"transform":{},"duration":4},{"tweenEasing":0,"transform":{"y":-3.8538,"x":0.0411},"duration":5},{"tweenEasing":0,"transform":{"skX":10.0031,"skY":10.0031,"y":-1.3713,"x":-8.1221},"duration":5},{"tweenEasing":0,"transform":{"skX":-0.9969,"skY":-0.9969,"y":2.2598,"x":-0.6714},"duration":2},{"transform":{},"duration":0}],"name":"图层2"},{"frame":[{"tweenEasing":0,"transform":{},"duration":5},{"tweenEasing":0,"transform":{"skX":-7.9973,"skY":-7.9973},"duration":8},{"tweenEasing":0,"transform":{"skX":6.2827,"skY":6.2827},"duration":3},{"transform":{},"duration":0}],"name":"图层3"},{"frame":[{"tweenEasing":0,"transform":{},"duration":6},{"tweenEasing":0,"transform":{"skX":6.9961,"skY":6.9961},"duration":7},{"tweenEasing":0,"transform":{"skX":-10.8639,"skY":-10.8639},"duration":3},{"transform":{},"duration":0}],"name":"图层_2"},{"frame":[{"tweenEasing":0,"transform":{},"duration":6},{"tweenEasing":0,"transform":{"skX":-9.9966,"skY":-9.9966,"y":-0.7411,"x":-1.4877},"duration":6},{"tweenEasing":0,"transform":{"skX":3.0034,"skY":3.0034,"y":1.8368,"x":2.0208},"duration":4},{"transform":{},"duration":0}],"name":"图层31"},{"frame":[{"tweenEasing":0,"transform":{},"duration":4},{"tweenEasing":0,"transform":{"scX":0.95,"y":0.69,"scY":1.05,"x":0.6754},"duration":8},{"tweenEasing":0,"transform":{"scX":1.0375,"y":0.1791,"scY":0.95,"x":-4.5536},"duration":4},{"transform":{},"duration":0}],"name":"图层4"},{"frame":[{"tweenEasing":0,"transform":{},"duration":6},{"tweenEasing":0,"transform":{"y":-0.0145,"x":-1.3654},"duration":6},{"tweenEasing":0,"transform":{"y":0.0087,"x":0.8192},"duration":4},{"transform":{},"duration":0}],"name":"图层7"}],"frame":[],"ik":[],"playTimes":0,"ffd":[],"name":"walk","duration":16},{"slot":[],"bone":[{"frame":[{"tweenEasing":0,"transform":{},"duration":4},{"tweenEasing":0,"transform":{"y":-5.4477},"duration":4},{"transform":{},"duration":0}],"name":"root"},{"frame":[{"tweenEasing":0,"transform":{},"duration":8},{"transform":{},"duration":0}],"name":"图层_1"},{"frame":[{"tweenEasing":0,"transform":{},"duration":8},{"transform":{},"duration":0}],"name":"图层_0"},{"frame":[{"tweenEasing":0,"transform":{},"duration":4},{"tweenEasing":0,"transform":{"skX":19.9956,"skY":19.9956,"x":-3.0047},"duration":4},{"transform":{},"duration":0}],"name":"图层1"},{"frame":[{"tweenEasing":0,"transform":{},"duration":4},{"tweenEasing":0,"transform":{"skX":-24.9969,"skY":-24.9969,"x":-3.9972},"duration":4},{"transform":{},"duration":0}],"name":"图层2"},{"frame":[{"tweenEasing":0,"transform":{},"duration":4},{"tweenEasing":0,"transform":{"skX":12.0027,"skY":12.0027},"duration":4},{"transform":{},"duration":0}],"name":"图层3"},{"frame":[{"tweenEasing":0,"transform":{},"duration":4},{"tweenEasing":0,"transform":{"skX":-26.0039,"skY":-26.0039},"duration":4},{"transform":{},"duration":0}],"name":"图层_2"},{"frame":[{"tweenEasing":0,"transform":{},"duration":4},{"tweenEasing":0,"transform":{"skX":7.0034,"skY":7.0034,"y":4.9645,"x":2.8709},"duration":4},{"transform":{},"duration":0}],"name":"图层31"},{"frame":[{"tweenEasing":0,"transform":{},"duration":4},{"tweenEasing":0,"transform":{"scX":1.05,"y":-0.1164,"x":-10.9229},"duration":4},{"transform":{},"duration":0}],"name":"图层4"},{"frame":[{"tweenEasing":0,"transform":{},"duration":4},{"tweenEasing":0,"transform":{"y":-0.0145,"x":-1.3654},"duration":4},{"transform":{},"duration":0}],"name":"图层7"}],"frame":[],"ik":[],"playTimes":0,"ffd":[],"name":"jump","duration":8}],"defaultActions":[{"gotoAndPlay":"walk"}],"skin":[{"slot":[{"display":[{"path":"role10/图层8","type":"image","name":"role10/图层8","transform":{"skX":-78.9965,"skY":-78.9965,"y":5.9986,"x":9.1566}}],"name":"图层8"},{"display":[{"path":"role10/图层9","type":"image","name":"role10/图层9","transform":{"skX":-105.124,"skY":-105.124,"y":-0.37,"x":10.9147}}],"name":"图层9"},{"display":[{"path":"role10/图层6","type":"image","name":"role10/图层6","transform":{"skX":-163.8268,"skY":-163.8268,"y":-17.445,"x":12.1298}}],"name":"图层61"},{"display":[{"path":"role10/图层5","type":"image","name":"role10/图层5","transform":{"skX":-56.0434,"skY":-56.0434,"y":-4.2047,"x":32.891}}],"name":"图层51"},{"display":[{"path":"role10/图层7","type":"image","name":"role10/图层7","transform":{"y":-0.8168,"x":-1.3906}}],"name":"图层7"},{"display":[{"path":"role10/图层3","type":"image","name":"role10/图层3","transform":{"y":-3.7168,"x":9.0594}}],"name":"图层31"},{"display":[{"path":"role10/图层1","type":"image","name":"role10/图层1","transform":{"skX":-89.3896,"skY":-89.3896,"y":9.0643,"x":25.6381}}],"name":"图层11"},{"display":[{"path":"role10/图层4","type":"image","name":"role10/图层4","transform":{"y":-7.4168,"x":-45.9906}}],"name":"图层4"},{"display":[{"path":"role10/图层2","type":"image","name":"role10/图层2","transform":{"skX":90,"skY":90,"y":15.8094,"x":60.8168}}],"name":"图层21"}],"name":""}],"name":"Armature","ik":[]}]}