{"frameRate":24,"name":"Level_2","version":"5.5","compatibleVersion":"5.5","armature":[{"type":"Armature","frameRate":24,"name":"Level_2","aabb":{"x":-180.2,"y":-307.49,"width":360.4,"height":275.67},"bone":[{"name":"root","transform":{"y":-120.02000000000001}}],"slot":[{"name":"Body","parent":"root"},{"name":"Logo_1","parent":"root"},{"displayIndex":-1,"name":"Logo_21","parent":"root"},{"name":"Led","parent":"root"},{"name":"Led1","parent":"root"},{"name":"Led2","parent":"root"},{"name":"Led3","parent":"root"},{"name":"Led4","parent":"root"},{"name":"Led5","parent":"root"}],"skin":[{"slot":[{"name":"Led5","display":[{"name":"Led","transform":{"x":104.2,"y":-90.53}}]},{"name":"Body","display":[{"name":"Body","transform":{"y":-40.32}}]},{"name":"Led4","display":[{"name":"Led","transform":{"x":53.49,"y":-69.36}}]},{"name":"Logo_1","display":[{"name":"Logo_1","transform":{"x":-68.52,"y":-24.16,"scX":0.22,"scY":0.22}}]},{"name":"Led1","display":[{"name":"Led","transform":{"x":-72.74,"y":-133.25}}]},{"name":"Led","display":[{"name":"Led","transform":{"x":-115.62,"y":-79.53}}]},{"name":"Led3","display":[{"name":"Led","transform":{"x":1.09,"y":-9.74}}]},{"name":"Led2","display":[{"name":"Led","transform":{"x":-16.83,"y":-155.51}}]}]}],"animation":[{"duration":50,"playTimes":0,"name":"Idle","slot":[{"name":"Logo_1","displayFrame":[{"duration":32},{"duration":16,"value":-1},{"duration":2}]},{"name":"Led","displayFrame":[{"duration":20},{"duration":10,"value":-1},{"duration":20}]},{"name":"Led1","displayFrame":[{"duration":10},{"duration":10,"value":-1},{"duration":30}]},{"name":"Led2","displayFrame":[{"duration":30},{"duration":10,"value":-1},{"duration":10}]},{"name":"Led3","displayFrame":[{"duration":10},{"duration":10,"value":-1},{"duration":30}]},{"name":"Led4","displayFrame":[{"duration":30},{"duration":10,"value":-1},{"duration":10}]},{"name":"Led5","displayFrame":[{"duration":20},{"duration":10,"value":-1},{"duration":20}]}]},{"duration":50,"playTimes":0,"name":"Producing","slot":[{"name":"Logo_1","displayFrame":[{"duration":32},{"duration":16,"value":-1},{"duration":2}]},{"name":"Led","displayFrame":[{"duration":20},{"duration":10,"value":-1},{"duration":20}]},{"name":"Led1","displayFrame":[{"duration":10},{"duration":10,"value":-1},{"duration":30}]},{"name":"Led2","displayFrame":[{"duration":30},{"duration":10,"value":-1},{"duration":10}]},{"name":"Led3","displayFrame":[{"duration":10},{"duration":10,"value":-1},{"duration":30}]},{"name":"Led4","displayFrame":[{"duration":30},{"duration":10,"value":-1},{"duration":10}]},{"name":"Led5","displayFrame":[{"duration":20},{"duration":10,"value":-1},{"duration":20}]}]}],"defaultActions":[{"gotoAndPlay":"Idle"}]}]}