[{"__type__":"cc.Prefab","_name":"StoreProduct","data":{"__id__":1}},{"__type__":"cc.Node","_name":"StoreProduct","_children":[{"__id__":2}],"_level":1,"_components":[{"__type__":"cc.Button","node":{"__id__":1},"zoomScale":0.9,"_N$transition":3,"transition":3}],"_prefab":{"__type__":"cc.PrefabInfo","root":{"__id__":1},"asset":{"__uuid__":"82zuICLBVPYKzyKVNCeD8x"},"fileId":"afk+0NwVlLK5FoSpJC76Vf"},"_contentSize":{"__type__":"cc.Size","width":250,"height":250},"groupIndex":2},{"__type__":"cc.Node","_name":"KW_BALL_SHOW_BG","_parent":{"__id__":1},"_children":[{"__id__":3},{"__id__":6},{"__id__":7}],"_level":2,"_components":[{"__type__":"cc.Sprite","node":{"__id__":2},"_materials":[{"__uuid__":"ecpdLyjvZBwrvm+cedCcQy"}],"_spriteFrame":{"__uuid__":"a2MjXRFdtLlYQ5ouAFv/+R"},"_sizeMode":0},{"__type__":"cc.Button","node":{"__id__":2},"_enabled":false,"zoomScale":0.9,"_N$transition":3,"transition":3}],"_prefab":{"__type__":"cc.PrefabInfo","root":{"__id__":1},"asset":{"__uuid__":"82zuICLBVPYKzyKVNCeD8x"},"fileId":"9fmfwbIspOfYOn/CDDtCmF"},"_color":{"__type__":"cc.Color"},"_contentSize":{"__type__":"cc.Size","width":250,"height":250}},{"__type__":"cc.Node","_name":"KW_IMG_BALL_BODY","_parent":{"__id__":2},"_children":[{"__id__":4},{"__id__":5}],"_level":3,"_components":[{"__type__":"cc.Sprite","node":{"__id__":3},"_materials":[{"__uuid__":"ecpdLyjvZBwrvm+cedCcQy"}],"_spriteFrame":{"__uuid__":"feHqrFvtlAfaInx+q2uJ+7"},"_sizeMode":0}],"_prefab":{"__type__":"cc.PrefabInfo","root":{"__id__":1},"asset":{"__uuid__":"82zuICLBVPYKzyKVNCeD8x"},"fileId":"31ammRVrxFJ6MAt6jXU5aZ"},"_contentSize":{"__type__":"cc.Size","width":150,"height":150},"_position":{"__type__":"cc.Vec3","y":29.314}},{"__type__":"cc.Node","_name":"KW_IMG_LEVEL_BG","_parent":{"__id__":3},"_active":false,"_level":3,"_components":[{"__type__":"cc.Sprite","node":{"__id__":4},"_materials":[{"__uuid__":"ecpdLyjvZBwrvm+cedCcQy"}],"_spriteFrame":{"__uuid__":"afl0aLkaBKsoehL1zI9poV"},"_sizeMode":0}],"_prefab":{"__type__":"cc.PrefabInfo","root":{"__id__":1},"asset":{"__uuid__":"82zuICLBVPYKzyKVNCeD8x"},"fileId":"04L2Ssvl9IEo9uhzZWIx8g"},"_contentSize":{"__type__":"cc.Size","width":65,"height":70},"_position":{"__type__":"cc.Vec3","x":51.294,"y":-44.056}},{"__type__":"cc.Node","_name":"KW_TEXT_COUNT","_parent":{"__id__":3},"_active":false,"_level":3,"_components":[{"__type__":"cc.Label","node":{"__id__":5},"_materials":[{"__uuid__":"ecpdLyjvZBwrvm+cedCcQy"}],"_useOriginalSize":false,"_string":"3","_N$string":"3","_fontSize":50,"_N$horizontalAlign":1,"_N$verticalAlign":1}],"_prefab":{"__type__":"cc.PrefabInfo","root":{"__id__":1},"asset":{"__uuid__":"82zuICLBVPYKzyKVNCeD8x"},"fileId":"42eIU3CXJLGZakHpayF2Mr"},"_color":{"__type__":"cc.Color","r":247},"_contentSize":{"__type__":"cc.Size","width":27.81,"height":50.4},"_position":{"__type__":"cc.Vec3","x":53.637,"y":-37.364}},{"__type__":"cc.Node","_name":"KW_TEXT_LEVEL","_parent":{"__id__":2},"_level":3,"_components":[{"__type__":"cc.Label","node":{"__id__":6},"_materials":[{"__uuid__":"ecpdLyjvZBwrvm+cedCcQy"}],"_useOriginalSize":false,"_string":"1级","_N$string":"1级","_fontSize":50,"_N$horizontalAlign":1,"_N$verticalAlign":1}],"_prefab":{"__type__":"cc.PrefabInfo","root":{"__id__":1},"asset":{"__uuid__":"82zuICLBVPYKzyKVNCeD8x"},"fileId":"80kh59x49Kb6vT+0YihkD0"},"_color":{"__type__":"cc.Color","r":255},"_contentSize":{"__type__":"cc.Size","width":77.81,"height":50.4},"_position":{"__type__":"cc.Vec3","y":29.495}},{"__type__":"cc.Node","_name":"KW_TEXT_PRICE","_parent":{"__id__":2},"_level":3,"_components":[{"__type__":"cc.Label","node":{"__id__":7},"_materials":[{"__uuid__":"ecpdLyjvZBwrvm+cedCcQy"}],"_useOriginalSize":false,"_string":"1000金币","_N$string":"1000金币","_fontSize":50,"_N$horizontalAlign":1,"_N$verticalAlign":1}],"_prefab":{"__type__":"cc.PrefabInfo","root":{"__id__":1},"asset":{"__uuid__":"82zuICLBVPYKzyKVNCeD8x"},"fileId":"91rR5Q9PZBWLQJpuWLsMU8"},"_color":{"__type__":"cc.Color","r":255,"g":255},"_contentSize":{"__type__":"cc.Size","width":211.23,"height":50.4},"_position":{"__type__":"cc.Vec3","x":6.453,"y":-73.698}}]