{"frameRate":24,"name":"CannonTower","version":"5.5","compatibleVersion":"5.5","armature":[{"type":"Armature","frameRate":24,"name":"Level_1","aabb":{"x":-97.93,"y":-433.35,"width":195,"height":434},"bone":[{"name":"root","transform":{"y":-79.8141}}],"slot":[{"name":"CannonTower","parent":"root"},{"name":"Light","parent":"root"}],"skin":[{"slot":[{"name":"Light","display":[{"name":"Light","transform":{"x":-4.12,"y":-82.72},"path":"Level_1_Light"}]},{"name":"CannonTower","display":[{"name":"CannonTower","transform":{"x":-0.43,"y":-136.54},"path":"Level_1_CannonTower"}]}]}],"animation":[{"duration":45,"playTimes":0,"name":"Idle","slot":[{"name":"Light","colorFrame":[{"duration":15,"tweenEasing":0,"value":{"aM":28}},{"duration":7,"tweenEasing":0,"value":{"aM":67}},{"duration":16,"tweenEasing":0},{"duration":7,"tweenEasing":0},{"duration":0,"value":{"aM":28}}]}]}],"defaultActions":[{"gotoAndPlay":"Idle"}]},{"type":"Armature","frameRate":24,"name":"Level_2","aabb":{"x":-97.93,"y":-433.35,"width":195,"height":434},"bone":[{"name":"root","transform":{"y":-79.81}}],"slot":[{"name":"CannonTower","parent":"root"},{"name":"Light","parent":"root"}],"skin":[{"slot":[{"name":"Light","display":[{"name":"Light","transform":{"x":-4.12,"y":-82.72},"path":"Level_2_Light"}]},{"name":"CannonTower","display":[{"name":"CannonTower","transform":{"x":-0.43,"y":-136.54},"path":"Level_2_CannonTower"}]}]}],"animation":[{"duration":45,"playTimes":0,"name":"Idle","slot":[{"name":"Light","colorFrame":[{"duration":15,"tweenEasing":0,"value":{"aM":28}},{"duration":7,"tweenEasing":0,"value":{"aM":67}},{"duration":16,"tweenEasing":0},{"duration":7,"tweenEasing":0},{"duration":0,"value":{"aM":28}}]}]}],"defaultActions":[{"gotoAndPlay":"Idle"}]},{"type":"Armature","frameRate":24,"name":"Level_3","aabb":{"x":-97.93,"y":-433.35,"width":195,"height":434},"bone":[{"name":"root","transform":{"y":-79.81}}],"slot":[{"name":"CannonTower","parent":"root"},{"name":"Light","parent":"root"}],"skin":[{"slot":[{"name":"Light","display":[{"name":"Light","transform":{"x":-4.12,"y":-82.72},"path":"Level_3_Light"}]},{"name":"CannonTower","display":[{"name":"CannonTower","transform":{"x":-0.43,"y":-136.54},"path":"Level_3_CannonTower"}]}]}],"animation":[{"duration":45,"playTimes":0,"name":"Idle","slot":[{"name":"Light","colorFrame":[{"duration":15,"tweenEasing":0,"value":{"aM":28}},{"duration":7,"tweenEasing":0,"value":{"aM":67}},{"duration":16,"tweenEasing":0},{"duration":7,"tweenEasing":0},{"duration":0,"value":{"aM":28}}]}]}],"defaultActions":[{"gotoAndPlay":"Idle"}]},{"type":"Armature","frameRate":24,"name":"Level_4","aabb":{"x":-158.43,"y":-445.35,"width":316,"height":481},"bone":[{"name":"root","transform":{"y":-68.3144}}],"slot":[{"name":"CannonTower","parent":"root"},{"name":"Light","parent":"root"}],"skin":[{"slot":[{"name":"Light","display":[{"name":"Light","transform":{"x":-0.89,"y":-92.2},"path":"Level_4_Light"}]},{"name":"CannonTower","display":[{"name":"CannonTower","transform":{"x":-0.43,"y":-136.54},"path":"Level_4_CannonTower"}]}]}],"animation":[{"duration":45,"playTimes":0,"name":"Idle","slot":[{"name":"Light","colorFrame":[{"duration":15,"tweenEasing":0,"value":{"aM":28}},{"duration":7,"tweenEasing":0,"value":{"aM":67}},{"duration":16,"tweenEasing":0},{"duration":7,"tweenEasing":0},{"duration":0,"value":{"aM":28}}]}]}],"defaultActions":[{"gotoAndPlay":"Idle"}]},{"type":"Armature","frameRate":24,"name":"Level_5","aabb":{"x":-158.43,"y":-445.3,"width":316,"height":481},"bone":[{"name":"root","transform":{"y":-68.2629}}],"slot":[{"name":"CannonTower","parent":"root"},{"name":"Light","parent":"root"}],"skin":[{"slot":[{"name":"CannonTower","display":[{"name":"CannonTower","transform":{"x":-0.43,"y":-136.54},"path":"Level_5_CannonTower"}]},{"name":"Light","display":[{"name":"Light","transform":{"x":0.73,"y":-93.95},"path":"Level_5_Light"}]}]}],"animation":[{"duration":45,"playTimes":0,"name":"Idle","slot":[{"name":"Light","colorFrame":[{"duration":15,"tweenEasing":0,"value":{"aM":28}},{"duration":7,"tweenEasing":0,"value":{"aM":67}},{"duration":16,"tweenEasing":0},{"duration":7,"tweenEasing":0},{"duration":0,"value":{"aM":28}}]}]}],"defaultActions":[{"gotoAndPlay":"Idle"}]},{"type":"Armature","frameRate":24,"name":"Level_0","aabb":{"x":-225,"y":-94.5,"width":450,"height":189},"bone":[{"name":"root"}],"slot":[{"name":"Dirt_Site","parent":"root"},{"name":"铲","parent":"root"}],"skin":[{"slot":[{"name":"铲","display":[{"name":"BuildableUpgrading/铲","transform":{"x":35.28,"y":-9}},{"name":"BuildableUpgrading/倒","transform":{"x":44.82,"y":-11.16}}]},{"name":"Dirt_Site","display":[{"name":"BuildableUpgrading/Dirt_Site"}]}]}],"animation":[{"duration":18,"playTimes":0,"name":"Idle","slot":[{"name":"铲","displayFrame":[{"duration":9},{"duration":9,"value":1},{"duration":0}]}]}],"defaultActions":[{"gotoAndPlay":"Idle"}]}]}