{"frameRate":24,"name":"Level_3","version":"5.5","compatibleVersion":"5.5","armature":[{"type":"Armature","frameRate":24,"name":"Level_3","aabb":{"x":-162.52,"y":-360.4,"width":327.53,"height":334.56},"bone":[{"name":"root","transform":{"y":-130.1792}}],"slot":[{"name":"Body","parent":"root"},{"name":"Logo","parent":"root"},{"name":"Led","parent":"root"},{"name":"Led1","parent":"root"},{"name":"Led2","parent":"root"},{"name":"Led3","parent":"root"},{"name":"Led4","parent":"root"},{"name":"Led5","parent":"root"},{"name":"Led6","parent":"root"},{"name":"Led7","parent":"root"}],"skin":[{"slot":[{"name":"Led4","display":[{"name":"Led","transform":{"x":11.89,"y":36.25}}]},{"name":"Led2","display":[{"name":"Led","transform":{"x":0.01,"y":-27.61}}]},{"name":"Led3","display":[{"name":"Led","transform":{"x":11.81,"y":5.7}}]},{"name":"Logo","display":[{"name":"Logo","transform":{"x":145.29,"y":-71.29}}]},{"name":"Led7","display":[{"name":"Led","transform":{"x":120.81,"y":-80.11}}]},{"name":"Led1","display":[{"name":"Led","transform":{"x":-39.7,"y":-58.35}}]},{"name":"Led","display":[{"name":"Led","transform":{"x":-72.85,"y":-74}}]},{"name":"Led6","display":[{"name":"Led","transform":{"x":55.98,"y":-119.12}}]},{"name":"Body","display":[{"name":"Body","transform":{"y":-62.94}}]},{"name":"Led5","display":[{"name":"Led","transform":{"x":28.26,"y":-71.46}}]}]}],"animation":[{"duration":60,"playTimes":0,"name":"Idle","slot":[{"name":"Logo","displayFrame":[{"duration":10},{"duration":10,"value":-1},{"duration":30},{"duration":10,"value":-1},{"duration":0}]},{"name":"Led","displayFrame":[{"duration":20},{"duration":10,"value":-1},{"duration":20},{"duration":10,"value":-1},{"duration":0}]},{"name":"Led1","displayFrame":[{"duration":10},{"duration":10,"value":-1},{"duration":30},{"duration":10,"value":-1},{"duration":0}]},{"name":"Led2","displayFrame":[{"duration":20},{"duration":10,"value":-1},{"duration":10},{"duration":10,"value":-1},{"duration":10}]},{"name":"Led3","displayFrame":[{"duration":10},{"duration":10,"value":-1},{"duration":30},{"duration":10,"value":-1},{"duration":0}]},{"name":"Led4","displayFrame":[{"duration":20},{"duration":10,"value":-1},{"duration":10},{"duration":10,"value":-1},{"duration":10}]},{"name":"Led5","displayFrame":[{"duration":10},{"duration":10,"value":-1},{"duration":30},{"duration":10,"value":-1},{"duration":0}]},{"name":"Led6","displayFrame":[{"duration":20},{"duration":10,"value":-1},{"duration":10},{"duration":10,"value":-1},{"duration":10}]},{"name":"Led7","displayFrame":[{"duration":40},{"duration":10,"value":-1},{"duration":10}]}]},{"duration":60,"playTimes":0,"name":"Producing","slot":[{"name":"Led","displayFrame":[{"duration":20},{"duration":10,"value":-1},{"duration":20},{"duration":10,"value":-1},{"duration":0}]},{"name":"Led1","displayFrame":[{"duration":10},{"duration":10,"value":-1},{"duration":30},{"duration":10,"value":-1},{"duration":0}]},{"name":"Led2","displayFrame":[{"duration":20},{"duration":10,"value":-1},{"duration":10},{"duration":10,"value":-1},{"duration":10}]},{"name":"Led3","displayFrame":[{"duration":10},{"duration":10,"value":-1},{"duration":30},{"duration":10,"value":-1},{"duration":0}]},{"name":"Led4","displayFrame":[{"duration":20},{"duration":10,"value":-1},{"duration":10},{"duration":10,"value":-1},{"duration":10}]},{"name":"Led5","displayFrame":[{"duration":10},{"duration":10,"value":-1},{"duration":30},{"duration":10,"value":-1},{"duration":0}]},{"name":"Led6","displayFrame":[{"duration":20},{"duration":10,"value":-1},{"duration":10},{"duration":10,"value":-1},{"duration":10}]},{"name":"Led7","displayFrame":[{"duration":40},{"duration":10,"value":-1},{"duration":10}]}]}],"defaultActions":[{"gotoAndPlay":"Idle"}]}]}